Date,Price,TV,TC,TPC,TNC,NC,NPC,NNC,SI,SIR,VMP,PCR,SVI-T,SVI-S,SVI,SHOUT
1/2/2015,49.849,5357387,0,0,0,0,0,0,35930814.5,2.889796337,0.5159935,0,41.66666667,37.5,79.16666667,60246000
1/9/2015,47.041,9017376,0,0,0,2213,98,-45,36240064,2.585949968,0.5573025,0.935988354,68.33333333,46.5,114.8333333,60246000
1/16/2015,48.191,11844043,0,0,0,2601,98,-31,38274089,2.21744113,0.548545,0.880860106,61.66666667,57,118.6666667,60246000
1/23/2015,62.494,23602891,0,0,0,3391,331,-50,40308114,1.848932293,0.305274,1.004812907,230,159,389,60416000
1/30/2015,63.114,14092325,851,40,-26,1786,65,-24,42342139,1.480423455,0.3350555,0.887768201,108.3333333,108,216.3333333,60498000
2/6/2015,63.48,9276228,5114,317,-576,2100,79,-71,41282493,2.361553909,0.317772,0.850319921,66.66666667,79.5,146.1666667,60498000
2/13/2015,66.586,8418038,7719,229,-123,2347,59,-113,40222847,3.242684362,0.304456,0.991308286,70,82.5,152.5,60498000
2/20/2015,68.314,5901401,2294,155,-44,920,27,-11,37666002.5,3.46514923,0.2773825,1.013461476,61.66666667,60,121.6666667,60498000
2/27/2015,67.844,6323820,12440,185,-71,2487,96,-40,35109158,3.687614098,0.2736925,1.027461607,58.33333333,72,130.3333333,60498000
3/6/2015,64.874,8453775,4571,129,-113,2170,89,-41,36306669,3.20941112,0.304609,0.98373275,38.33333333,72,110.3333333,60498000
3/13/2015,62.629,11149983,3735,177,-210,1776,79,-48,37504180,2.731208142,0.4056195,1.096303231,50,63,113,60498000
3/20/2015,61.185,12127360,3943,291,-375,1771,58,-67,36143873.5,2.460759371,0.4594485,1.005216247,58.33333333,54,112.3333333,60498000
3/27/2015,59.253,11140762,4842,344,-161,1798,78,-24,34783567,2.190310601,0.5121885,0.852273941,58.33333333,61.5,119.8333333,60498000
4/3/2015,59.154,7425648,2519,120,-70,1123,39,-18,35974662.5,1.943715285,0.48406,0.785881173,43.33333333,46.5,89.83333333,60498000
4/10/2015,64.939,11251455,5876,401,-113,2393,126,-39,37165758,1.697119969,0.497855,0.859112295,58.33333333,60,118.3333333,60498000
4/17/2015,81.65,39467245,17252,5397,-905,4307,533,-68,39972362.5,1.661285665,0.331355,0.786183125,310,252,562,60621000
4/24/2015,79.771,11773439,7200,391,-231,2342,135,-33,42778967,1.625451361,0.264129,0.836977939,140,171,311,60621000
5/1/2015,79.576,7577557,3643,195,-115,1771,79,-22,39393141.67,1.777205633,0.251635,0.923132059,73.33333333,96,169.3333333,60623000
5/8/2015,82.086,10081902,3817,409,-119,1725,99,-39,36007316.33,1.928959906,0.2518905,0.883695369,70,91.5,161.5,60623000
5/15/2015,87.607,13253386,3082,276,-52,1772,111,-28,32621491,2.080714179,0.2754165,0.815450139,98.33333333,106.5,204.8333333,60623000
5/22/2015,88.839,9425075,6634,1032,-373,1725,62,-22,30155993,2.198496506,0.2529265,0.91626538,106.6666667,123,229.6666667,60623000
5/29/2015,89.151,5804061,4352,257,-172,1504,67,-21,27690495,2.316278833,0.2601785,1.010127877,61.66666667,78,139.6666667,60623000
6/5/2015,90.46,6457480,4851,298,-185,1876,51,-19,29979491.5,2.084212426,0.2837615,0.86423428,58.33333333,90,148.3333333,60623000
6/12/2015,94.419,18118983,10120,1489,-474,3282,188,-61,32268488,1.852146019,0.403128,0.824208805,133.3333333,147,280.3333333,60623000
6/19/2015,93.871,10521492,6233,463,-219,2152,120,-56,30781474.5,1.506403936,0.4710495,0.739535168,85,111,196,60623000
6/26/2015,93.089,25721236,13782,1546,-1154,2816,168,-80,29294461,1.160661853,0.4875425,0.931471227,225,294,519,60623000
7/3/2015,94.044,9589168,3857,293,-301,985,61,-15,28028016,1.268860335,0.479051,0.941014593,125,174,299,60623000
7/10/2015,97.229,12089273,4900,741,-218,1419,71,-28,26761571,1.377058816,0.500892,0.864539382,116.6666667,135,251.6666667,60623000
7/17/2015,114.77,125638156,20168,5180,-1102,4608,423,-66,27310361,1.453614851,0.313305,0.8714571,508.3333333,480,988.3333333,424361000
7/24/2015,109.34,63459670,5574,546,-360,1738,78,-23,27859151,1.530170887,0.317201,0.990082072,233.3333333,256.5,489.8333333,424361000
7/31/2015,114.31,59564789,6289,317,-189,2100,96,-27,28407941,1.606726922,0.3280665,0.719826846,156.6666667,189,345.6666667,426005000
8/7/2015,123.52,108574310,14148,1458,-722,2937,197,-48,29498055.5,1.694086908,0.4514095,0.85412796,220,241.5,461.5,426005000
8/14/2015,123.39,62660950,8352,539,-437,1909,96,-28,30588170,1.781446894,0.4007125,0.883005742,166.6666667,183,349.6666667,426005000
8/21/2015,103.96,89722028,7431,481,-883,1867,115,-61,33274875.5,1.554332963,0.6206985,1.132443427,188.3333333,193.5,381.8333333,426005000
8/28/2015,117.63,190358950,13730,1089,-1056,2364,120,-70,35961581,1.327219032,0.600438,1.089830638,411.6666667,438,849.6666667,426005000
9/4/2015,98.79,145908290,20447,674,-1889,3366,100,-64,38613464,1.386714909,0.710278,1.242940228,316.6666667,279,595.6666667,426005000
9/11/2015,97.51,117215710,10162,591,-673,3013,79,-24,41265347,1.446210786,0.670647,0.890189852,238.3333333,225,463.3333333,426005000
9/18/2015,102.62,113443000,7917,425,-599,1870,46,-19,41364829.5,1.796916618,0.6685685,0.91166808,238.3333333,186,424.3333333,426005000
9/25/2015,102.24,85082270,10110,441,-1063,2611,66,-35,41464312,2.14762245,0.7769525,1.001326892,176.6666667,157.5,334.1666667,426005000
10/2/2015,106.11,90244910,8134,453,-245,2225,64,-24,42028412,1.940063075,0.8430825,0.863351583,165,153,318,426005000
10/9/2015,113.33,119308150,10275,1622,-425,1915,172,-24,42592512,1.732503701,0.758384,0.866879143,206.6666667,159,365.6666667,426005000
10/16/2015,98.99,130667750,21169,2118,-4643,3535,272,-115,43241172,2.082606653,0.4774845,0.887504952,368.3333333,234,602.3333333,426005000
10/23/2015,100.04,91569460,14475,482,-630,2491,49,-23,43889832,2.432709605,0.4390645,0.744549811,205,154.5,359.5,427388000
10/30/2015,108.38,62586590,7543,407,-203,1928,36,-10,44538492,2.782812558,0.393186,0.659594149,158.3333333,153,311.3333333,427388000
11/6/2015,114.06,66206420,11396,328,-195,2076,71,-19,45286301.5,3.020646854,0.41667,0.585797574,171.6666667,135,306.6666667,427388000
11/13/2015,103.65,74597340,12866,313,-1357,2178,82,-24,46034111,3.258481151,0.4808445,0.756404445,125,124.5,249.5,427388000
11/20/2015,123.84,113268550,12181,728,-362,1873,82,-28,48757068,3.06683416,0.440438,0.718278099,178.3333333,139.5,317.8333333,427388000
11/27/2015,125.44,51606474,5415,213,-395,1170,31,-15,51480025,2.875187169,0.429718,0.756581291,115,112.5,227.5,427388000
12/4/2015,130.93,97147810,9463,754,-469,2085,53,-17,51110816,2.809859943,0.4242235,0.761829764,153.3333333,139.5,292.8333333,427388000
12/11/2015,118.91,89189320,11301,449,-604,2954,86,-25,50741607,2.744532717,0.521276,0.96782143,141.6666667,139.5,281.1666667,427388000
12/18/2015,118.02,78739410,9234,497,-363,2243,80,-48,49396063.5,3.637908812,0.5957485,0.840800248,143.3333333,139.5,282.8333333,427388000
12/25/2015,117.33,34180314,6243,271,-226,1465,58,-32,48050520,4.531284907,0.589509,0.849720972,90,91.5,181.5,427388000
1/1/2016,114.38,33946022,6873,384,-137,1352,44,-22,49376871.33,3.779368186,0.6440005,0.880179419,96.66666667,91.5,188.1666667,427388000
1/8/2016,111.39,122898260,31552,1919,-1227,6240,86,-101,50703222.67,3.027451465,0.6974885,0.845601763,236.6666667,266.4,503.0666667,427388000
1/15/2016,104.04,105184530,20475,753,-1858,3634,38,-38,52029574,2.275534744,0.7588145,0.978439653,188.3333333,207,395.3333333,427388000
1/22/2016,100.72,145779690,27426,4850,-2519,4395,302,-102,52581822.5,2.059098246,0.5528435,0.973323146,321.6666667,300.6,622.2666667,427388000
1/29/2016,91.84,112769880,14794,849,-915,2687,27,-30,53134071,1.842661748,0.4994825,0.830682769,228.3333333,208.8,437.1333333,428081000
2/5/2016,82.79,113979430,8726,632,-458,2163,23,-23,54138542,2.125425117,0.605912,0.956386965,215,196.2,411.2,428081000
2/12/2016,87.4,114852450,9371,509,-571,2441,9,-33,55143013,2.408188485,0.5551235,1.033246192,200,205.2,405.2,428081000
2/19/2016,89.23,66559370,4471,396,-210,1395,6,-19,54482117.5,2.883789812,0.5124075,0.934291756,118.3333333,136.8,255.1333333,428081000
2/26/2016,94.79,79820830,6454,327,-242,2141,12,-8,53821222,3.359391139,0.488037,0.705125083,120,138.6,258.6,428081000
3/4/2016,101.58,88468580,6825,253,-274,2219,8,-18,52021704.5,3.222916408,0.4518495,0.822154903,146.6666667,135,281.6666667,428081000
3/11/2016,97.66,83020850,7137,338,-392,1866,17,-28,50222187,3.086441678,0.526175,0.684438784,138.3333333,144,282.3333333,428081000
3/18/2016,101.12,62775795,5498,182,-117,1812,5,-12,49961727.5,3.607180357,0.578075,0.807252748,131.6666667,106.2,237.8666667,428081000
3/25/2016,98.36,37583936,2769,109,-95,1403,10,-12,49701268,4.127919037,0.6111775,0.79351486,91.66666667,111.6,203.2666667,428081000
4/1/2016,105.7,67029498,9137,414,-569,1953,21,-33,44641279,3.795359361,0.63427,0.556871331,121.6666667,118.8,240.4666667,428081000
4/8/2016,103.81,49175835,5896,393,-315,1704,22,-27,39581290,3.462799684,0.6266055,0.8138914,103.3333333,108,211.3333333,428081000
4/15/2016,111.51,57816938,7726,445,-262,1842,36,-37,34521301,3.130240007,0.54281,0.644830994,126.6666667,126,252.6666667,428081000
4/22/2016,95.9,147676440,27342,2269,-4586,5070,160,-375,36112819,2.426419555,0.357151,0.931950585,376.6666667,270,646.6666667,428289000
4/29/2016,90.03,67873430,7405,233,-604,2374,20,-23,37704337,1.722599102,0.3672935,0.97889919,156.6666667,131.4,288.0666667,428299000
5/6/2016,90.84,51287815,6318,311,-147,2014,4,-3,37594969,2.48096468,0.3475955,0.973003361,131.6666667,124.2,255.8666667,428299000
5/13/2016,87.88,64328134,5581,135,-166,1974,9,-8,37485601,3.239330257,0.3731585,0.862172561,126.6666667,113.4,240.0666667,428299000
5/20/2016,92.49,63182360,8340,205,-258,2553,5,-7,38251830.5,3.056579111,0.3372295,1.062209325,113.3333333,124.2,237.5333333,428299000
5/27/2016,103.3,77252290,14043,680,-934,2521,46,-20,39018060,2.873827966,0.3244325,0.788331786,186.6666667,149.4,336.0666667,428299000
6/3/2016,99.59,34297300,3759,130,-101,1261,11,-4,37703943.5,3.422140586,0.322487,0.77377789,105,99,204,428299000
6/10/2016,93.75,44519547,7483,381,-135,1985,18,-13,36389827,3.970453207,0.3945985,0.751340346,103.3333333,104.4,207.7333333,428299000
6/17/2016,94.45,46196034,8452,252,-155,2075,6,-17,35184776.5,3.575953145,0.4882805,0.806687398,98.33333333,90,188.3333333,428299000
6/24/2016,88.44,55629251,8325,319,-689,1837,34,-22,33979726,3.181453084,0.5403015,0.756458387,130,97.2,227.2,428299000
7/1/2016,96.67,62136141,8069,321,-780,2068,29,-22,33298503.33,2.944983731,0.521045,0.758473708,161.6666667,131.4,293.0666667,428299000
7/8/2016,97.06,60371071,8416,405,-519,1880,33,-78,32617280.67,2.708514379,0.5366685,0.575456881,130,102.6,232.6,428299000
7/15/2016,98.39,52480861,7549,748,-320,2230,29,-41,31936058,2.472045027,0.504496,0.658597674,130,111.6,241.6,428299000
7/22/2016,85.89,132956260,25675,1955,-6174,5057,146,-441,32949965.5,2.125333957,0.311066,0.982811474,463.3333333,324,787.3333333,428725000
7/29/2016,91.25,55547801,10220,559,-367,2485,30,-23,33963873,1.778622888,0.29341,0.781105312,188.3333333,165.6,353.9333333,428725000
8/5/2016,97.03,51879842,6059,290,-216,1783,13,-9,33441317.5,2.696049205,0.3145875,0.576496817,143.3333333,104.4,247.7333333,428725000
8/12/2016,96.59,40916368,7093,290,-274,1951,10,-26,32918762,3.613475521,0.3019925,0.628569704,115,100.8,215.8,428725000
8/19/2016,95.87,36020992,5454,158,-367,1328,9,-13,32820882,4.189426031,0.2761615,0.702803198,103.3333333,64.8,168.1333333,428725000
8/26/2016,97.58,34730731,7870,486,-194,1766,26,-12,32723002,4.765376541,0.2642075,0.74905015,83.33333333,72,155.3333333,428725000
9/2/2016,97.38,27165489,12852,259,-160,2067,26,-13,33088723.5,4.778765686,0.269773,0.760065653,84.28571429,79.45714286,163.7428571,428725000
9/9/2016,96.5,28044393,4270,185,-70,1703,13,-12,33454445,4.792154831,0.318972,0.712526742,73.80952381,94.11428571,167.9238095,428725000
9/16/2016,99.48,42744637,5527,198,-269,2019,28,-41,33260102.67,4.401058376,0.3620255,0.710146714,96.42857143,78.68571429,175.1142857,428725000
9/23/2016,95.94,50753174,6738,241,-425,2216,18,-41,33065760.33,4.00996192,0.4597645,0.767513157,80.95238095,78.68571429,159.6380952,428725000
9/30/2016,98.55,39660793,5348,161,-283,2018,14,-15,32871418,3.618865465,0.489817,0.643229379,80.95238095,78.68571429,159.6380952,428725000
10/7/2016,104.82,55616608,13137,941,-774,2675,67,-19,31424147.5,3.35878388,0.5300865,0.728608001,127.3809524,128.0571429,255.4380952,428725000
10/14/2016,101.47,40963519,6285,427,-520,1670,27,-33,29976877,3.098702296,0.5433645,0.734453048,92.85714286,103.3714286,196.2285714,428725000
10/21/2016,127.5,122911070,25353,6917,-1725,5513,515,-132,30344035.5,2.500295534,0.368788,0.787835955,351.1904762,402.6857143,753.8761905,429145000
10/28/2016,126.57,46753218,12054,792,-591,2865,43,-9,30711194,1.901888773,0.3141775,0.827010508,147.6190476,178.9714286,326.5904762,429145000
11/4/2016,122.03,28121273,7668,185,-276,2223,10,-8,29701526,2.737771695,0.334841,0.889042854,78.57142857,129.6,208.1714286,429145000
11/11/2016,114.78,48971912,4780,144,-272,1571,4,-26,28691858,3.573654617,0.3542445,0.947340903,96.42857143,123.4285714,219.8571429,429145000
11/18/2016,115.21,36262396,4214,305,-160,1750,22,-29,27748578,4.050548915,0.314859,0.753436154,78.57142857,111.0857143,189.6571429,429145000
11/25/2016,117.41,20195550,6051,164,-108,1490,26,-5,26805298,4.527443213,0.2875645,0.688761336,47.61904762,83.31428571,130.9333333,429145000
12/2/2016,120.81,37611051,17917,182,-124,2931,14,-14,26274534.5,3.999068533,0.3091775,0.804659694,77.38095238,108,185.3809524,429145000
12/9/2016,122.88,40990062,7225,435,-247,1943,24,-14,25743771,3.470693852,0.3249865,0.622711045,77.38095238,109.5428571,186.9238095,429145000
12/16/2016,124.22,30783689,6493,161,-126,2911,9,-18,25144985,3.98263529,0.403749,0.647723025,75,86.4,161.4,429145000
12/23/2016,125.59,21466840,5143,239,-621,1745,19,-8,24546199,4.494576728,0.508619,0.602833312,59.52380952,83.31428571,142.8380952,429145000
12/30/2016,123.8,17545984,3242,162,-79,1115,9,-7,23947413,5.006518166,0.5251215,0.663371292,52.38095238,84.85714286,137.2380952,429145000
1/6/2017,131.07,37566355,4006,309,-186,1470,104,-20,24575687.5,4.089357006,0.538909,0.755489788,71.42857143,100.2857143,171.7142857,429145000
1/13/2017,133.7,33237608,7513,438,-358,2227,209,-42,25203962,3.172195845,0.4938755,0.761043955,80.95238095,118.8,199.752381,429145000
1/20/2017,138.6,60598345,18828,4828,-783,4386,826,-85,24606875,2.778112812,0.2663865,0.841725244,261.9047619,285.4285714,547.3333333,429145000
1/27/2017,142.45,37124433,6322,488,-237,2195,172,-79,24009788,2.384029779,0.290661,0.783411983,101.1904762,172.8,273.9904762,429145000
2/3/2017,140.25,25507308,5912,302,-124,2920,59,-30,23846676,3.320253225,0.2672175,0.944945863,96.42857143,148.1142857,244.5428571,429145000
2/10/2017,144.82,29037419,12382,710,-192,2890,13,-10,23683564,4.256476671,0.2555905,0.694443217,92.85714286,200.5714286,293.4285714,430412000
2/17/2017,142.22,25870798,5601,259,-190,1819,5,-27,23905956,5.320768917,0.2404805,0.796114464,76.19047619,183.6,259.7904762,430412000
2/24/2017,143.25,15007128,2920,128,-58,1770,10,-8,24128348,6.385061162,0.2353035,1.106170869,46.42857143,123.4285714,169.8571429,430412000
3/3/2017,139.14,23449051,10268,353,-235,3046,11,-22,23626534,5.606756406,0.2393625,0.988790823,71.42857143,160.4571429,231.8857143,430412000
3/10/2017,140.89,21402883,5649,598,-368,2022,30,-19,23124720,4.828451649,0.2286495,1.013107094,65.47619048,143.4857143,208.9619048,430412000
3/17/2017,145.11,27049799,8126,558,-377,2240,26,-26,23899600.67,4.973074685,0.3021245,0.92348414,72.61904762,129.6,202.2190476,430412000
3/24/2017,142.02,24774901,6946,209,-326,1984,20,-22,24674481.33,5.11769772,0.3940475,1.059013144,70.23809524,131.1428571,201.3809524,430412000
3/31/2017,147.81,21585324,4130,187,-114,2044,9,-6,25449362,5.262320756,0.4091645,0.9700392,69.04761905,132.6857143,201.7333333,430412000
4/7/2017,143.11,19873196,4962,131,-264,2148,0,0,27235433,6.376589264,0.4156985,1.1083253,66.66666667,128.0571429,194.7238095,430412000
4/14/2017,142.92,18475360,5405,509,-96,1703,0,0,27695439,5.107851122,0.431755,0.89345637,67.85714286,114.1714286,182.0285714,430412000
4/21/2017,142.87,61534692,19018,2500,-2384,7093,0,0,28155445,3.83911298,0.2393495,1.037232653,207.1428571,220.6285714,427.7714286,430993000
4/28/2017,152.2,48776305,11194,1364,-327,3841,0,0,28615451,2.570374838,0.239549,0.741391661,127.3809524,175.8857143,303.2666667,431004000
5/5/2017,156.6,28917112,8952,498,-811,3815,0,0,28602419,3.879348408,0.244451,0.801912202,96.2585034,179.5114286,275.769932,431004000
5/12/2017,160.81,26350105,6797,182,-276,3101,0,0,28589387,5.188321978,0.2384745,0.743355601,81.63265306,163.2342857,244.8669388,431004000
5/19/2017,157.02,26930769,7098,131,-121,4534,0,0,28035120,5.283138266,0.2631725,1.009403599,76.19047619,140.1685714,216.3590476,431004000
5/26/2017,162.43,23463895,7518,713,-566,3090,0,0,27480853,5.377954554,0.254907,0.844249846,87.07482993,134.8457143,221.9205442,431004000
6/2/2017,165.18,18305876,5824,216,-240,2734,5,-5,26965666.5,4.762560634,0.240002,0.847390723,69.3877551,141.9428571,211.3306122,431004000
6/9/2017,158.03,25579867,3275,209,-70,2551,21,-7,26450480,4.147166713,0.2812305,1.087091851,74.82993197,141.9428571,216.7727891,431004000
6/16/2017,152.38,42830221,18596,1536,-278,3391,24,-58,26303377.67,4.219622383,0.3454835,0.954640572,106.122449,170.3314286,276.4538776,431004000
6/23/2017,158.02,27208925,6427,289,-140,2664,14,-20,26156275.33,4.292078052,0.402772,0.617639269,73.46938776,134.8457143,208.315102,431004000
6/30/2017,149.41,31362815,6524,234,-180,3020,9,-16,26009173,4.364533722,0.428792,0.945388822,77.55102041,124.2,201.7510204,431004000
7/7/2017,150.18,19507368,3921,92,-102,1514,3,-9,25874540,4.472438838,0.453449,0.90366525,50.34013605,111.78,162.1201361,431004000
7/14/2017,161.12,30587024,6286,321,-232,3379,38,-19,25739907,4.580343954,0.4228065,0.775935225,85.71428571,115.3285714,201.0428571,431004000
7/21/2017,188.54,92579937,21498,5676,-1284,5941,556,-68,26796805.5,3.426965426,0.321035,0.788412143,391.8367347,466.6371429,858.4738776,431750000
7/28/2017,184.04,36037824,8804,682,-291,2679,35,-15,27853704,2.273586899,0.302818,0.962568823,130.6122449,227.1085714,357.7208163,431750000
8/4/2017,180.27,24792436,6212,174,-223,3133,26,-25,27488904.5,3.323240897,0.281754,0.90817248,117.0068027,189.8485714,306.8553741,431750000
8/11/2017,171.4,34860399,32248,795,-969,6591,52,-233,27124105,4.372894896,0.32333,1.051884745,152.3809524,273.24,425.6209524,431750000
8/18/2017,166.54,32577689,13405,1207,-1590,3609,19,-73,27774882,4.682487157,0.2931935,0.977106182,104.7619048,179.2028571,283.9647619,431750000
8/25/2017,165.95,25405879,6436,199,-529,2530,14,-26,28425659,4.992079418,0.278624,0.790918279,81.63265306,140.1685714,221.8012245,431750000
9/1/2017,174.74,27029034,5210,232,-280,2269,15,-10,28831336.33,5.128767808,0.2681015,0.727896249,78.91156463,118.8771429,197.7887075,431750000
9/8/2017,176.42,23936850,6421,218,-112,2308,19,-20,29237013.67,5.265456198,0.303805,0.79066305,59.86394558,110.0057143,169.8696599,431750000
9/15/2017,182.35,27045654,4633,250,-254,2350,7,-11,29642691,5.402144588,0.3358455,0.756719029,81.63265306,145.4914286,227.1240816,431750000
9/22/2017,187.35,27529615,6868,440,-257,3672,26,-29,28111055,5.050577287,0.4004755,0.768829046,80.27210884,152.5885714,232.8606803,431750000
9/29/2017,181.35,28243607,6222,248,-474,2953,15,-51,26579419,4.699009986,0.404993,0.804548392,89.79591837,145.4914286,235.2873469,431750000
10/6/2017,198.02,55093497,11284,3754,-225,3270,196,-19,26505428.5,3.743793501,0.4403435,0.636928105,140.1360544,196.9457143,337.0817687,431750000
10/13/2017,199.49,39446781,7254,701,-482,2585,87,-22,26431438,2.788577015,0.4246915,0.620294957,127.8911565,189.8485714,317.7397279,431750000
10/20/2017,194.16,69842448,23257,4813,-1164,5776,378,-66,26718167,2.817243909,0.272858,0.647017487,296.5986395,353.0828571,649.6814966,432731000
10/27/2017,199.54,32636403,8105,1145,-155,3274,45,-27,27004896,2.845910804,0.285777,0.559691095,117.0068027,184.5257143,301.532517,432731000
11/3/2017,200.01,23226605,14426,416,-2744,7173,13,-731,27163916,4.220373454,0.2712725,0.690671591,106.122449,177.4285714,283.5510204,432731000
11/10/2017,192.02,29117938,7402,218,-746,5086,17,-261,27322936,5.594836103,0.295307,0.694299357,106.122449,198.72,304.842449,432731000
11/17/2017,193.2,21816717,12636,604,-527,3477,10,-64,26800977,5.092455834,0.239241,0.692906198,80.27210884,170.3314286,250.6035374,432731000
11/24/2017,195.75,16419961,9304,314,-275,2472,10,-24,26279018,4.590075564,0.2219185,0.746017935,53.06122449,150.8142857,203.8755102,432731000
12/1/2017,186.82,37187614,11941,648,-408,3616,32,-87,25916197,4.467083297,0.2956965,0.54851164,99.31972789,209.3657143,308.6854422,432731000
12/8/2017,188.54,29824694,13761,465,-582,4860,21,-285,25553376,4.344091029,0.2917665,0.854948194,108.8435374,182.7514286,291.594966,432731000
12/15/2017,190.12,29153215,17205,516,-508,6086,20,-64,25190555,4.221098762,0.3075695,0.808868127,91.15646259,189.8485714,281.005034,432731000
12/22/2017,189.94,25762970,7707,258,-207,3198,8,-55,23547364,4.100193666,0.330884,0.659488241,74.82993197,157.9114286,232.7413605,432731000
12/29/2017,191.96,22312805,1506,122,-59,2217,17,-15,21904173,3.97928857,0.407745,0.621422109,63.94557823,186.3,250.2455782,432731000
1/5/2018,209.99,32500816,2431,245,-72,3323,67,-43,21865734.5,3.474746315,0.4056535,0.631248952,123.3560091,249.5828571,372.9388662,432731000
1/12/2018,221.23,32790307,2403,203,-65,3777,75,-40,21827296,2.97020406,0.4058755,0.734987822,119.7278912,250.7657143,370.4936054,432731000
1/19/2018,220.46,41133967,1928,217,-81,2809,79,-28,22687186.5,2.304386925,0.40432,0.675315981,119.7278912,231.84,351.5678912,432731000
1/26/2018,274.6,88202970,9409,1455,-623,7739,528,-171,23547077,1.63856979,0.338454,0.811756881,402.7210884,624.5485714,1027.26966,432731000
2/2/2018,267.43,59768451,5790,413,-622,3454,50,-108,22290742.5,1.819412892,0.35872,0.9590471,217.6870748,435.2914286,652.9785034,433948000
2/9/2018,249.47,59124706,3229,170,-262,3430,15,-28,21034408,2.000255994,0.4354635,1.105278474,195.9183673,435.2914286,631.2097959,433948000
2/16/2018,278.52,45299942,2941,249,-121,3773,56,-60,21054662,2.222129894,0.3573985,0.706957365,159.6371882,331.2,490.8371882,433948000
2/23/2018,285.93,33273994,2330,190,-191,2723,30,-10,21074916,2.444003794,0.337246,0.809351987,130.6122449,250.7657143,381.3779592,433948000
3/2/2018,301.05,52177178,12217,648,-472,4013,29,-29,20646236.5,1.938608123,0.40462,0.869100445,166.893424,321.7371429,488.6305669,433948000
3/9/2018,331.44,80000900,20570,1187,-1123,4995,97,-89,20217557,1.433212453,0.3877525,0.801579883,272.1088435,473.1428571,745.2517007,433948000
3/16/2018,318.45,56400745,16860,680,-1163,4034,31,-41,19921492.5,1.622905388,0.4069325,0.860269008,235.8276644,392.7085714,628.5362358,433948000
3/23/2018,300.94,38353205,13831,435,-493,3443,15,-17,19625428,1.812598323,0.527778,1.104778356,177.7777778,312.2742857,490.0520635,433948000
3/30/2018,295.35,62064250,13931,540,-799,3880,19,-68,19533215,1.751138821,0.55122,0.78420321,217.6870748,373.7828571,591.469932,433948000
4/6/2018,288.85,60837320,13973,451,-738,3788,27,-51,19441002,1.689679319,0.5804925,0.627021259,217.6870748,331.2,548.8870748,433948000
4/13/2018,311.65,57550458,11104,864,-680,4075,102,-65,19348789,1.628219817,0.542901,0.598710066,232.1995465,283.8857143,516.0852608,433948000
4/20/2018,327.77,82305593,19750,2821,-1193,7355,566,-58,19145016,1.5415816,0.3589215,0.749030129,442.6303855,605.6228571,1048.253243,434657000
4/27/2018,311.76,53802846,8234,497,-554,3819,60,-34,18941243,1.454943383,0.3557065,0.668926134,206.8027211,331.2,538.0027211,434693000
5/4/2018,320.09,31900804,6118,222,-269,3192,24,-65,19514448.5,2.5014124,0.3038405,0.953251106,152.3809524,264.96,417.3409524,434693000
5/11/2018,326.46,27256772,6037,205,-211,3418,10,-24,20087654,3.547881417,0.278295,0.861540745,148.7528345,250.7657143,399.5185488,434693000
5/18/2018,324.18,20992656,6013,209,-255,3842,37,-7,19889349.5,3.133144223,0.2619605,0.831067096,134.2403628,198.72,332.9603628,434693000
5/25/2018,351.29,44829031,14072,877,-566,5676,94,-56,19691045,2.718407029,0.276525,0.756983036,192.2902494,383.2457143,575.5359637,434693000
6/1/2018,359.93,29367816,6513,270,-298,2741,17,-16,19679179.33,2.536580992,0.2547825,0.816708439,137.8684807,279.1542857,417.0227664,434693000
6/8/2018,360.57,37192980,7681,365,-371,3644,29,-22,19667313.67,2.354754955,0.278259,0.818334604,174.1496599,307.5428571,481.692517,434693000
6/15/2018,391.98,54940618,10456,685,-724,4673,59,-58,19655448,2.172928919,0.3820235,0.728988071,232.1995465,383.2457143,615.4452608,434693000
6/22/2018,411.09,68387314,12222,995,-830,4232,104,-23,18341471.5,1.675628998,0.50756,0.743767525,297.5056689,458.9485714,756.4542404,434693000
6/29/2018,391.43,75550378,10521,726,-830,4012,43,-73,17027495,1.178329077,0.5545525,0.802268614,308.3900227,482.6057143,790.995737,434693000
7/6/2018,408.25,30392497,5357,263,-188,2302,17,-20,16815886,1.427715768,0.5213665,0.705396428,188.6621315,293.3485714,482.0107029,434693000
7/13/2018,395.8,58331352,10002,620,-638,5512,78,-161,16604277,1.677102459,0.495454,0.647031962,322.9024943,449.4857143,772.3882086,434693000
7/20/2018,361.05,134154990,26490,2140,-4135,8412,242,-580,16726157,1.305389208,0.330351,0.861176449,885.260771,1159.2,2044.460771,435458000
7/27/2018,355.21,48575320,7321,513,-592,4131,27,-59,16848037,0.933675958,0.299997,0.789849536,359.1836735,548.8457143,908.0293878,435458000
8/3/2018,343.09,55977214,6912,358,-583,4624,20,-146,16688673.5,1.617755221,0.2952025,0.977293854,304.7619048,520.4571429,825.2190476,435458000
8/10/2018,345.87,30540327,3864,246,-206,3450,14,-55,16529310,2.301834484,0.278098,0.77494239,235.8276644,364.32,600.1476644,435458000
8/17/2018,316.78,41467177,4709,214,-581,3708,17,-57,16757677,2.04629139,0.3129465,0.88959182,224.9433107,359.5885714,584.5318821,435458000
8/24/2018,358.82,62996708,7281,564,-433,4279,38,-60,16986044,1.790748297,0.3185665,0.620584014,275.7369615,406.9028571,682.6398186,435458000
8/31/2018,367.68,53553456,5336,389,-270,3713,29,-24,17214411,1.535205203,0.3416565,0.618506853,279.3650794,387.9771429,667.3422222,435458000
9/7/2018,348.68,42788175,3940,259,-283,3473,27,-54,17368342,1.772326773,0.3871275,0.705969859,197.7324263,352.2285714,549.9609977,435458000
9/14/2018,364.56,35368562,3998,269,-200,3246,22,-16,17522273,2.009448343,0.3951715,0.595985728,208.61678,362.7428571,571.3596372,435458000
9/21/2018,361.19,47897836,4722,407,-247,3954,40,-47,16959616.5,1.891779857,0.460444,0.510953559,204.9886621,341.7142857,546.7029478,435458000
9/28/2018,374.13,43999680,4405,378,-223,3390,11,-25,16396960,1.774111371,0.4810065,0.539517712,217.6870748,352.2285714,569.9156463,435458000
10/5/2018,351.35,45317226,4169,233,-234,3741,41,-30,16315489,1.596274347,0.5477,0.662261885,203.1746032,346.9714286,550.1460317,435458000
10/12/2018,339.56,68989696,5446,357,-392,4491,55,-79,16234018,1.418437323,0.5627695,0.669042399,272.1088435,509.9428571,782.0517007,435458000
10/19/2018,332.67,98176240,15915,1874,-1626,7874,467,-180,16542631,1.134433273,0.4263645,0.740428122,558.7301587,812.2285714,1370.95873,436085000
10/26/2018,299.83,83765080,7724,518,-727,5199,67,-135,16851244,0.850429223,0.522004,0.7387846,308.3900227,517.8285714,826.2185941,436085000
11/2/2018,309.1,93765790,6108,360,-509,4357,35,-87,16617637,1.086158354,0.483254,0.780347844,306.5759637,502.0571429,808.6331066,436085000
11/9/2018,303.47,57686435,3990,255,-260,4136,31,-94,16384030,1.321887485,0.4499805,0.765330422,232.1995465,417.9428571,650.1424036,436085000
11/16/2018,286.21,58770185,3931,182,-284,4391,14,-41,16614228.33,1.352489556,0.4869685,0.853265718,208.61678,360.1142857,568.7310658,436085000
11/23/2018,258.82,45422873,3231,145,-262,2980,4,-55,16844426.67,1.383091627,0.504245,0.846668265,186.8480726,344.3428571,531.1909297,436085000
11/30/2018,286.13,65072990,4625,298,-242,4211,13,-13,17074625,1.413693698,0.459057,0.658232515,212.244898,362.7428571,574.9877551,436085000
12/7/2018,265.14,52358970,3490,157,-181,3080,12,-14,16834096,1.4413529,0.535054,0.834659094,175.9637188,333.8285714,509.7922902,436085000
12/14/2018,266.84,49127623,4477,179,-284,3909,8,-27,16593567,1.469012101,0.512402,0.890355613,170.521542,312.8,483.321542,436085000
12/21/2018,246.39,71843361,5180,192,-470,4110,30,-132,15223350.5,1.255911155,0.675167,0.924126768,185.0340136,333.8285714,518.862585,436085000
12/28/2018,256.08,46848666,2675,118,-183,2359,17,-71,13853134,1.042810208,0.6669875,0.823681618,168.707483,320.6857143,489.3931973,436085000
1/4/2019,297.57,59356270,5848,233,-434,4889,34,-282,14941099,1.028825267,0.6342105,0.80302337,197.7324263,391.6571429,589.3895692,436085000
1/11/2019,337.59,80030660,7490,697,-416,5222,101,-18,16029064,1.014840326,0.556472,0.858586864,319.2743764,486.2857143,805.5600907,436085000
1/18/2019,339.1,91761230,17673,2452,-1916,9014,569,-292,16116260,1.10647386,0.407752,0.864757721,587.755102,806.9714286,1394.726531,436085000
1/25/2019,338.05,53627780,5919,294,-711,4714,49,-71,16203456,1.198107394,0.38506,0.899708474,239.4557823,420.5714286,660.0272109,436085000
2/1/2019,339.85,43656817,3957,215,-269,4268,17,-49,16255373.33,1.429871854,0.3625555,0.764478961,214.0589569,365.3714286,579.4303855,436599000
2/8/2019,347.57,40162717,4675,349,-250,4020,43,-55,16307290.67,1.661636314,0.38302,0.697236043,186.8480726,349.6,536.4480726,436599000
2/15/2019,356.87,44854478,5350,357,-323,4816,18,-24,16359208,1.893400774,0.3518395,0.624392847,181.4058957,310.1714286,491.5773243,436599000
2/22/2019,363.02,28776033,3736,230,-201,3485,15,-22,14918660,2.24430389,0.3290205,0.700694698,125.170068,257.6,382.770068,436599000
3/1/2019,357.32,29707125,4418,250,-243,4416,22,-22,15138699,2.324381834,0.3161205,0.744553309,157.8231293,289.1428571,446.9659864,436599000
3/8/2019,349.6,32628691,5079,258,-274,4425,23,-38,15358738,2.404459778,0.386465,0.722515003,134.2403628,249.7142857,383.9546485,436599000
3/15/2019,361.46,30605493,3817,188,-218,4177,20,-41,15578777,2.484537722,0.3778955,0.641215206,130.6122449,244.4571429,375.0693878,436599000
3/22/2019,361.01,42357354,5276,334,-201,5745,26,-40,15442332.5,2.250305685,0.495454,0.582548933,157.8231293,286.5142857,444.337415,436599000
3/29/2019,356.56,32989690,4766,223,-267,6550,53,-24,15305888,2.016073649,0.4558775,0.695192115,145.1247166,260.2285714,405.353288,436599000
4/5/2019,365.49,25975862,4008,369,-168,3950,38,-45,15233220,2.17003421,0.431119,0.608801083,148.7528345,265.4857143,414.2385488,436599000
4/12/2019,351.14,36640042,5090,261,-267,5531,41,-68,15160552,2.323994771,0.4386585,0.668281116,163.2653061,310.1714286,473.4367347,436599000
4/19/2019,360.35,53591351,11410,1285,-1215,6586,311,-226,15577712.5,2.018828432,0.2889885,0.781183224,353.7414966,475.7714286,829.5129252,436599000
4/26/2019,374.85,40330272,5913,523,-395,4146,54,-32,15994873,1.713662093,0.299987,0.729519855,188.6621315,325.9428571,514.6049887,437220000
5/3/2019,385.03,27387592,4632,380,-240,3994,25,-25,15703555.5,2.061235448,0.293912,0.782219772,150.3653313,297.5542857,447.919617,437220000
5/10/2019,361.04,30812626,3239,173,-200,3149,14,-17,15412238,2.408808802,0.3216745,0.76553958,147.1403376,260.2285714,407.368909,437220000
5/17/2019,354.45,30852708,3091,170,-149,3797,16,-17,16245474.33,2.801873838,0.3000405,0.731055419,126.984127,268.9028571,395.8869841,437220000
5/24/2019,354.39,24303034,2691,161,-171,2786,17,-21,17078710.67,3.194938873,0.315422,0.74767527,106.8279164,231.3142857,338.1422021,437220000
5/31/2019,343.28,19361084,2776,114,-145,3072,25,-14,17911947,3.588003909,0.358724,0.961208867,102.7966742,187.9428571,290.7395314,437220000
6/7/2019,360.87,29153771,3323,192,-171,3646,25,-32,18289441.5,3.39598486,0.345118,0.915403375,126.984127,248.6628571,375.6469841,437220000
6/14/2019,339.73,28975837,3758,209,-254,3198,11,-48,18666936,3.203965812,0.3969825,0.557004073,116.9060217,266.0114286,382.9174502,437220000
6/21/2019,369.21,29742214,3964,236,-177,3812,21,-27,18514285.5,3.341519991,0.4174425,0.621761176,131.0153691,280.4685714,411.4839405,437220000
6/28/2019,367.32,22878955,3558,169,-173,3504,17,-27,18361635,3.479074171,0.426633,0.798275126,110.8591585,239.9885714,350.8477299,437220000
7/5/2019,380.55,16139559,2132,88,-67,2302,10,-17,18357620,3.538959168,0.39762,0.726318668,108.8435374,234.2057143,343.0492517,437220000
7/12/2019,373.25,26853343,4411,261,-242,4636,62,-79,18353605,3.598844165,0.3965505,0.675334695,145.1247166,312.2742857,457.3990023,437220000
7/19/2019,315.1,73980993,12993,862,-2116,9298,190,-691,20194022.5,2.706935562,0.2908645,0.822042803,457.5459814,763.3371429,1220.883124,437220000
7/26/2019,335.78,60348129,6777,481,-745,4397,39,-147,22034440,1.81502696,0.2852315,0.858161008,276.1400857,497.3257143,773.4657999,437835000
8/2/2019,318.83,30807125,3831,155,-258,3889,9,-59,21716608,2.432337901,0.33428,0.852977797,151.1715797,300.7085714,451.8801512,437835000
8/9/2019,308.93,35341220,4136,226,-321,4522,33,-77,21398776,3.049648843,0.3515305,0.938324733,151.1715797,309.3828571,460.5544369,437835000
8/16/2019,302.8,35784154,3468,191,-231,3627,21,-40,21536235.33,3.361946402,0.3393115,0.91984336,147.1403376,335.4057143,482.5460519,437835000
8/23/2019,291.44,29172093,4340,188,-325,4735,29,-80,21673694.67,3.67424396,0.3804895,0.970904849,126.984127,294.9257143,421.9098413,437835000
8/30/2019,293.75,23713483,4633,175,-284,4696,30,-98,21811154,3.986541519,0.3335135,0.98647865,118.9216427,260.2285714,379.1502142,437835000
9/6/2019,290.17,22462554,3067,130,-214,2817,18,-73,22033392.5,3.608347463,0.329078,0.78273764,94.73418997,211.0742857,305.8084757,437835000
9/13/2019,294.15,39442962,4624,207,-422,5266,30,-101,22255631,3.230153407,0.3573515,0.799289467,131.0153691,274.6857143,405.7010834,437835000
9/20/2019,270.75,50395115,5874,196,-394,5231,20,-65,22193970,2.68121658,0.469693,0.757998076,139.0778534,274.6857143,413.7635676,437835000
9/27/2019,263.08,56776052,5935,317,-813,4938,32,-123,22132309,2.132279752,0.536812,0.982065839,165.2809272,358.5371429,523.81807,437835000
10/4/2019,272.79,42383140,4214,233,-361,3613,22,-69,22691085,2.509452846,0.534351,0.8841886,126.984127,260.2285714,387.2126984,437835000
10/11/2019,282.93,39492755,4170,248,-385,3791,60,-64,23249861,2.88662594,0.5349795,0.847921875,116.9060217,263.12,380.0260217,437835000
10/18/2019,275.3,92697171,11675,1219,-1311,7647,475,-375,24284547.5,2.477863255,0.339251,0.918802388,356.7649282,488.6514286,845.4163568,437835000
10/25/2019,276.82,41269200,6149,324,-652,5068,67,-79,25319234,2.06910057,0.301139,1.239734622,159.234064,315.1657143,474.3997783,438251000
11/1/2019,286.81,30593785,3928,178,-156,5398,42,-15,25341673.67,2.906388676,0.301098,0.838949178,122.9528849,260.2285714,383.1814563,438251000
11/8/2019,291.57,23456629,4012,142,-155,4457,32,-64,25364113.33,3.743676781,0.2927145,0.7826561,104.8122953,222.64,327.4522953,438251000
11/15/2019,295.03,31647738,6023,253,-425,6260,46,-161,25386553,4.580964887,0.2900215,0.774642075,126.984127,332.5142857,459.4984127,438251000
11/22/2019,310.48,32807131,4656,250,-244,4516,32,-27,24613061.5,4.321305337,0.3156095,0.604396716,126.984127,292.0342857,419.0184127,438251000
11/29/2019,314.66,19694669,2656,116,-269,3119,10,-56,23839570,4.061645787,0.2800795,0.77072988,78.60922147,213.9657143,292.5749358,438251000
12/6/2019,307.35,24021928,1909,90,-172,2124,16,-46,23394359.5,4.298415121,0.2883025,0.799303376,88.68732678,222.64,311.3273268,438251000
12/13/2019,298.5,30423533,2495,177,-388,1503,21,-106,22949149,4.535184455,0.3293215,0.81376198,100.7810532,213.9657143,314.7467674,438251000
12/20/2019,336.9,46015672,2152,292,-127,1247,112,-33,22405695.5,4.070500765,0.385925,0.553805857,139.0778534,292.0342857,431.1121391,438251000
12/27/2019,329.09,16393676,1063,127,-69,638,18,-18,21862242,3.605817074,0.433443,0.653495095,88.68732678,268.9028571,357.5901839,438251000
1/3/2020,325.9,16099306,1887,91,-60,788,15,-1,21174932.5,3.917050247,0.428746,0.834932223,96.74981104,264.3591837,361.1089947,438251000
1/10/2020,329.05,26882738,2169,245,-129,1015,17,-43,20487623,4.228283419,0.424306,0.459280699,107.49979,322.1877551,429.6875451,438251000
1/17/2020,339.67,29621122,2038,273,-106,1450,81,-16,20024049.67,3.452260005,0.406099,0.538377568,128.999748,309.7959184,438.7956664,438251000
1/24/2020,353.16,71626280,7679,1003,-869,3393,267,-126,19560476.33,2.676236591,0.3232275,0.636973996,287.5619384,479.1510204,766.7129588,438251000
1/31/2020,345.09,32588023,2261,217,-205,796,22,-13,19096903,1.900213177,0.322608,0.635314794,118.249769,318.0571429,436.3069119,438807000
2/7/2020,366.77,28533581,2142,261,-118,1257,45,-6,19378896.5,3.014079071,0.319437,0.450542585,137.0622323,375.8857143,512.9479466,438807000
2/14/2020,380.4,22876125,1933,195,-108,1114,21,-18,19660890,4.127944964,0.291155,0.542530925,104.8122953,313.9265306,418.7388259,438807000
2/21/2020,380.07,18059592,1313,136,-73,758,12,-1,19351183.5,3.436676265,0.3309085,0.656167078,96.74981104,289.1428571,385.8926682,438807000
2/28/2020,369.03,44426115,2363,247,-198,861,22,-5,19041477,2.745407566,0.5340765,0.699787331,134.3747375,458.4979592,592.8726967,438807000
3/6/2020,368.97,37667899,1694,171,-107,862,14,-5,18769612,2.679420574,0.5684705,0.600177608,110.1872848,458.4979592,568.685244,438807000
3/13/2020,336.295,42401792,1728,109,-129,662,20,-12,18497747,2.613433583,0.6862245,0.979531583,161.2496851,888.0816327,1049.331318,438807000
3/20/2020,332.83,54497920,2214,148,-234,1652,22,-58,17065606,2.14394454,0.7146825,0.944084139,158.5621903,1226.791837,1385.354027,438807000
3/27/2020,357.12,48956593,2567,243,-191,1534,44,-30,15633465,1.674455497,0.6506185,0.5413317,158.5621903,954.1714286,1112.733619,438807000
4/3/2020,361.76,34062710,1801,191,-100,959,19,-21,15565431,1.958523649,0.6058545,0.606455976,115.5622743,636.1142857,751.67656,438807000
4/10/2020,370.72,29760199,1633,150,-116,953,13,-8,15497397,2.242591801,0.5613185,0.632250075,102.1248005,532.8489796,634.9737801,438807000
4/17/2020,422.96,65209710,5476,941,-336,1760,159,-30,14512976,1.676341778,0.6683485,0.52777157,266.0619803,929.3877551,1195.449735,438807000
4/24/2020,424.99,78821537,10772,1608,-988,4584,433,-142,13528555,1.110091754,0.455233,0.600119827,475.6865709,1371.363265,1847.049836,439804000
5/1/2020,415.27,42237256,2767,251,-294,1083,21,-10,13326337.67,1.461037297,0.4350645,0.573916419,155.8746956,677.4204082,833.2951037,439804000
5/8/2020,435.55,31355666,2036,240,-140,1028,16,-4,13124120.33,1.811982839,0.378916,0.481569773,120.9372638,487.4122449,608.3495087,439804000
5/15/2020,454.19,33277983,1963,222,-133,921,25,-5,12921903,2.162928381,0.4348105,0.496940549,102.1248005,454.3673469,556.4921475,439804000
5/22/2020,429.32,32702238,1716,153,-147,1145,25,-15,12326398.5,2.01377263,0.3913935,0.574009104,115.5622743,441.9755102,557.5377845,439804000
5/29/2020,419.73,29180848,1937,161,-227,939,14,-21,11730894,1.864616878,0.385335,0.569761761,112.8747795,433.7142857,546.5890653,439804000
6/5/2020,419.6,22042079,1554,127,-107,715,4,-6,11527669,2.099555236,0.365915,0.656198725,104.8122953,384.1469388,488.9592341,439804000
6/12/2020,418.07,31406049,1796,219,-124,892,24,-9,11324444,2.334493594,0.4515925,0.570163161,107.49979,446.1061224,553.6059125,439804000
6/19/2020,453.72,26643667,2046,182,-89,1044,37,-7,11171675.5,2.270578006,0.5188235,0.555677187,94.06231628,351.1020408,445.1643571,439804000
6/26/2020,443.4,27951476,1823,188,-91,914,22,-8,11018907,2.206662418,0.5446145,0.66222578,96.74981104,375.8857143,472.6355253,439804000
7/3/2020,476.89,25071810,1726,217,-51,897,33,-4,10699418.5,1.644133563,0.4721305,0.517213497,94.06231628,363.4938776,457.5561938,439804000
7/10/2020,548.73,46570732,2230,280,-113,1245,44,-22,10379930,1.081604708,0.568643,0.371254339,142.4372218,508.0653061,650.5025279,439804000
7/17/2020,492.99,92122356,12142,1504,-1513,3230,257,-225,10461814.33,1.075831044,0.456374,0.510319394,537.4989502,1239.183673,1776.682624,439804000
7/24/2020,480.45,43428391,2848,210,-257,1176,19,-21,10543698.67,1.07005738,0.4085825,0.710081001,204.2496011,665.0285714,869.2781725,441015000
7/31/2020,488.88,32918575,1865,156,-109,956,19,-5,10625583,1.064283717,0.3734665,0.560028132,153.1872008,528.7183673,681.9055682,441015000
8/7/2020,494.73,25401626,1910,186,-113,1037,19,-12,10129432,1.584710289,0.3926155,0.542665438,120.9372638,450.2367347,571.1739985,441015000
8/14/2020,482.68,23374130,1821,150,-157,1145,7,-8,9633281,2.10513686,0.3576705,0.555913071,120.9372638,437.844898,558.7821618,441015000
8/21/2020,492.31,18104172,1708,166,-105,993,23,-5,9755925,1.916265432,0.37056,0.521521634,102.1248005,404.8,506.9248005,441015000
8/28/2020,523.89,44009469,3526,397,-177,1000,46,-15,9878569,1.727394003,0.499157,0.424838271,153.1872008,532.8489796,686.0361804,441015000
9/4/2020,516.05,37633471,2010,203,-89,1235,19,-17,10511575,1.74048932,0.5543825,0.464895044,124.0382193,527.6524029,651.6906222,441015000
9/11/2020,482.03,23643425,2394,108,-208,1279,10,-19,11144581,1.753584638,0.523065,0.904320572,95.09596811,551.636603,646.7325711,441015000
9/18/2020,469.96,29131438,3643,215,-421,1157,12,-93,10292515.5,2.036462438,0.53432,0.667638471,130.2401302,1072.626728,1202.866858,441015000
9/25/2020,482.88,20091550,1565,115,-116,954,10,-16,9440450,2.319340238,0.5819555,0.434811623,90.9613608,447.438578,538.3999388,441015000
10/2/2020,503.06,27128520,1866,212,-83,829,29,-10,9428467,2.009705605,0.592818,0.405909884,95.09596811,340.1759052,435.2718733,441015000
10/9/2020,539.44,26357806,2130,248,-129,1192,44,-81,9416484,1.700070971,0.580577,0.370899693,93.02866446,401.4688611,494.4975256,441015000
10/16/2020,530.79,31854103,2395,308,-142,1163,67,-11,9750497.333,1.610772811,0.591949,0.339727597,113.701701,373.8870309,487.5887319,441015000
10/23/2020,488.28,46604060,6671,683,-958,2716,207,-267,10084510.67,1.521474652,0.4123215,0.808796357,252.2110459,600.6709677,852.8820136,441795000
10/30/2020,475.74,34663588,2548,316,-149,1182,108,-12,10418524,1.432176492,0.478071,0.62976573,124.0382193,401.4688611,525.5070804,441795000
11/6/2020,514.73,22615375,1078,82,-47,782,20,-5,10383109.5,1.715030483,0.368389,0.792847448,88.89405715,294.2061883,383.1002454,441795000
11/13/2020,482.84,32204129,1916,152,-145,1083,9,-23,10347695,1.997884474,0.3700435,0.656859554,111.6343973,398.4042133,510.0386106,441795000
11/20/2020,488.24,17743652,1276,71,-78,750,9,-1,9634781,2.341288926,0.358841,0.469405466,84.75944984,315.6587228,400.4181727,441795000
11/27/2020,491.36,15341455,1218,120,-67,707,15,-15,8921867,2.684693379,0.349085,0.491895051,76.49023522,297.2708361,373.7610713,441795000
12/4/2020,498.31,18081953,1547,143,-67,1036,9,-1,8600473,2.486261835,0.3591,0.50066466,95.09596811,340.1759052,435.2718733,441795000
12/11/2020,503.22,18742035,1679,157,-105,1130,15,-27,8279079,2.28783029,0.3975275,0.516585986,86.82675349,340.1759052,427.0026587,441795000
12/18/2020,534.45,20430944,1598,151,-59,999,14,-6,7900123,2.549612007,0.437817,0.533276481,74.42293157,300.3354839,374.7584154,441795000
12/25/2020,513.97,9298424,920,67,-44,734,10,-23,7521167,2.811393723,0.4544495,0.710349897,51.68259137,291.1415405,342.8241319,441795000
1/1/2021,540.73,14154078,1011,102,-47,704,12,-5,7411203.667,2.496285755,0.4575615,0.46330732,70.28832426,315.6587228,385.9470471,441795000
1/8/2021,510.4,19547900,1549,155,-106,931,19,-26,7301240.333,2.181177788,0.45315,0.560260148,76.49023522,376.9516787,453.441914,441795000
1/15/2021,497.98,24842267,1950,195,-115,1067,29,-9,7191277,1.866069821,0.475418,0.503068934,76.49023522,410.6628045,487.1530397,441795000
1/22/2021,565.17,63623706,8545,1574,-474,3188,544,-57,7245278,1.294206308,0.3431205,0.610104031,279.0859934,827.4549045,1106.540898,441795000
1/29/2021,532.39,31118228,2210,184,-142,1080,37,-8,7299279,0.722342795,0.407959,0.618506283,103.3651827,594.5416722,697.9068549,442895000
2/5/2021,550.79,17977014,1631,143,-52,1119,11,-4,7491483.5,1.595742726,0.3285075,0.426801412,84.75944984,520.9901251,605.7495749,442895000
2/12/2021,556.52,15379866,1594,103,-49,875,8,-5,7683688,2.469142658,0.348128,0.484402893,74.42293157,398.4042133,472.8271449,442895000
2/19/2021,540.22,9980676,841,39,-42,631,5,-5,7791285,2.680879517,0.337465,0.741879713,51.68259137,312.594075,364.2766664,442895000
2/26/2021,538.85,18430806,1291,97,-41,1264,5,-6,7898882,2.892616376,0.3694585,0.861228182,59.95180598,324.8526662,384.8044722,442895000
3/5/2021,516.39,21436511,1383,74,-47,1038,11,-8,8534490.5,2.668454221,0.3766115,0.845817882,59.95180598,309.5294273,369.4812332,442895000
3/12/2021,518.02,19696219,1352,88,-61,1211,11,-6,9170099,2.444292067,0.3784055,0.689213456,49.61528771,297.2708361,346.8861238,442895000
3/19/2021,512.18,17940340,1213,82,-67,1018,16,-20,8996769,2.495815063,0.393644,0.73057472,55.81719867,285.0122449,340.8294436,442895000
3/26/2021,508.05,21350449,1451,140,-66,945,21,-13,8823439,2.547338059,0.4334325,0.673731123,59.95180598,254.365767,314.3175729,442895000
4/2/2021,539.42,13155863,924,79,-36,668,5,-1,9508376.5,2.996987911,0.412498,0.69519929,49.61528771,226.7839368,276.3992245,442895000
4/9/2021,555.31,15936407,1506,123,-36,1031,31,-25,10193314,3.446637764,0.406771,0.487215894,49.61528771,260.4950625,310.1103503,442895000
4/16/2021,546.54,15731914,1297,94,-65,970,27,-8,10060885,2.781520956,0.394966,0.526707008,59.95180598,245.1718236,305.1236296,442895000
4/23/2021,505.55,53349150,8357,822,-1406,3519,85,-434,9928456,2.116404148,0.26408,0.811385057,256.3456532,634.3820935,890.7277467,443384000
4/30/2021,513.47,20811481,1669,125,-116,974,11,-11,9796027,1.45128734,0.2553095,0.808755677,88.89405715,401.4688611,490.3629182,443403000
5/7/2021,503.84,18459213,1232,73,-104,757,6,-9,9459262.5,2.040665438,0.2501415,0.937294073,62.71027816,246.1933728,308.903651,443403000
5/14/2021,493.37,19210846,1116,61,-86,878,4,-16,9122498,2.630043537,0.253137,1.063322626,60.6409072,246.1933728,306.83428,443403000
5/21/2021,497.89,15406145,1275,67,-69,1415,12,-15,9108043.5,3.049970021,0.267023,0.957617866,43.41337675,220.6546412,264.068018,443403000
5/28/2021,502.81,13716049,1162,52,-78,1323,8,-42,9093589,3.469896505,0.2347465,0.803184891,42.03517431,201.2452052,243.2803795,443403000
6/4/2021,494.74,11778651,867,52,-37,637,2,-8,9012145,3.143188793,0.2442705,0.739526273,41.34607309,183.8788677,225.2249408,443403000
6/11/2021,488.77,15699783,1245,43,-66,778,15,-5,8930701,2.816481082,0.265004,0.615583003,45.4806804,186.9435155,232.4241959,443403000
6/18/2021,500.77,19382835,1277,89,-54,673,7,-4,9282920.5,2.631751625,0.326452,0.570942048,47.54798406,195.1159096,242.6638936,443403000
6/25/2021,527.07,23654284,1965,177,-82,1278,14,-12,9635140,2.447022168,0.353181,0.36665276,65.46461573,207.3745008,272.8391165,443403000
7/2/2021,533.98,12662046,1197,108,-42,742,10,-2,9683094.5,2.788404043,0.3398285,0.456210136,55.12809746,197.1590081,252.2871056,443403000
7/9/2021,535.98,11525999,965,84,-29,706,4,-5,9731049,3.129785917,0.366684,0.548965288,44.79157918,158.3401361,203.1317152,443403000
7/16/2021,530.31,18198539,2466,215,-118,1599,70,-31,9827589,2.88954324,0.3745815,0.472692772,73.73383035,222.6977397,296.4315701,443403000
7/23/2021,515.41,30622248,5642,610,-659,3143,108,-186,9924129,2.649300563,0.22873,0.793544807,160.5605838,320.7664692,481.327053,442596000
7/30/2021,517.57,11600880,1175,84,-53,1072,14,-9,10020669,2.409057886,0.229634,0.618182242,58.57360355,199.2021066,257.7757102,442596000
8/6/2021,520.55,11184481,1043,74,-53,768,10,-5,9715844,3.559416043,0.2169535,0.600299396,48.92618649,171.6202765,220.546463,442596000
8/13/2021,515.92,8841762,1000,61,-88,929,3,-24,9411019,4.709774201,0.213464,0.788533347,34.45506091,170.5987272,205.0537881,442596000
8/20/2021,546.88,18092473,2081,221,-128,1031,13,-71,9799340.5,4.112591546,0.243612,0.577749781,58.57360355,169.577178,228.1507815,442596000
8/27/2021,558.92,11606981,1231,78,-67,930,17,-8,10187662,3.515408892,0.2258085,0.402367568,46.16978162,166.5125302,212.6823118,442596000
9/3/2021,590.53,19331213,2291,231,-96,1202,49,-9,10239308.5,2.991560003,0.244048,0.421167673,61.33000842,182.8573184,244.1873268,442596000
9/10/2021,598.72,18123622,1983,291,-105,989,38,-11,10290955,2.467711114,0.292901,0.568704746,58.57360355,174.6849243,233.2585278,442596000
9/17/2021,589.35,15219730,1227,76,-81,876,12,-24,9738037.5,2.492085313,0.3065845,0.617136255,49.61528771,160.3832346,209.9985223,442596000
9/24/2021,592.39,14613050,1699,135,-69,1699,30,-17,9185120,2.516459512,0.3462145,0.530473426,44.10247796,167.5340794,211.6365574,442596000
10/1/2021,613.15,23766827,2187,216,-107,2448,38,-34,9289110.333,2.449698,0.3844695,0.497372123,55.12809746,204.309853,259.4379504,442596000
10/8/2021,632.66,25845315,3294,310,-229,2262,43,-30,9393100.667,2.382936487,0.3692975,0.522012558,72.35562791,236.9994294,309.3550574,442596000
10/15/2021,628.29,15287537,2166,183,-126,2539,61,-21,9497091,2.316174975,0.325938,0.420408356,57.19540111,222.6977397,279.8931409,442596000
10/22/2021,664.78,37112558,6952,964,-614,4572,296,-73,9511078.5,2.058045367,0.257367,0.579436594,175.7208106,418.8351986,594.5560092,442952000
10/29/2021,690.31,15663579,1565,126,-63,1660,35,-15,9525066,1.799915759,0.2608705,0.522864873,66.15371695,269.6890059,335.8427229,442952000
11/5/2021,645.72,19463761,1972,118,-164,2229,21,-23,9408340.5,2.284516491,0.288353,0.497642938,62.70821086,254.365767,317.0739778,442952000
11/12/2021,682.61,14752814,1482,115,-108,1832,30,-24,9291615,2.769117222,0.2811865,0.529395084,46.16978162,246.1933728,292.3631545,442952000
11/19/2021,678.8,12300171,1513,146,-74,1677,17,-16,9050856.5,3.005600718,0.2964805,0.419574229,53.74989502,251.3011192,305.0510142,442952000
11/26/2021,665.64,9811236,887,41,-91,1227,5,-16,8810098,3.242084214,0.348147,0.717767617,45.4806804,187.9650647,233.4457451,442952000
12/3/2021,602.13,20097082,1366,105,-100,1227,10,-23,8662904,3.011104747,0.389161,1.000765543,49.61528771,243.128725,292.7440127,442952000
12/10/2021,611.66,13515852,1193,66,-86,1221,19,-15,8515710,2.78012528,0.299735,0.718224873,42.72427553,213.5037964,256.2280719,442952000
12/17/2021,586.73,15731394,927,42,-90,1086,9,-25,8445917,3.029371007,0.35919,0.979968102,44.10247796,186.9435155,231.0459934,442952000
12/24/2021,614.09,9567615,763,67,-53,824,21,-6,8376124,3.278616735,0.3408055,0.558773882,44.10247796,174.6849243,218.7874023,442952000
12/31/2021,602.44,8844742,783,58,-34,889,12,-16,8306331,3.527862462,0.3653245,0.547536735,40.65697187,200.2236559,240.8806278,442952000
