Actual Date,Ghetto Date,Price - Close - Monthly,Trading Volume - Monthly,Twitter Publication Count,Twitter Positive Sentiment Count,Twitter Negative Sentiment Count,News Publication Count,News Positive Sentiment Count,News Negative Sentiment Count,SI,SI Ratio,IV Midpoint
1/1/2010,1/0/1900,6.726,0,,,,,,,0,0,
1/8/2010,1/0/1900,6.676,44461792,,,,,,,0,0,
1/15/2010,1/15/2010,6.357,53653303,,,,,,,219914820,1.086969815,
1/22/2010,1/0/1900,6.071,39456557,,,,,,,204179070,0.853495004,
1/29/2010,1/29/2010,6.271,92378136,,,,,,,188443320,0.620020193,
2/5/2010,1/0/1900,5.87,96897080,,,,,,,209699350,0.732179238,
2/12/2010,2/12/2010,5.983,41595280,,,,,,,230955380,0.844338283,
2/19/2010,1/0/1900,5.876,34722615,,,,,,,219543900,1.063883632,
2/26/2010,2/26/2010,5.92,36499393,,,,,,,208132420,1.28342898,
3/5/2010,1/0/1900,6.445,46075571,,,,,,,222248600,1.400464723,
3/12/2010,3/15/2010,6.591,30678340,,,,,,,236364780,1.517500466,
3/19/2010,1/0/1900,6.517,28744238,,,,,,,230382790,1.627640031,
3/26/2010,3/31/2010,6.753,37032070,,,,,,,224400800,1.737779596,
4/2/2010,1/0/1900,6.59,24186407,,,,,,,220436120,1.587922313,
4/9/2010,4/15/2010,7.003,38359192,,,,,,,216471440,1.43806503,
4/16/2010,1/0/1900,7.109,34327552,,,,,,,224350653.3,1.384117144,
4/23/2010,1/0/1900,7.181,51302827,,,,,,,232229866.7,1.330169257,
4/30/2010,4/30/2010,6.855,39578751,,,,,,,240109080,1.276221371,
5/7/2010,1/0/1900,6.249,49875037,,,,,,,234657440,1.329078922,
5/14/2010,5/14/2010,6.427,29936101,,,,,,,229205800,1.381936473,
5/21/2010,1/0/1900,6.136,33877059,,,,,,,215395730,1.484837101,
5/28/2010,5/28/2010,6.273,27267688,,,,,,,201585660,1.587737729,
6/4/2010,1/0/1900,6.139,19136973,,,,,,,215879870,1.753579975,
6/11/2010,6/15/2010,6.152,35678575,,,,,,,230174080,1.919422221,
6/18/2010,1/0/1900,6.292,19721426,,,,,,,224061280,1.780262329,
6/25/2010,6/30/2010,6.05,30395057,,,,,,,217948480,1.641102437,
7/2/2010,1/0/1900,5.457,41173420,,,,,,,229480400,1.83305062,
7/9/2010,7/15/2010,5.863,20983688,,,,,,,241012320,2.024998803,
7/16/2010,1/0/1900,5.924,29364018,,,,,,,256053806.7,1.781119118,
7/23/2010,1/0/1900,5.944,73033825,,,,,,,271095293.3,1.537239433,
7/30/2010,7/30/2010,5.894,37580785,,,,,,,286136780,1.293359747,
8/6/2010,1/0/1900,6.416,30011338,,,,,,,290779270,1.942464594,
8/13/2010,8/13/2010,6.234,24644012,,,,,,,295421760,2.59156944,
8/20/2010,1/0/1900,6.388,26702213,,,,,,,291496040,2.706498421,
8/27/2010,8/31/2010,6.332,24298027,,,,,,,287570320,2.821427401,
9/3/2010,1/0/1900,6.939,26725323,,,,,,,310337420,2.913222238,
9/10/2010,9/15/2010,7.122,19701723,,,,,,,333104520,3.005017075,
9/17/2010,1/0/1900,7.416,27079018,,,,,,,326590810,2.546135255,
9/24/2010,9/30/2010,8.036,38206185,,,,,,,320077100,2.087253436,
10/1/2010,1/0/1900,7.686,38483988,,,,,,,299063326.7,2.063583821,
10/8/2010,1/0/1900,7.778,28527204,,,,,,,278049553.3,2.039914205,
10/15/2010,10/15/2010,8.232,29496279,,,,,,,257035780,2.01624459,
10/22/2010,1/0/1900,8.457,49247926,,,,,,,248131570,1.763928319,
10/29/2010,10/29/2010,8.262,26571680,,,,,,,239227360,1.511612048,
11/5/2010,1/0/1900,8.538,28188601,,,,,,,230719560,1.642804984,
11/12/2010,11/15/2010,8.284,27948296,,,,,,,222211760,1.77399792,
11/19/2010,1/0/1900,8.241,31397891,,,,,,,205746460,1.578871294,
11/26/2010,11/30/2010,8.875,26897990,,,,,,,189281160,1.383744667,
12/3/2010,1/0/1900,8.784,32572219,,,,,,,180554510,1.544619272,
12/10/2010,12/15/2010,8.781,22554561,,,,,,,171827860,1.705493877,
12/17/2010,1/0/1900,8.879,22313519,,,,,,,174059020,1.899622131,
12/24/2010,1/0/1900,9.13,19760093,,,,,,,176290180,2.093750386,
12/31/2010,12/31/2010,9,12750122,,,,,,,178521340,2.28787864,
1/7/2011,1/0/1900,9.274,22139836,,,,,,,175835340,2.223586873,
1/14/2011,1/14/2011,9.438,15855256,,,,,,,173149340,2.159295106,
1/21/2011,1/0/1900,8.871,20267349,,,,,,,153416930,1.502041165,
1/28/2011,1/31/2011,8.557,48104883,,,,,,,133684520,0.844787224,
2/4/2011,1/0/1900,8.797,24364144,,,,,,,164281910,1.31686925,
2/11/2011,2/15/2011,9.462,31167202,,,,,,,194879300,1.788951277,
2/18/2011,1/0/1900,9.325,20173677,,,,,,,175345910,1.646003316,
2/25/2011,2/28/2011,8.862,19940552,,,,,,,155812520,1.503055356,
3/4/2011,1/0/1900,8.583,26854642,,,,,,,149511200,1.401382242,
3/11/2011,3/15/2011,8.403,27853962,,,,,,,143209880,1.299709128,
3/18/2011,1/0/1900,8.091,28066156,,,,,,,144381770,1.313868133,
3/25/2011,3/31/2011,8.549,22946988,,,,,,,145553660,1.328027137,
4/1/2011,1/0/1900,9.007,25641871,,,,,,,152118686.7,1.460068801,
4/8/2011,1/0/1900,9.236,23459375,,,,,,,158683713.3,1.592110464,
4/15/2011,4/15/2011,9,20697366,,,,,,,165248740,1.724152128,
4/22/2011,1/0/1900,9.295,14650174,,,,,,,159803300,1.360530434,
4/29/2011,4/29/2011,9.79,50729798,,,,,,,154357860,0.996908739,
5/6/2011,1/0/1900,9.88,30613523,,,,,,,178813390,1.349476657,
5/13/2011,5/13/2011,10.128,25435304,,,,,,,203268920,1.702044574,
5/20/2011,1/0/1900,9.932,28470091,,,,,,,181899340,1.660645995,
5/27/2011,5/31/2011,9.707,18276514,,,,,,,160529760,1.619247416,
6/3/2011,1/0/1900,9.416,14833396,,,,,,,160783550,1.697616833,
6/10/2011,6/15/2011,9.326,20222366,,,,,,,161037340,1.775986249,
6/17/2011,1/0/1900,9.318,26479109,,,,,,,169104770,1.804056174,
6/24/2011,6/30/2011,9.627,18330496,,,,,,,177172200,1.832126098,
7/1/2011,1/0/1900,10.474,22969366,,,,,,,176189200,1.947307656,
7/8/2011,1/0/1900,10.914,13032336,,,,,,,175206200,2.062489214,
7/15/2011,7/15/2011,10.644,20196103,,,,,,,174223200,2.177670773,
7/22/2011,1/0/1900,10.826,18801139,,,,,,,155880760,1.673840859,
7/29/2011,7/29/2011,11.126,36456867,,,,,,,137538320,1.170010945,
8/5/2011,1/0/1900,10.135,37153682,,,,,,,152522800,1.099149181,
8/12/2011,8/15/2011,10.115,42658228,,,,,,,167507280,1.028287418,
8/19/2011,1/0/1900,8.946,29472902,,,,,,,185542440,1.336607688,
8/26/2011,8/31/2011,9.964,27919081,,,,,,,203577600,1.644927958,
9/2/2011,1/0/1900,10.5,27320734,,,,,,,223409020,1.938586385,
9/9/2011,9/15/2011,10.569,20470849,,,,,,,243240440,2.232244812,
9/16/2011,1/0/1900,11.965,33392484,,,,,,,231645273.3,1.88617045,
9/23/2011,1/0/1900,11.181,36163365,,,,,,,220050106.7,1.540096089,
9/30/2011,9/30/2011,10.811,43946086,,,,,,,208454940,1.194021727,
10/7/2011,1/0/1900,11.237,35430966,,,,,,,216698050,1.441080038,
10/14/2011,10/14/2011,12.335,27387772,,,,,,,224941160,1.688138349,
10/21/2011,1/0/1900,11.739,25154897,,,,,,,222881640,1.4452008,
10/28/2011,10/31/2011,10.866,62935073,,,,,,,220822120,1.202263252,
11/4/2011,1/0/1900,10.824,31327738,,,,,,,220019030,1.571515898,
11/11/2011,11/15/2011,10.87,22647226,,,,,,,219215940,1.940768545,
11/18/2011,1/0/1900,9.857,34166212,,,,,,,204996450,1.557284697,
11/25/2011,11/30/2011,9.12,34189434,,,,,,,190776960,1.17380085,
12/2/2011,1/0/1900,9.802,36282521,,,,,,,183734550,1.207859932,
12/9/2011,12/15/2011,9.651,27036750,,,,,,,176692140,1.241919014,
12/16/2011,1/0/1900,9.063,39116738,,,,,,,166734173.3,1.285649144,
12/23/2011,1/0/1900,8.864,25317262,,,,,,,156776206.7,1.329379274,
12/30/2011,12/30/2011,8.655,19084413,,,,,,,146818240,1.373109403,
1/6/2012,1/0/1900,9.13,20098621,,,,,,,158059480,1.540600034,
1/13/2012,1/13/2012,8.921,22274321,,,,,,,169300720,1.708090665,
1/20/2012,1/0/1900,9.547,25791307,,,,,,,155144840,1.396401429,
1/27/2012,1/31/2012,9.769,24061621,,,,,,,140988960,1.084712193,
2/3/2012,1/0/1900,9.384,56055985,,,,,,,156415320,1.044199383,
2/10/2012,2/15/2012,9.277,28872201,,,,,,,171841680,1.003686573,
2/17/2012,1/0/1900,9.125,43336844,,,,,,,194644340,1.341300943,
2/24/2012,2/29/2012,8.957,21341942,,,,,,,217447000,1.678915312,
3/2/2012,1/0/1900,8.965,23356362,,,,,,,219591760,2.063258286,
3/9/2012,3/15/2012,9.216,23962610,,,,,,,221736520,2.44760126,
3/16/2012,1/0/1900,9.252,19770871,,,,,,,218206193.3,2.189278093,
3/23/2012,1/0/1900,9.752,26956979,,,,,,,214675866.7,1.930954927,
3/30/2012,3/30/2012,10.125,33585020,,,,,,,211145540,1.67263176,
4/6/2012,1/0/1900,9.719,20093927,,,,,,,205800040,1.912167353,
4/13/2012,4/13/2012,9.423,19380998,,,,,,,200454540,2.151702947,
4/20/2012,1/0/1900,9.499,18089092,,,,,,,203453190,1.834387044,
4/27/2012,4/30/2012,11.342,42545223,,,,,,,206451840,1.517071142,
5/4/2012,1/0/1900,11.2,29732913,,,,,,,214556040,1.940998809,
5/11/2012,5/15/2012,11.384,20375483,,,,,,,222660240,2.364926477,
5/18/2012,1/0/1900,10.693,23800277,,,,,,,202595530,2.271524584,
5/25/2012,5/31/2012,10.644,16857242,,,,,,,182530820,2.178122692,
6/1/2012,1/0/1900,10.411,15664898,,,,,,,182161693.3,2.31036451,
6/8/2012,1/0/1900,10.924,16924726,,,,,,,181792566.7,2.442606329,
6/15/2012,6/15/2012,10.917,15753760,,,,,,,181423440,2.574848148,
6/22/2012,1/0/1900,11.108,13545404,,,,,,,172231610,2.616679139,
6/29/2012,6/29/2012,11.417,15536488,,,,,,,163039780,2.65851013,
7/6/2012,1/0/1900,11.252,9547876,,,,,,,161718970,2.877865779,
7/13/2012,7/13/2012,10.92,12469017,,,,,,,160398160,3.097221428,
7/20/2012,1/0/1900,11.415,15686527,,,,,,,155736320,2.331647328,
7/27/2012,7/31/2012,11.866,32272184,,,,,,,151074480,1.566073227,
8/3/2012,1/0/1900,11.748,15601564,,,,,,,156340000,2.455012727,
8/10/2012,8/15/2012,11.637,8817846,,,,,,,161605520,3.343952226,
8/17/2012,1/0/1900,12.059,15408000,,,,,,,165828373.3,3.178895239,
8/24/2012,1/0/1900,12.287,13084505,,,,,,,170051226.7,3.013838253,
8/31/2012,8/31/2012,12.413,14437059,,,,,,,174274080,2.848781266,
9/7/2012,1/0/1900,12.957,16986140,,,,,,,174027860,2.595582207,
9/14/2012,9/14/2012,13.064,14554957,,,,,,,173781640,2.342383148,
9/21/2012,1/0/1900,12.873,16124614,,,,,,,172335430,2.442581284,
9/28/2012,9/28/2012,12.716,15874988,,,,,,,170889220,2.54277942,
10/5/2012,1/0/1900,12.925,13010536,,,,,,,170095950,2.692366044,
10/12/2012,10/15/2012,12.118,14851875,,,,,,,169302680,2.841952668,
10/19/2012,1/0/1900,12,18164390,,,,,,,169951810,2.231241799,
10/26/2012,10/31/2012,11.912,30581883,,,,,,,170600940,1.620530931,
11/2/2012,1/0/1900,11.621,12074552,,,,,,,169015260,2.265592726,
11/9/2012,11/15/2012,11.316,14204319,,,,,,,167429580,2.910654521,
11/16/2012,1/0/1900,11.262,15547789,,,,,,,169588573.3,2.812109104,
11/23/2012,1/0/1900,11.994,11094534,,,,,,,171747566.7,2.713563687,
11/30/2012,11/30/2012,12.602,19061955,,,,,,,173906560,2.61501827,
12/7/2012,1/0/1900,12.663,14668167,,,,,,,176596620,2.820302768,
12/14/2012,12/14/2012,12.46,15300440,,,,,,,179286680,3.025587266,
12/21/2012,1/0/1900,12.846,16784600,,,,,,,162947880,2.637287834,
12/28/2012,12/31/2012,12.259,10631731,,,,,,,146609080,2.248988401,
1/4/2013,1/0/1900,12.958,11313686,,,,,,,144856010,2.250044694,
1/11/2013,1/15/2013,13.397,15456726,,,,,,,143102940,2.251100988,
1/18/2013,1/0/1900,13.606,13473214,,,,,,,145615740,1.842261913,
1/25/2013,1/31/2013,14.2,13002624,,,,,,,148128540,1.433422838,
2/1/2013,1/0/1900,13.25,40094566,,,,,,,145510640,1.518595209,
2/8/2013,1/0/1900,13.097,18353449,,,,,,,142892740,1.603767579,
2/15/2013,2/15/2013,13.255,19064751,,,,,,,140274840,1.68893995,
2/22/2013,2/28/2013,13.271,13138713,,,,,,,146914780,2.21883552,
3/1/2013,1/0/1900,13.287,14909447,,,,,,,147925553.3,2.259044025,
3/8/2013,1/0/1900,13.71,13005344,,,,,,,148936326.7,2.29925253,
3/15/2013,3/15/2013,13.091,17125335,,,,,,,149947100,2.339461035,
3/22/2013,3/28/2013,12.887,15113576,,,,,,,142648860,2.375180242,
3/29/2013,1/0/1900,13.325,10282343,,,,,,,138639006.7,2.374160345,
4/5/2013,1/0/1900,12.774,12089853,,,,,,,134629153.3,2.373140448,
4/12/2013,4/15/2013,13.644,12729203,,,,,,,130619300,2.372120551,
4/19/2013,1/0/1900,13.016,14333847,,,,,,,126990420,1.838745149,
4/26/2013,4/30/2013,12.741,26086823,,,,,,,123361540,1.305369748,
5/3/2013,1/0/1900,12.903,23180437,,,,,,,132747110,1.758893879,
5/10/2013,5/15/2013,13.182,14069980,,,,,,,142132680,2.212418011,
5/17/2013,1/0/1900,13.495,11732711,,,,,,,143333693.3,2.442796002,
5/24/2013,1/0/1900,13.087,10977811,,,,,,,144534706.7,2.673173993,
5/31/2013,5/31/2013,13.46,10412301,,,,,,,145735720,2.903551985,
6/7/2013,1/0/1900,13.844,15243328,,,,,,,148416690,2.683575566,
6/14/2013,6/14/2013,13.7,13215410,,,,,,,151097660,2.463599147,
6/21/2013,1/0/1900,13.668,15021561,,,,,,,147086860,2.353959117,
6/28/2013,6/28/2013,13.884,15051890,,,,,,,143076060,2.244319087,
7/5/2013,1/0/1900,14.294,9491026,,,,,,,145935310,2.379280618,
7/12/2013,7/15/2013,15.377,16161508,,,,,,,148794560,2.514242148,
7/19/2013,1/0/1900,15.262,12953302,,,,,,,149559640,2.338926983,
7/26/2013,7/31/2013,15.601,20702820,,,,,,,150324720,2.163611817,
8/2/2013,1/0/1900,15.21,13624514,,,,,,,138809220,2.504597176,
8/9/2013,8/15/2013,14.863,10336414,,,,,,,127293720,2.845582535,
8/16/2013,1/0/1900,14.241,9950310,,,,,,,126522866.7,2.948732306,
8/23/2013,1/0/1900,14.5,9267831,,,,,,,125752013.3,3.051882077,
8/30/2013,8/30/2013,14.049,8750475,,,,,,,124981160,3.155031848,
9/6/2013,1/0/1900,14.793,9443596,,,,,,,130828710,3.21708356,
9/13/2013,9/13/2013,14.896,8102968,,,,,,,136676260,3.279135271,
9/20/2013,1/0/1900,15.817,14708753,,,,,,,149058800,3.245370081,
9/27/2013,9/30/2013,15.8,9545314,,,,,,,161441340,3.21160489,
10/4/2013,1/0/1900,15.952,10725889,,,,,,,150239130,2.946602792,
10/11/2013,10/15/2013,15.544,13212477,,,,,,,139036920,2.681600695,
10/18/2013,1/0/1900,16.447,14936167,,,,,,,139493710,2.121025591,
10/25/2013,10/31/2013,18.17,26989240,,,,,,,139950500,1.560450487,
11/1/2013,1/0/1900,17.95,16085118,,,,,,,134567326.7,1.696571589,
11/8/2013,1/0/1900,17.515,13102142,,,,,,,129184153.3,1.83269269,
11/15/2013,11/15/2013,18.458,16029478,,,,,,,123800980,1.968813791,
11/22/2013,1/0/1900,18.615,11339648,,,,,,,133133920,2.376929392,
11/29/2013,11/29/2013,19.681,10368324,,,,,,,142466860,2.785044993,
12/6/2013,1/0/1900,19.347,14630200,,,,,,,138460030,2.570866513,
12/13/2013,12/13/2013,19.212,13091306,,,,,,,134453200,2.356688032,
12/20/2013,1/0/1900,20.11,15545066,,,,,,,129696260,2.419234634,
12/27/2013,12/31/2013,19.904,7895190,,,,,,,124939320,2.481781235,
1/3/2014,1/0/1900,19.822,8829306,,,,,,,123000340,2.492726678,
1/10/2014,1/15/2014,19.883,12183938,,,,,,,121061360,2.503672121,
1/17/2014,1/0/1900,19.98,14965611,,,,,,,117943060,2.028881797,
1/24/2014,1/0/1900,19.38,12713701,,,,,,,114824760,1.554091472,
1/31/2014,1/31/2014,17.934,36309911,,,,,,,111706460,1.079301148,
2/7/2014,1/0/1900,18.054,27201410,,,,,,,122081320,1.226326459,
2/14/2014,2/14/2014,17.868,20952347,,,,,,,132456180,1.37335177,
2/21/2014,1/0/1900,17.338,16868047,,,,,,,123721380,1.4279876,
2/28/2014,2/28/2014,18.105,17987476,,,,,,,114986580,1.482623431,
3/7/2014,1/0/1900,18.603,14554517,,,,,,,116630330,1.653168357,
3/14/2014,3/14/2014,18.687,17773262,,,,,,,118274080,1.823713283,
3/21/2014,1/0/1900,18.031,15385478,,,,,,,120850750,1.702300037,
3/28/2014,3/31/2014,16.914,23160998,,,,,,,123427420,1.580886791,
4/4/2014,1/0/1900,16.15,31241346,,,,,,,118756200,1.246025591,
4/11/2014,4/15/2014,15.587,32048847,,,,,,,114084980,0.911164391,
4/18/2014,1/0/1900,16.246,18266448,,,,,,,123165510,0.931340633,
4/25/2014,4/30/2014,15.191,35535374,,,,,,,132246040,0.951516875,
5/2/2014,1/0/1900,15.401,33386282,,,,,,,134259350,1.301719023,
5/9/2014,5/15/2014,14.612,22106322,,,,,,,136272660,1.651921171,
5/16/2014,1/0/1900,14.885,18476422,,,,,,,136028840,1.776423063,
5/23/2014,1/0/1900,15.612,15406626,,,,,,,135785020,1.900924955,
5/30/2014,5/30/2014,15.627,14177183,,,,,,,135541200,2.025426847,
6/6/2014,1/0/1900,16.483,19722549,,,,,,,141866060,1.984809283,
6/13/2014,6/13/2014,16.313,18285819,,,,,,,148190920,1.944191719,
6/20/2014,1/0/1900,16.21,23027569,,,,,,,147888150,2.019166637,
6/27/2014,6/30/2014,16.229,12667391,,,,,,,147585380,2.094141555,
7/4/2014,1/0/1900,16.875,10469483,,,,,,,149409830,2.038237239,
7/11/2014,7/15/2014,17.31,20521461,,,,,,,151234280,1.982332923,
7/18/2014,1/0/1900,17.933,20322075,,,,,,,150951140,1.727889237,
7/25/2014,7/31/2014,16.201,32163514,,,,,,,150668000,1.473445552,
8/1/2014,1/0/1900,15.353,25392525,,,,,,,151352880,1.69829991,
8/8/2014,1/0/1900,15.84,14987112,,,,,,,152037760,1.923154268,
8/15/2014,8/15/2014,16.681,16628953,,,,,,,152722640,2.148008626,
8/22/2014,1/0/1900,16.58,10191163,,,,,,,156918510,2.827180641,
8/29/2014,8/29/2014,16.952,12739853,,,,,,,161114380,3.506352657,
9/5/2014,1/0/1900,17.319,10373561,,,,,,,158383640,2.97025407,
9/12/2014,9/15/2014,16.559,17514180,,,,,,,155652900,2.434155483,
9/19/2014,1/0/1900,16.566,20857910,,,,,,,148327850,2.290009801,
9/26/2014,9/30/2014,16.16,14662288,,,,,,,141002800,2.145864119,
10/3/2014,1/0/1900,16.137,14247733,,,,,,,142065400,2.103665084,
10/10/2014,10/15/2014,15.569,15361520,,,,,,,143128000,2.061466048,
10/17/2014,1/0/1900,15.182,22155261,,,,,,,147688793.3,1.80369852,
10/24/2014,1/0/1900,14.353,38339757,,,,,,,152249586.7,1.545930993,
10/31/2014,10/31/2014,15.273,24970205,,,,,,,156810380,1.288163465,
11/7/2014,1/0/1900,14.993,17729642,,,,,,,157837750,1.659451764,
11/14/2014,11/14/2014,16.391,21332056,,,,,,,158865120,2.030740062,
11/21/2014,1/0/1900,16.632,19481368,,,,,,,159458940,2.220628709,
11/28/2014,11/28/2014,16.932,10340856,,,,,,,160052760,2.410517355,
12/5/2014,1/0/1900,15.632,19958862,,,,,,,156753180,2.228965695,
12/12/2014,12/15/2014,15.366,17337866,,,,,,,153453600,2.047414035,
12/19/2014,1/0/1900,14.995,31070991,,,,,,,150075430,1.90688384,
12/26/2014,12/31/2014,15.455,10974775,,,,,,,146697260,1.766353646,
1/2/2015,1/0/1900,15.426,9923665,,,,119,4,-2,148639110,1.961213957,
1/9/2015,1/15/2015,14.847,14587278,,,,1510,128,-23,150580960,2.156074269,
1/16/2015,1/0/1900,14.537,20922592,,,,2315,160,-67,149549166.7,1.797864336,
1/23/2015,1/0/1900,15.62,22940882,,,,1996,138,-23,148517373.3,1.439654403,
1/30/2015,1/30/2015,17.726,41058695,4547,895,-868,2628,371,-58,147485580,1.08144447,
2/6/2015,1/0/1900,18.714,31730885,4007,366,-171,2003,123,-37,160565020,1.57606748,
2/13/2015,2/13/2015,19.091,14010859,2185,155,-71,1341,62,-13,173644460,2.070690489,
2/20/2015,1/0/1900,19.183,12479385,1835,154,-51,1233,63,-15,158755620,2.328576747,
2/27/2015,2/27/2015,19.008,12471778,2423,182,-65,1423,60,-20,143866780,2.586463005,
3/6/2015,1/0/1900,19.004,11650172,2644,295,-70,1622,111,-25,138016240,2.613927564,
3/13/2015,3/13/2015,18.529,13332971,2156,127,-169,1364,93,-24,132165700,2.641392123,
3/20/2015,1/0/1900,18.924,12699864,2250,152,-73,1606,105,-31,125894800,2.49768239,
3/27/2015,3/31/2015,18.528,13426167,3152,213,-107,1883,138,-35,119623900,2.353972657,
4/3/2015,1/0/1900,18.612,8651364,3330,120,-48,1674,157,-24,125824850,2.590386253,
4/10/2015,4/15/2015,19.132,12595447,3318,187,-89,1708,126,-34,132025800,2.826799849,
4/17/2015,1/0/1900,18.778,12314578,2513,291,-60,1675,126,-16,129743300,1.987451997,
4/24/2015,4/30/2015,22.255,37949474,7377,1469,-496,2908,400,-56,127460800,1.148104145,
5/1/2015,1/0/1900,21.143,20251242,3603,334,-144,2045,164,-34,122561520,1.468777175,
5/8/2015,1/0/1900,21.684,13342056,2823,440,-79,1677,93,-7,117662240,1.789450205,
5/15/2015,5/15/2015,21.3,12451384,2777,89,-67,1446,98,-20,112762960,2.110123236,
5/22/2015,1/0/1900,21.382,13180048,3195,336,-81,1699,132,-12,103377270,1.99084239,
5/29/2015,5/29/2015,21.462,9390238,5701,545,-427,1450,150,-50,93991580,1.871561544,
6/5/2015,1/0/1900,21.347,11062010,2711,216,-79,1433,82,-12,99891740,2.112054035,
6/12/2015,6/15/2015,21.496,11603528,6184,279,-171,1788,139,-38,105791900,2.352546526,
6/19/2015,1/0/1900,21.746,14396212,7905,386,-115,2018,152,-24,106945810,2.157740642,
6/26/2015,6/30/2015,21.905,12487363,9377,460,-590,2491,145,-58,108099720,1.962934757,
7/3/2015,1/0/1900,21.885,8668082,2907,154,-82,1415,128,-23,112060480,2.039132387,
7/10/2015,7/15/2015,22.176,12401883,2750,291,-78,1801,126,-30,116021240,2.115330017,
7/17/2015,1/0/1900,24.15,20668605,9253,1088,-339,3292,353,-54,111313813.3,1.68295051,
7/24/2015,1/0/1900,26.471,41756336,11874,2810,-521,3357,584,-44,106606386.7,1.250571004,
7/31/2015,7/31/2015,26.808,23212787,7214,702,-301,2583,320,-22,101898960,0.818191497,
8/7/2015,1/0/1900,26.131,16594797,2980,346,-214,1785,105,-16,100774280,1.217219677,
8/14/2015,8/14/2015,26.576,14175166,3601,381,-135,1424,99,-20,99649600,1.616247857,
8/21/2015,1/0/1900,24.723,18064589,13063,322,-462,2822,111,-81,113734620,1.482900679,
8/28/2015,8/31/2015,25.9,30912919,6958,553,-344,2338,213,-31,127819640,1.349553502,
9/4/2015,1/0/1900,24.95,16369689,7354,301,-154,1861,143,-19,145945540,1.902150468,
9/11/2015,9/15/2015,26.472,13947420,5527,342,-160,1930,115,-39,164071440,2.454747434,
9/18/2015,1/0/1900,27.013,18525907,8389,228,-203,2657,222,-33,155115930,2.153999212,
9/25/2015,9/30/2015,26.212,16759291,4241,191,-415,2257,76,-35,146160420,1.853250991,
10/2/2015,1/0/1900,26.627,22204742,6892,337,-177,2728,228,-41,141600870,1.810899735,
10/9/2015,10/15/2015,26.99,19932274,19223,377,-361,2689,309,-49,137041320,1.76854848,
10/16/2015,1/0/1900,28.538,18514554,11202,433,-644,2041,121,-29,136378380,1.632273405,
10/23/2015,1/0/1900,29.951,30307453,27878,4889,-3196,3788,526,-151,135715440,1.495998331,
10/30/2015,10/30/2015,31.295,19655935,10739,613,-861,2228,142,-82,135052500,1.359723256,
11/6/2015,1/0/1900,32.968,19702528,22363,952,-1001,2825,239,-28,138312240,1.499309896,
11/13/2015,11/13/2015,32.118,23409230,12488,797,-670,2217,168,-20,141571980,1.638896536,
11/20/2015,1/0/1900,33.423,24733031,15652,545,-283,2610,155,-15,126079280,1.446149549,
11/27/2015,11/30/2015,33.663,13571446,12516,424,-248,2578,137,-72,110586580,1.253402562,
12/4/2015,1/0/1900,33.632,24095961,26045,1567,-373,3931,285,-40,106653600,1.200628365,
12/11/2015,12/15/2015,32.007,21433585,13278,468,-202,2366,149,-47,102720620,1.147854167,
12/18/2015,1/0/1900,33.207,23528521,11856,413,-484,2343,156,-53,99195300,1.215463773,
12/25/2015,12/31/2015,33.139,9696461,10358,332,-630,2249,118,-28,95669980,1.283073379,
1/1/2016,1/0/1900,33.794,16768448,13973,2251,-299,1932,170,-19,96374633.33,1.10477662,
1/8/2016,1/0/1900,30.353,32978691,12931,652,-906,2218,51,-59,97079286.67,0.92647986,
1/15/2016,1/15/2016,28.509,32225396,16425,1016,-1260,2448,48,-51,97783940,0.748183101,
1/22/2016,1/0/1900,29.819,22800991,9383,868,-392,1841,42,-13,107857140,0.783165778,
1/29/2016,1/29/2016,29.35,41551290,29261,3498,-5313,3942,301,-135,117930340,0.818148455,
2/5/2016,1/0/1900,25.107,38552873,21908,522,-745,2698,64,-79,118250640,0.803171019,
2/12/2016,2/12/2016,25.354,36396978,15461,1586,-412,2230,99,-29,118570940,0.788193583,
2/19/2016,1/0/1900,26.745,19639475,8520,517,-241,1802,56,-21,128962850,1.104313864,
2/26/2016,2/29/2016,27.761,25217177,12488,351,-268,2363,66,-26,139354760,1.420434146,
3/4/2016,1/0/1900,28.757,19896085,21967,602,-663,3020,50,-22,137787530,1.545535576,
3/11/2016,3/15/2016,28.48,21717275,19978,355,-383,2459,42,-34,136220300,1.670637007,
3/18/2016,1/0/1900,27.604,24052512,17466,435,-371,2121,37,-38,133747690,1.569365468,
3/25/2016,3/31/2016,29.147,18282744,13485,236,-897,2022,25,-64,131275080,1.468093929,
4/1/2016,1/0/1900,29.925,16850099,14169,500,-365,1950,24,-24,130507853.3,1.710632039,
4/8/2016,1/0/1900,29.73,13372148,18635,447,-433,2737,51,-30,129740626.7,1.953170149,
4/15/2016,4/15/2016,31.295,15955794,15027,461,-201,2532,31,-15,128973400,2.195708259,
4/22/2016,1/0/1900,31.025,18660186,19738,385,-392,2916,86,-40,120785110,1.707284898,
4/29/2016,4/29/2016,32.979,27181331,24769,6017,-1271,3939,317,-90,112596820,1.218861538,
5/6/2016,1/0/1900,33.697,25356351,12858,1486,-449,2195,110,-19,117731390,1.193109831,
5/13/2016,5/13/2016,35.496,27184676,24939,2055,-778,2976,175,-34,122865960,1.167358123,
5/20/2016,1/0/1900,35.14,20709873,27419,794,-579,2979,51,-53,113423540,1.336146445,
5/27/2016,5/31/2016,35.612,13571943,15608,596,-343,2434,49,-24,103981120,1.504934767,
6/3/2016,1/0/1900,36.277,13257927,11100,747,-516,2137,45,-31,103351470,1.649287883,
6/10/2016,6/15/2016,35.896,13238144,14792,2007,-681,2608,79,-17,102721820,1.793640999,
6/17/2016,1/0/1900,35.319,17511990,8899,547,-1387,2127,43,-75,103028420,1.556002258,
6/24/2016,6/30/2016,34.948,18463014,11940,444,-471,2445,48,-37,103335020,1.318363517,
7/1/2016,1/0/1900,36.284,18430878,20721,551,-260,2678,49,-9,104975540,1.40738519,
7/8/2016,1/0/1900,37.291,12722595,12338,454,-145,1526,38,-14,106616060,1.496406862,
7/15/2016,7/15/2016,36.772,18413976,30530,2496,-786,3668,247,-51,108256580,1.585428535,
7/22/2016,1/0/1900,37.243,11930341,14070,669,-475,2330,51,-10,99942630,1.456387421,
7/29/2016,7/29/2016,37.94,22053122,25588,5441,-545,4367,349,-21,91628680,1.327346306,
8/5/2016,1/0/1900,38.299,16627776,18282,895,-257,2761,91,-15,88993950,1.517110136,
8/12/2016,8/15/2016,38.628,9036961,18586,1845,-359,3127,96,-66,86359220,1.706873965,
8/19/2016,1/0/1900,37.866,9400629,10996,542,-174,2239,42,-6,88257890,2.07250295,
8/26/2016,8/31/2016,38.45,9333474,17487,345,-187,2496,41,-18,90156560,2.438131935,
9/2/2016,1/0/1900,38.622,9574078,16766,323,-198,2717,17,-12,90227580,2.018873302,
9/9/2016,9/15/2016,38.007,12413847,16231,508,-391,2147,22,-34,90298600,1.599614669,
9/16/2016,1/0/1900,38.926,17295626,20026,675,-222,3152,50,-8,99079193.33,1.612749842,
9/23/2016,1/0/1900,40.287,13363526,14053,1051,-179,2800,70,-20,107859786.7,1.625885015,
9/30/2016,9/30/2016,41.866,20224728,19680,1173,-312,3063,65,-17,116640380,1.639020188,
10/7/2016,1/0/1900,41.972,14273933,24170,933,-706,3603,61,-43,116080220,1.84385912,
10/14/2016,10/14/2016,41.148,13861593,23702,615,-365,3536,58,-31,115520060,2.048698052,
10/21/2016,1/0/1900,40.95,13887380,15425,523,-485,3085,34,-68,109960520,1.611747203,
10/28/2016,10/31/2016,38.816,29266440,23433,2205,-4078,3985,218,-93,104400980,1.174796354,
11/4/2016,1/0/1900,37.752,24673031,17346,656,-753,2609,61,-39,111262050,1.046606174,
11/11/2016,11/15/2016,36.951,37258207,15752,553,-583,2679,47,-72,118123120,0.918415994,
11/18/2016,1/0/1900,38.008,25683542,21185,1016,-1202,3691,52,-66,124459080,1.290119272,
11/25/2016,11/30/2016,39.019,15277861,16182,629,-712,2173,29,-31,130795040,1.66182255,
12/2/2016,1/0/1900,37.017,20466204,26222,710,-1057,4030,48,-44,129882410,1.652119378,
12/9/2016,12/15/2016,38.433,17427663,29824,565,-416,3367,47,-36,128969780,1.642416206,
12/16/2016,1/0/1900,37.889,22300621,31508,482,-390,6393,28,-33,123672520,1.713245121,
12/23/2016,1/0/1900,38.029,12350823,16300,449,-676,2272,28,-14,118375260,1.784074035,
12/30/2016,12/30/2016,37.493,13200976,26700,1405,-903,2079,96,-48,113078000,1.854902949,
1/6/2017,1/0/1900,39.799,17826537,25052,1304,-568,2386,211,-37,114591500,1.663125023,
1/13/2017,1/13/2017,40.857,17629704,40950,1938,-1878,3822,432,-176,116105000,1.471347098,
1/20/2017,1/0/1900,40.417,11915742,20455,567,-441,2872,213,-57,115144930,1.627512283,
1/27/2017,1/31/2017,41.789,16259551,29611,909,-594,2821,253,-49,114184860,1.783677468,
2/3/2017,1/0/1900,40.51,28540734,42481,2514,-4008,4894,317,-225,119696260,1.622239125,
2/10/2017,2/15/2017,41.373,15057465,23057,847,-969,2702,51,-36,125207660,1.460800783,
2/17/2017,1/0/1900,42.254,15664578,24052,776,-456,2606,64,-22,121714950,1.691079442,
2/24/2017,2/28/2017,42.262,13265766,15338,665,-539,2272,40,-21,118222240,1.921358102,
3/3/2017,1/0/1900,42.494,12328121,34329,519,-2205,4054,30,-40,114013490,2.164813594,
3/10/2017,3/15/2017,42.623,11620515,22740,647,-548,3118,28,-16,109804740,2.408269086,
3/17/2017,1/0/1900,42.616,11820931,24925,536,-438,2442,41,-11,104794606.7,2.137214906,
3/24/2017,1/0/1900,42.28,13374290,22754,538,-251,3542,41,-60,99784473.33,1.866160725,
3/31/2017,3/31/2017,44.327,16978559,44529,1665,-1166,4157,168,-45,94774340,1.595106544,
4/7/2017,4/13/2017,44.744,25939513,45648,1884,-720,3808,0,0,105840300,1.259951673,
4/14/2017,1/0/1900,44.234,11809906,34900,1255,-511,2456,0,0,101789213.3,1.276836305,
4/21/2017,1/0/1900,44.926,13928888,34576,689,-994,3111,0,0,97738126.67,1.293720936,
4/28/2017,4/28/2017,46.25,21647322,45663,3085,-1040,4796,0,0,93687040,1.310605567,
5/5/2017,1/0/1900,46.708,18129615,27097,991,-505,3008,0,0,92885850,1.338812419,
5/12/2017,5/15/2017,48.068,14569962,39022,804,-886,3776,0,0,92084660,1.367019271,
5/19/2017,1/0/1900,47.992,20372426,40800,1427,-915,3790,0,0,98655210,1.421704151,
5/26/2017,5/31/2017,49.789,15779681,42328,1311,-892,2898,0,0,105225760,1.47638903,
6/2/2017,1/0/1900,50.336,13370847,24119,2527,-404,2912,14,-17,102309290,1.297228242,
6/9/2017,6/15/2017,48.916,19268852,33002,1611,-1249,4271,65,-25,99392820,1.118067453,
6/16/2017,1/0/1900,49.386,34641070,35693,1113,-1636,3766,72,-49,98843566.67,1.124331625,
6/23/2017,1/0/1900,50.187,17132021,60933,2044,-1343,6577,182,-95,98294313.33,1.130595796,
6/30/2017,6/30/2017,48.4,18543192,37142,939,-1264,5062,103,-62,97745060,1.136859968,
7/7/2017,1/0/1900,48.938,12405083,14461,444,-326,2619,57,-28,99470450,1.393743959,
7/14/2017,7/14/2017,50.09,15078412,32163,2189,-1093,6156,232,-102,101195840,1.650627949,
7/21/2017,1/0/1900,51.284,16443906,28977,1654,-1289,4629,149,-93,97784510,1.331366018,
7/28/2017,7/31/2017,51.002,27108958,49793,4189,-2976,7030,468,-282,94373180,1.012104087,
8/4/2017,1/0/1900,49.379,21894864,28582,1554,-1607,3852,84,-124,98199640,1.231894296,
8/11/2017,8/15/2017,48.4,18189166,20138,891,-1364,3480,80,-80,102026100,1.451684505,
8/18/2017,1/0/1900,47.924,15569670,27426,1378,-1715,5107,98,-189,99891110,1.482300883,
8/25/2017,8/31/2017,47.263,17049218,36487,734,-3683,4722,96,-77,97756120,1.51291726,
9/1/2017,1/0/1900,48.912,14194459,34152,1019,-2774,4702,96,-84,103034480,1.671642428,
9/8/2017,1/0/1900,48.295,10273427,26271,587,-1724,4211,93,-79,108312840,1.830367596,
9/15/2017,9/15/2017,49.34,15656872,24628,956,-903,3915,105,-35,113591200,1.989092763,
9/22/2017,1/0/1900,47.755,13688485,28793,779,-637,4640,63,-51,120214640,2.022223097,
9/29/2017,9/29/2017,48.068,16795231,27213,790,-1076,4781,88,-47,126838080,2.055353431,
10/6/2017,1/0/1900,49.479,14575872,30717,890,-5039,5078,94,-173,117581570,1.945322684,
10/13/2017,10/13/2017,50.147,14866315,33258,1066,-3428,5219,107,-163,108325060,1.835291937,
10/20/2017,1/0/1900,49.146,12248441,33727,555,-3930,5347,66,-150,113459620,1.57872463,
10/27/2017,10/31/2017,55.048,31165586,45435,4120,-1749,6976,327,-81,118594180,1.322157323,
11/3/2017,1/0/1900,55.58,21248907,20071,961,-433,3798,99,-44,115276090,1.522268608,
11/10/2017,11/15/2017,56.268,14499241,20792,667,-568,4367,50,-60,111958000,1.722379893,
11/17/2017,1/0/1900,56.494,14537493,18559,801,-1236,5418,98,-62,109983930,1.513551824,
11/24/2017,11/30/2017,59.3,11685063,11001,497,-363,3540,56,-32,108009860,1.304723756,
12/1/2017,1/0/1900,58.118,29082259,22730,1589,-607,6652,245,-64,109733120,1.419589666,
12/8/2017,1/0/1900,58.1,18267431,17865,799,-523,5141,76,-70,111456380,1.534455575,
12/15/2017,12/15/2017,58.957,15052894,13017,714,-523,3954,56,-28,113179640,1.649321485,
12/22/2017,1/0/1900,58.418,11513762,8502,430,-425,3506,72,-49,107060540,1.945542831,
12/29/2017,12/29/2017,58.473,8371748,2752,149,-92,2433,49,-17,100941440,2.241764177,
1/5/2018,1/0/1900,61.457,12320429,3134,193,-115,3189,84,-22,109415960,1.961184388,
1/12/2018,1/12/2018,65.26,19145774,5015,296,-141,4415,161,-18,117890480,1.680604599,
1/19/2018,1/0/1900,64.729,20872408,6398,242,-378,4364,83,-34,110792010,1.319935358,
1/26/2018,1/31/2018,70.103,25605360,8577,582,-300,5029,88,-20,103693540,0.959266117,
2/2/2018,1/0/1900,71.497,37878148,15002,1427,-1000,8539,398,-135,103636720,0.772815161,
2/9/2018,2/15/2018,66.98,52111223,7990,511,-608,5050,98,-41,103579900,0.586364206,
2/16/2018,1/0/1900,72.435,28638173,6661,435,-532,5074,138,-64,99550520,0.761045392,
2/23/2018,2/28/2018,75,21945315,5797,483,-432,3795,85,-31,95521140,0.935726578,
3/2/2018,1/0/1900,75.012,27628969,15006,855,-710,4919,96,-24,96837700,0.95135104,
3/9/2018,3/15/2018,78.945,22181607,17167,875,-671,6335,160,-40,98154260,0.966975501,
3/16/2018,1/0/1900,78.584,25246682,14995,719,-984,4878,87,-66,89598810,0.755185271,
3/23/2018,3/29/2018,74.778,29893006,15784,988,-856,4882,111,-35,81043360,0.54339504,
3/30/2018,1/0/1900,72.367,38729864,16022,666,-1632,4627,43,-211,84436813.33,0.620284077,
4/6/2018,1/0/1900,70.261,39732256,28499,1065,-3385,7640,81,-475,87830266.67,0.697173115,
4/13/2018,4/13/2018,71.539,18750896,12629,641,-688,3806,56,-93,91223720,0.774062152,
4/20/2018,1/0/1900,76.374,24878654,17540,1191,-762,6059,162,-47,100648560,0.811814639,
4/27/2018,4/30/2018,78.631,39619143,20787,2384,-1171,8018,516,-76,110073400,0.849567125,
5/4/2018,1/0/1900,79.048,21875146,10922,690,-685,4742,111,-50,108513120,1.163717194,
5/11/2018,5/15/2018,80.146,15499540,9924,592,-417,4914,83,-23,106952840,1.477867263,
5/18/2018,1/0/1900,78.718,14805982,10116,424,-571,5491,78,-17,102865330,1.592041281,
5/25/2018,5/31/2018,80.507,14251500,9658,397,-399,4338,64,-50,98777820,1.7062153,
6/1/2018,1/0/1900,82.077,13190173,6363,383,-296,3082,45,-31,99523493.33,1.607852229,
6/8/2018,1/0/1900,84.2,20082842,9932,657,-441,4397,63,-70,100269166.7,1.509489158,
6/15/2018,6/15/2018,85.799,15722423,8689,444,-472,3855,47,-63,101014840,1.411126086,
6/22/2018,1/0/1900,85.784,20656678,10585,546,-593,5166,53,-99,93260800,1.163795975,
6/29/2018,6/29/2018,84.99,25577478,11920,716,-598,5440,143,-85,85506760,0.916465864,
7/6/2018,1/0/1900,85.532,10918413,5523,275,-206,2208,27,-24,84479100,1.103201414,
7/13/2018,7/13/2018,90.651,17963789,9282,786,-383,3941,83,-22,83451440,1.289936965,
7/20/2018,1/0/1900,90.685,24407340,17796,1197,-1356,8127,332,-105,87422360,1.045898357,
7/27/2018,7/31/2018,90.864,31052348,20461,1953,-1602,6109,404,-107,91393280,0.80185975,
8/3/2018,1/0/1900,91.164,24190934,10970,727,-719,3989,124,-72,93937700,0.94896817,
8/10/2018,8/15/2018,94.315,19107319,9962,718,-415,3582,44,-22,96482120,1.096076591,
8/17/2018,1/0/1900,94.111,25058148,10103,715,-623,4342,84,-36,92876260,1.086481957,
8/24/2018,1/0/1900,95.27,15310871,8326,529,-373,3215,44,-9,89270400,1.076887323,
8/31/2018,8/31/2018,100.635,24452337,14656,1325,-731,4818,162,-83,85664540,1.067292689,
9/7/2018,1/0/1900,97.604,26230313,14017,1300,-1017,5517,445,-66,93266840,1.005707764,
9/14/2018,9/14/2018,98.509,21098499,11731,842,-661,4874,93,-53,100869140,0.944122839,
9/21/2018,1/0/1900,95.751,25167835,15459,853,-1149,7244,96,-201,93937930,0.936179637,
9/28/2018,9/28/2018,100.15,21047654,11819,875,-568,4510,89,-61,87006720,0.928236436,
10/5/2018,1/0/1900,94.482,28042635,16853,1190,-944,6431,131,-158,94699450,0.810551637,
10/12/2018,10/15/2018,89.43,46202474,16531,697,-1058,5103,57,-98,102392180,0.692866838,
10/19/2018,1/0/1900,88.201,29163957,11622,644,-749,4694,82,-105,102872040,0.650226783,
10/26/2018,10/31/2018,82.141,42915450,20237,1461,-1902,6172,277,-153,103351900,0.607586729,
11/2/2018,1/0/1900,83.276,50546528,18520,922,-1338,4612,71,-108,103880700,0.695760526,
11/9/2018,11/15/2018,85.621,30401022,13549,466,-568,5835,90,-99,104409500,0.783934322,
11/16/2018,1/0/1900,79.671,33541385,21478,618,-974,8351,74,-148,107035040,0.80583988,
11/23/2018,1/0/1900,75.103,26980822,10273,322,-651,4299,26,-50,109660580,0.827745437,
11/30/2018,11/30/2018,84.508,32759458,13418,613,-504,6708,102,-83,112286120,0.849650995,
12/7/2018,1/0/1900,81.456,31703964,9007,335,-438,3728,80,-29,112412640,0.821208111,
12/14/2018,12/14/2018,79.595,31863050,10087,310,-502,4201,48,-44,112539160,0.792765227,
12/21/2018,1/0/1900,68.872,47290623,11880,304,-647,4345,36,-60,113317180,0.710111045,
12/28/2018,12/31/2018,73.901,36006692,7681,418,-403,2454,69,-38,114095200,0.627456864,
1/4/2019,1/0/1900,78.77,30909484,6621,319,-440,2214,41,-10,112148840,0.704004694,
1/11/2019,1/15/2019,82.028,34293346,13178,763,-465,7144,169,-69,110202480,0.780552525,
1/18/2019,1/0/1900,84.81,28450365,10458,540,-517,4135,36,-44,98378760,0.765416363,
1/25/2019,1/31/2019,83.529,20606246,7939,335,-460,3720,43,-32,86555040,0.750280201,
2/1/2019,1/0/1900,81.312,36904652,17890,1547,-1149,5729,353,-133,90309033.33,0.824376912,
2/8/2019,1/0/1900,79.411,23541002,11715,569,-764,5455,68,-247,94063026.67,0.898473623,
2/15/2019,2/15/2019,80.397,20116775,17258,562,-976,8425,55,-328,97817020,0.972570335,
2/22/2019,2/28/2019,81.578,13537155,8217,377,-514,4051,73,-69,85168260,1.32944954,
3/1/2019,1/0/1900,83.587,16644981,9176,371,-539,4973,58,-75,87329806.67,1.222450072,
3/8/2019,1/0/1900,81.04,23412719,10962,548,-688,5740,58,-58,89491353.33,1.115450604,
3/15/2019,3/15/2019,85.618,21377187,9195,481,-401,3539,43,-47,91652900,1.008451136,
3/22/2019,1/0/1900,88.239,29984363,10253,568,-408,4151,96,-58,93067860,0.968730085,
3/29/2019,3/29/2019,89.037,20611173,9127,558,-434,3982,34,-19,94482820,0.929009034,
4/5/2019,1/0/1900,91.864,18774550,11220,725,-680,6357,123,-110,73042070,0.829698978,
4/12/2019,4/15/2019,92.153,16114746,10447,483,-491,6196,131,-115,51601320,0.730388922,
4/19/2019,1/0/1900,93.085,12330692,6398,351,-377,3562,50,-34,52086990,0.674838614,
4/26/2019,4/30/2019,97.532,25634290,13875,1469,-595,6029,421,-45,52572660,0.619288306,
5/3/2019,1/0/1900,98.123,20865128,9347,550,-423,4390,152,-26,54121650,0.588053536,
5/10/2019,5/15/2019,94.499,26288889,8794,311,-554,4587,41,-135,55670640,0.556818766,
5/17/2019,1/0/1900,93.45,24458200,10987,750,-438,6034,79,-61,57761506.67,0.633979034,
5/24/2019,1/0/1900,91.164,18492038,8376,290,-437,4333,41,-41,59852373.33,0.711139301,
5/31/2019,5/31/2019,88.754,15204633,5808,336,-218,4003,74,-40,61943240,0.788299569,
6/7/2019,1/0/1900,90.201,27394453,9889,364,-542,5784,53,-151,63569780,0.754249062,
6/14/2019,6/14/2019,93.483,17694824,8362,498,-457,4883,104,-123,65196320,0.720198556,
6/21/2019,1/0/1900,95.565,16482515,6567,297,-292,3943,41,-55,62020570,0.858781151,
6/28/2019,6/28/2019,94.682,12877269,7027,228,-340,4587,45,-66,58844820,0.997363745,
7/5/2019,1/0/1900,97.146,10147651,4515,173,-208,3142,33,-35,62995390,1.020886916,
7/12/2019,7/15/2019,100.55,18919274,10091,600,-431,6467,92,-139,67145960,1.044410087,
7/19/2019,1/0/1900,98.226,14640823,12464,542,-714,9773,177,-256,70247710,1.058266339,
7/26/2019,7/31/2019,97.152,16922884,11086,782,-727,6859,349,-199,73349460,1.07212259,
8/2/2019,1/0/1900,91.162,21491522,9556,432,-765,5914,144,-111,70814200,0.930630145,
8/9/2019,8/15/2019,90.379,22105049,9027,375,-585,4824,104,-152,68278940,0.7891377,
8/16/2019,1/0/1900,89.629,18558851,7086,370,-384,4373,124,-49,67454193.33,0.898471254,
8/23/2019,1/0/1900,87.481,14671167,10188,319,-674,4683,54,-52,66629446.67,1.007804807,
8/30/2019,8/30/2019,88.814,14571178,10974,329,-709,4432,40,-84,65804700,1.117138361,
9/6/2019,1/0/1900,91.675,11658045,4493,204,-164,3563,64,-63,65206250,1.151010831,
9/13/2019,9/13/2019,91.967,12796318,5422,193,-224,5478,70,-105,64607800,1.184883301,
9/20/2019,1/0/1900,89.708,15817899,6123,164,-277,6417,36,-90,69056550,1.132079645,
9/27/2019,9/30/2019,86.272,18763995,8512,246,-329,6766,47,-74,73505300,1.079275989,
10/4/2019,1/0/1900,86.982,15333266,5013,170,-212,4437,47,-34,70788850,1.151718401,
10/11/2019,10/15/2019,86.596,12775869,4901,167,-227,4332,36,-63,68072400,1.224160813,
10/18/2019,1/0/1900,87.876,13913630,5151,233,-156,4388,69,-111,68405170,1.108047612,
10/25/2019,10/31/2019,88.066,21210734,10661,560,-1049,7520,164,-265,68737940,0.991934411,
11/1/2019,1/0/1900,89.572,13897957,5728,373,-333,5614,63,-88,71211340,1.171534826,
11/8/2019,1/0/1900,89.294,11433116,4554,182,-182,4218,46,-38,73684740,1.351135241,
11/15/2019,11/15/2019,86.975,13030845,5894,257,-250,3271,27,-87,76158140,1.530735655,
11/22/2019,1/0/1900,87.286,12947942,5582,176,-217,2709,14,-55,73678830,1.414318507,
11/29/2019,11/29/2019,90.04,11594559,4320,185,-251,2430,48,-62,71199520,1.29790136,
12/6/2019,1/0/1900,87.58,16027131,6877,240,-240,3350,27,-106,71868350,1.340898362,
12/13/2019,12/13/2019,88.047,12889088,6165,223,-376,3040,24,-157,72537180,1.383895365,
12/20/2019,1/0/1900,89.325,17921833,5236,179,-287,2216,41,-43,77879320,1.30530996,
12/27/2019,12/31/2019,93.49,15198618,5492,414,-104,1751,76,-36,83221460,1.226724555,
1/3/2020,1/0/1900,93.748,13967210,4280,183,-128,1203,55,-17,79056490,1.204338773,
1/10/2020,1/15/2020,94.158,17535568,6923,310,-217,2080,28,-32,74891520,1.181952991,
1/17/2020,1/0/1900,93.236,15735491,7259,347,-321,3649,32,-396,73406906.67,1.162387465,
1/24/2020,1/0/1900,93.082,13152824,5676,239,-299,4436,19,-292,71922293.33,1.14282194,
1/31/2020,1/31/2020,100.436,29855431,11784,1178,-504,4084,211,-109,70437680,1.123256415,
2/7/2020,1/0/1900,103.964,23789391,7399,515,-343,2924,84,-115,71541830,1.005849405,
2/14/2020,2/14/2020,106.743,19716539,9331,545,-496,4111,78,-261,72645980,0.888442394,
2/21/2020,1/0/1900,104.799,13262440,5370,218,-209,2916,18,-49,71196810,0.7654954,
2/28/2020,2/28/2020,94.188,35489622,6727,211,-356,2031,17,-48,69747640,0.642548406,
3/6/2020,1/0/1900,95.054,28975114,6487,353,-317,2516,24,-47,78867520,0.682909912,
3/13/2020,3/13/2020,89.25,40529670,7090,250,-327,2261,17,-52,87987400,0.723271417,
3/20/2020,1/0/1900,92.304,49521956,10353,781,-564,2961,49,-52,92439160,0.689481692,
3/27/2020,3/31/2020,95.005,32941478,7326,391,-405,2796,22,-50,96890920,0.655691967,
4/3/2020,1/0/1900,95.329,23246351,7111,221,-747,2692,21,-107,97927680,0.862507064,
4/10/2020,4/15/2020,102.138,19459397,4256,228,-222,1801,31,-42,98964440,1.069322161,
4/17/2020,1/0/1900,118.75,41390589,12486,1017,-634,4410,130,-151,84695940,0.848597213,
4/24/2020,4/30/2020,120.511,26257594,6926,368,-377,2669,74,-71,70427440,0.627872266,
5/1/2020,1/0/1900,114.302,34336420,14434,828,-1045,4187,236,-232,69916206.67,0.717705419,
5/8/2020,1/0/1900,118.98,17769040,6646,284,-409,2553,32,-159,69404973.33,0.807538572,
5/15/2020,5/15/2020,120.489,18942811,6745,342,-236,2559,77,-41,68893740,0.897371725,
5/22/2020,1/0/1900,121.844,20606711,7342,411,-203,2411,34,-42,69977920,0.942110579,
5/29/2020,5/29/2020,122.118,15255922,5207,170,-174,2220,34,-34,71062100,0.986849433,
6/5/2020,1/0/1900,124.15,14356440,6869,330,-329,2643,42,-74,71482180,0.989801624,
6/12/2020,6/15/2020,127.251,25247395,8928,497,-347,2992,66,-123,71902260,0.992753815,
6/19/2020,1/0/1900,133.751,18637049,5755,231,-143,2414,55,-135,74458840,1.020348931,
6/26/2020,6/30/2020,134.643,21372794,7163,562,-215,2872,49,-27,77015420,1.047944046,
7/3/2020,1/0/1900,144.515,20913102,6359,428,-262,2416,46,-15,74696320,0.842964595,
7/10/2020,7/15/2020,160,28949782,10118,862,-329,2428,75,-48,72377220,0.637985145,
7/17/2020,1/0/1900,148.098,31743568,9622,664,-393,3023,44,-43,68827926.67,0.643838003,
7/24/2020,1/0/1900,150.445,29001410,9858,845,-353,2778,142,-46,65278633.33,0.649690862,
7/31/2020,7/31/2020,158.234,24287647,16164,1420,-528,6162,301,-186,61729340,0.655543721,
8/7/2020,1/0/1900,158.373,21454286,8177,562,-246,2532,78,-31,52942830,0.642651356,
8/14/2020,8/14/2020,157.401,16256346,7603,357,-286,2435,40,-22,44156320,0.629758992,
8/21/2020,1/0/1900,164.236,19070755,9188,598,-289,3013,62,-46,42428650,0.582722123,
8/28/2020,8/31/2020,170.09,22187193,8127,409,-148,2330,80,-28,40700980,0.535685255,
9/4/2020,1/0/1900,164.731,28336589,9142,557,-258,2930,77,-24,43426470,0.497029518,
9/11/2020,9/15/2020,155.811,21609338,6043,323,-318,2292,44,-46,46151960,0.458373781,
9/18/2020,1/0/1900,147.745,28320853,8680,452,-273,2628,71,-10,50561860,0.497379181,
9/25/2020,9/30/2020,154.757,28716936,9457,453,-281,2860,55,-21,54971760,0.536384581,
10/2/2020,1/0/1900,156.25,23101365,8818,476,-237,3116,38,-36,52585300,0.535247114,
10/9/2020,10/15/2020,164.333,21149868,7564,309,-188,2470,41,-85,50198840,0.534109647,
10/16/2020,1/0/1900,163.635,31433664,11032,610,-375,3307,66,-24,54388753.33,0.582726396,
10/23/2020,1/0/1900,160.22,21911377,6781,341,-264,2026,24,-8,58578666.67,0.631343144,
10/30/2020,10/30/2020,151.807,30557473,10044,950,-519,3316,167,-82,62768580,0.679959893,
11/6/2020,1/0/1900,165.568,29296432,6720,456,-243,2376,70,-40,62205570,0.637285211,
11/13/2020,11/13/2020,156.441,26178944,8102,349,-453,2878,27,-159,61642560,0.594610529,
11/20/2020,1/0/1900,154.97,16470405,8954,336,-335,3660,34,-61,61027240,0.784564655,
11/27/2020,11/30/2020,159.767,14416214,5399,273,-193,2089,15,-33,60411920,0.974518781,
12/4/2020,1/0/1900,158.129,17479702,8756,435,-246,3226,97,-36,60614180,0.981910309,
12/11/2020,12/15/2020,155.821,16131035,8079,343,-390,2551,21,-25,60816440,0.989301836,
12/18/2020,1/0/1900,160.083,21247556,8670,358,-354,3171,67,-105,63342960,0.980914078,
12/25/2020,12/31/2020,158.635,9730212,5882,259,-200,1607,22,-27,65869480,0.972526321,
1/1/2021,1/0/1900,162.846,16675062,6305,382,-133,1124,27,-22,64857700,0.975075891,
1/8/2021,1/0/1900,159.135,18443110,8285,525,-317,3076,79,-29,63845920,0.977625461,
1/15/2021,1/15/2021,155.212,17691998,12353,311,-910,3394,12,-343,62834140,0.980175032,
1/22/2021,1/0/1900,164.611,16324571,7263,424,-268,1966,18,-97,64575940,0.973816258,
1/29/2021,1/29/2021,160.31,18696073,7772,427,-256,2627,47,-34,66317740,0.967457484,
2/5/2021,1/0/1900,167.607,25376004,21618,1487,-1375,8025,461,-196,71119060,1.004805906,
2/12/2021,2/12/2021,163.885,13194915,9024,356,-389,2230,41,-46,75920380,1.042154328,
2/19/2021,1/0/1900,162.495,13164774,7656,335,-574,2213,20,-110,81130490,1.194640013,
2/26/2021,2/26/2021,154.646,19904112,8210,357,-343,1773,5,-29,86340600,1.347125699,
3/5/2021,1/0/1900,150.023,20081465,9307,332,-541,2583,11,-146,89975500,1.378661351,
3/12/2021,3/15/2021,154.475,16377216,6672,257,-280,2298,12,-14,93610400,1.410197002,
3/19/2021,1/0/1900,153.748,16610643,6963,259,-265,2262,23,-45,96540320,1.54670694,
3/26/2021,3/31/2021,152.602,16453244,6668,264,-294,2179,7,-17,99470240,1.683216877,
4/2/2021,1/0/1900,158.05,11067800,4926,181,-346,2229,6,-22,107100780,1.831517061,
4/9/2021,4/15/2021,168.61,16230334,7388,264,-309,3454,27,-36,114731320,1.979817244,
4/16/2021,1/0/1900,169.972,16113125,6687,321,-212,2548,13,-21,108302460,1.787166472,
4/23/2021,1/0/1900,167.044,13409487,6521,240,-272,2624,11,-38,101873600,1.5945157,
4/30/2021,4/30/2021,173.371,27668957,12753,1142,-487,3531,205,-25,95444740,1.401864928,
5/7/2021,1/0/1900,164.581,24127997,9086,536,-482,2678,19,-37,95845520,1.263170816,
5/14/2021,5/14/2021,161.145,22029618,8137,409,-530,3442,40,-44,96246300,1.124476704,
5/21/2021,1/0/1900,160.154,15899764,6663,242,-281,2634,26,-41,95636000,1.457658396,
5/28/2021,5/28/2021,161.154,12910103,10404,762,-559,4417,33,-83,95025700,1.790840088,
6/4/2021,1/0/1900,160.311,9068121,6541,206,-270,2449,8,-14,95777410,1.831101057,
6/11/2021,6/15/2021,167.342,14305458,8573,302,-453,5210,10,-60,96529120,1.871362026,
6/18/2021,1/0/1900,174.345,19460282,7208,309,-222,2649,33,-36,93448370,1.582755632,
6/25/2021,6/30/2021,170.073,17176223,10635,533,-469,4029,46,-39,90367620,1.294149237,
7/2/2021,1/0/1900,175.549,11927115,5307,270,-203,2612,10,-25,84457300,1.151185317,
7/9/2021,7/15/2021,185.967,20958916,10644,704,-331,3034,87,-26,78546980,1.008221396,
7/16/2021,1/0/1900,178.682,16901161,7741,326,-385,2832,13,-54,78482786.67,0.995240752,
7/23/2021,1/0/1900,182.832,15001198,8418,293,-375,3963,15,-17,78418593.33,0.982260107,
7/30/2021,7/30/2021,166.38,25037793,17092,910,-1338,3878,103,-122,78354400,0.969279463,
8/6/2021,1/0/1900,167.247,14691775,8076,311,-445,2726,23,-72,90121750,1.443135528,
8/13/2021,8/13/2021,164.699,11840545,7092,336,-396,2173,5,-71,101889100,1.916991593,
8/20/2021,1/0/1900,159.997,16574515,7728,299,-342,2104,9,-30,100114340,1.771204284,
8/27/2021,8/31/2021,167.482,11956083,5851,246,-170,1961,10,-6,98339580,1.625416976,
9/3/2021,1/0/1900,173.902,16650186,7877,398,-176,3023,33,-22,102473690,1.786568917,
9/10/2021,9/15/2021,173.458,10864974,5560,229,-145,2409,9,-13,106607800,1.947720858,
9/17/2021,1/0/1900,173.126,14611929,6476,340,-191,3188,20,-12,102925060,1.756424638,
9/24/2021,9/30/2021,171.276,14304098,6536,193,-298,2852,14,-44,99242320,1.565128417,
10/1/2021,1/0/1900,164.163,16241745,8693,281,-385,3311,4,-75,98314513.33,1.614022168,
10/8/2021,1/0/1900,164.431,14666581,7233,266,-392,2788,17,-56,97386706.67,1.662915918,
10/15/2021,10/15/2021,170.451,13541171,6773,258,-265,3394,10,-14,96458900,1.711809669,
10/22/2021,1/0/1900,166.777,12672082,7433,275,-273,3338,16,-86,92882580,1.546522954,
10/29/2021,10/29/2021,168.622,19614468,13982,829,-1128,5355,61,-160,89306260,1.381236239,
11/5/2021,1/0/1900,175.949,19945244,7393,350,-282,3468,17,-16,86919700,1.286238524,
11/12/2021,11/15/2021,176.258,16316454,8556,466,-301,3254,18,-22,84533140,1.191240809,
11/19/2021,1/0/1900,183.829,18312066,9164,393,-444,3539,21,-59,89075350,1.240529335,
11/26/2021,11/30/2021,175.228,13831004,5545,206,-332,2853,2,-31,93617560,1.289817861,
12/3/2021,1/0/1900,169.49,18243276,7928,310,-242,3727,14,-39,82803810,1.213534985,
12/10/2021,12/15/2021,172.212,14330216,7587,180,-872,4316,18,-121,71990060,1.137252108,
12/17/2021,1/0/1900,170.018,16920415,6877,193,-809,3672,7,-29,71776373.33,1.206553165,
12/24/2021,1/0/1900,171.068,10233360,5177,140,-283,2328,15,-58,71562686.67,1.275854223,
12/31/2021,12/31/2021,166.717,11704444,6202,207,-187,1668,22,-18,71349000,1.34515528,
1/7/2022,1/0/1900,162.554,14758206,6264,246,-384,3126,15,-53,70614950,1.263510439,
1/14/2022,1/14/2022,162.138,14907583,5436,238,-237,2265,21,-40,69880900,1.181865599,
1/21/2022,1/0/1900,142.643,17746432,6495,191,-596,2586,11,-62,69820880,0.969466697,
1/28/2022,1/31/2022,143.978,24582636,7455,300,-454,2311,21,-56,69760860,0.757067796,
2/4/2022,1/0/1900,157.639,34623478,28972,2241,-1831,4268,208,-63,78035690,0.789667076,
2/11/2022,2/15/2022,153.294,19592480,7757,459,-303,3309,56,-21,86310520,0.822266355,
2/18/2022,1/0/1900,152.602,15826593,5292,199,-204,2879,26,-12,86078750,1.059925889,
2/25/2022,2/28/2022,153.788,14634606,3557,123,-243,1731,9,-45,85846980,1.297585424,
3/4/2022,1/0/1900,145.641,13768845,4711,162,-257,2700,5,-38,85218320,1.211399178,
3/11/2022,3/15/2022,145.525,22997231,10638,739,-592,3565,136,-123,84589660,1.125212932,
3/18/2022,1/0/1900,161.251,20440906,5643,341,-257,2990,26,-38,78767180,1.095218412,
3/25/2022,3/31/2022,164.773,14577184,4667,244,-217,2548,18,-30,72944700,1.065223893,
4/1/2022,1/0/1900,163.56,14930669,5403,194,-183,2566,26,-15,72021860,1.165053871,
4/8/2022,4/14/2022,154.46,14798099,7083,228,-237,3302,12,-69,71099020,1.26488385,
4/15/2022,1/0/1900,151.706,10577852,4472,173,-200,2303,15,-27,73660086.67,1.137414386,
4/22/2022,1/0/1900,144.35,14853070,5262,207,-429,2947,7,-48,76221153.33,1.009944922,
4/29/2022,4/29/2022,124.282,29513667,13319,621,-1600,4876,46,-236,78782220,0.882475459,
5/6/2022,1/0/1900,114.772,30312046,9605,302,-799,3699,12,-99,86630420,0.845147451,
5/13/2022,5/13/2022,113.055,28365373,7072,223,-541,2554,11,-92,94478620,0.807819444,
5/20/2022,1/0/1900,107.591,22291115,6189,193,-518,2114,5,-60,96899950,0.9107249,
5/27/2022,5/31/2022,115.146,24427986,7363,296,-416,1930,11,-67,99321280,1.013630356,
6/3/2022,1/0/1900,122.35,23404756,8565,363,-368,2022,24,-70,105782600.5,1.113255524,
6/10/2022,6/15/2022,109.65,438144250,14313,563,-593,2203,30,-42,112243921,1.212880691,
6/17/2022,1/0/1900,106.22,434323370,8830,286,-473,2309,8,-90,101656476.5,1.215244448,
6/24/2022,6/30/2022,116.46,264584740,5190,156,-224,2008,16,-22,91069032,1.217608206,
7/1/2022,1/0/1900,109.56,373259550,5563,201,-266,1753,13,-41,87922997.33,1.247687855,
7/8/2022,1/0/1900,115.54,246795130,4964,193,-195,1915,23,-33,84776962.67,1.277767505,
7/15/2022,7/15/2022,113.55,303510160,9191,417,-317,2669,25,-79,81630928,1.307847154,
7/22/2022,1/0/1900,122.42,302320820,7687,585,-390,2477,50,-87,74714802.5,1.129862894,
7/29/2022,7/29/2022,134.95,404354790,12488,1059,-948,3336,112,-144,67798677,0.951878634,
8/5/2022,1/0/1900,140.8,331350260,5963,311,-336,1719,25,-23,73092582.5,1.182961568,
8/12/2022,8/15/2022,143.55,239575050,4743,236,-221,1585,9,-28,78386488,1.414044503,
8/19/2022,1/0/1900,138.23,231046400,3679,258,-205,1952,8,-67,74880802,1.47282966,
8/26/2022,8/31/2022,130.75,215432400,3993,252,-394,1998,42,-24,71375116,1.531614817,
9/2/2022,1/0/1900,127.51,264084320,3146,106,-217,1745,3,-35,74614511,1.508382687,
9/9/2022,9/15/2022,133.27,184821610,2346,113,-145,1449,12,-20,77853906,1.485150556,
9/16/2022,1/0/1900,123.53,338561270,4034,172,-543,2046,19,-63,78150305,1.411135421,
9/23/2022,1/0/1900,113.78,273192350,3538,192,-327,2144,5,-67,78446704,1.337120285,
9/30/2022,9/30/2022,113,296417750,3891,267,-223,2515,13,-30,78743103,1.26310515,
10/7/2022,1/0/1900,114.56,258213850,3258,216,-236,1630,14,-43,76995234.5,1.306786133,
10/14/2022,10/14/2022,106.9,298611580,4519,242,-349,2214,5,-19,75247366,1.350467116,
10/21/2022,1/0/1900,119.32,279014000,3511,172,-382,2160,22,-44,77393846,1.160440286,
10/28/2022,10/31/2022,103.41,509152730,8641,302,-1133,3012,38,-192,79540326,0.970413455,
11/4/2022,1/0/1900,90.98,652308360,5765,140,-409,2434,2,-96,80358808.5,0.826161156,
11/11/2022,11/15/2022,100.79,540593340,4104,99,-289,2192,20,-80,81177291,0.681908857,
11/18/2022,1/0/1900,94.14,452861160,6902,90,-1463,4705,14,-116,74427974.5,0.806579435,
11/25/2022,11/30/2022,93.41,240463740,2705,52,-273,1652,6,-29,67678658,0.931250013,
12/2/2022,1/0/1900,94.13,383410520,5250,125,-223,2383,29,-42,71131037.5,0.970383077,
12/9/2022,12/15/2022,89.09,354903420,4158,106,-321,1885,5,-42,74583417,1.009516142,
12/16/2022,1/0/1900,87.86,461377670,3214,96,-182,1607,8,-28,75332981.33,1.015173618,
12/23/2022,1/0/1900,85.25,355004810,4064,107,-327,1656,8,-89,76082545.67,1.020831094,
12/30/2022,12/30/2022,84,231969570,2187,58,-113,847,3,-21,76832110,1.02648857,
1/6/2023,1/0/1900,86.08,294806120,4709,107,-1152,2969,18,-61,0,0,
1/13/2023,1/0/1900,98.12,405992010,3609,170,-313,1785,20,-27,0,0,
1/20/2023,1/0/1900,97.25,287711840,3447,81,-642,1782,3,-67,0,0,
1/27/2023,1/0/1900,102.24,387547730,4437,104,-369,1841,15,-33,0,0,
2/3/2023,1/0/1900,103.39,511941240,7647,476,-559,2764,91,-181,0,0,
2/10/2023,1/0/1900,97.61,394061500,3452,78,-136,1381,11,-34,0,0,
