Date,AAPL,apple stock
1/1/2014,10,6
1/2/2014,28,10
1/3/2014,29,10
1/4/2014,11,5
1/5/2014,7,6
1/6/2014,31,10
1/7/2014,29,11
1/8/2014,26,9
1/9/2014,27,9
1/10/2014,27,11
1/11/2014,8,5
1/12/2014,6,5
1/13/2014,24,9
1/14/2014,28,9
1/15/2014,35,11
1/16/2014,32,10
1/17/2014,33,11
1/18/2014,11,5
1/19/2014,6,5
1/20/2014,17,6
1/21/2014,32,9
1/22/2014,29,10
1/23/2014,33,11
1/24/2014,34,11
1/25/2014,10,6
1/26/2014,7,5
1/27/2014,65,15
1/28/2014,100,29
1/29/2014,59,21
1/30/2014,41,14
1/31/2014,39,15
2/1/2014,12,7
2/2/2014,8,5
2/3/2014,33,11
2/4/2014,35,11
2/5/2014,30,11
2/6/2014,30,8
2/7/2014,42,13
2/8/2014,13,6
2/9/2014,9,5
2/10/2014,34,11
2/11/2014,34,12
2/12/2014,32,11
2/13/2014,33,10
2/14/2014,30,11
2/15/2014,10,5
2/16/2014,6,4
2/17/2014,16,7
2/18/2014,28,11
2/19/2014,30,11
2/20/2014,29,13
2/21/2014,25,10
2/22/2014,10,4
2/23/2014,6,4
2/24/2014,27,8
2/25/2014,25,10
2/26/2014,28,11
2/27/2014,31,11
2/28/2014,29,10
3/1/2014,10,6
3/2/2014,7,4
3/3/2014,28,8
3/4/2014,28,11
3/5/2014,25,10
3/6/2014,22,10
3/7/2014,22,9
3/8/2014,6,4
3/9/2014,5,4
3/10/2014,22,7
3/11/2014,23,9
3/12/2014,22,7
3/13/2014,22,7
3/14/2014,22,8
3/15/2014,6,4
3/16/2014,4,3
3/17/2014,22,6
3/18/2014,23,9
3/19/2014,21,9
3/20/2014,21,8
3/21/2014,19,7
3/22/2014,7,3
3/23/2014,4,2
3/24/2014,24,9
3/25/2014,25,9
3/26/2014,25,10
3/27/2014,22,9
3/28/2014,21,8
3/29/2014,6,3
3/30/2014,5,3
3/31/2014,19,8
4/1/2014,22,7
4/2/2014,19,8
4/3/2014,18,9
4/4/2014,18,7
4/5/2014,8,3
4/6/2014,4,3
4/7/2014,21,7
4/8/2014,21,8
4/9/2014,19,9
4/10/2014,20,10
4/11/2014,21,9
4/12/2014,6,4
4/13/2014,4,3
4/14/2014,20,8
4/15/2014,20,6
4/16/2014,19,7
4/17/2014,21,8
4/18/2014,14,5
4/19/2014,5,4
4/20/2014,6,4
4/21/2014,22,9
4/22/2014,23,8
4/23/2014,62,27
4/24/2014,98,57
4/25/2014,49,29
4/26/2014,15,11
4/27/2014,9,8
4/28/2014,39,19
4/29/2014,39,22
4/30/2014,41,19
5/1/2014,38,18
5/2/2014,31,15
5/3/2014,11,8
5/4/2014,5,5
5/5/2014,32,13
5/6/2014,35,18
5/7/2014,30,12
5/8/2014,30,13
5/9/2014,41,18
5/10/2014,11,8
5/11/2014,8,5
5/12/2014,29,13
5/13/2014,31,13
5/14/2014,24,11
5/15/2014,27,11
5/16/2014,25,10
5/17/2014,10,6
5/18/2014,7,5
5/19/2014,30,12
5/20/2014,30,13
5/21/2014,30,12
5/22/2014,27,12
5/23/2014,30,13
5/24/2014,10,6
5/25/2014,7,5
5/26/2014,10,6
5/27/2014,36,15
5/28/2014,38,16
5/29/2014,43,17
5/30/2014,45,18
5/31/2014,14,9
6/1/2014,10,8
6/2/2014,57,27
6/3/2014,46,25
6/4/2014,39,22
6/5/2014,40,21
6/6/2014,43,27
6/7/2014,20,21
6/8/2014,16,17
6/9/2014,89,67
6/10/2014,67,50
6/11/2014,50,37
6/12/2014,43,28
6/13/2014,44,24
6/14/2014,15,14
6/15/2014,9,10
6/16/2014,38,17
6/17/2014,34,19
6/18/2014,37,19
6/19/2014,33,17
6/20/2014,32,16
6/21/2014,12,10
6/22/2014,8,7
6/23/2014,31,15
6/24/2014,30,13
6/25/2014,30,15
6/26/2014,28,15
6/27/2014,30,14
6/28/2014,10,8
6/29/2014,8,5
6/30/2014,29,13
7/1/2014,30,15
7/2/2014,32,14
7/3/2014,32,17
7/4/2014,12,9
7/5/2014,6,5
7/6/2014,6,7
7/7/2014,33,14
7/8/2014,37,16
7/9/2014,29,12
7/10/2014,29,15
7/11/2014,30,12
7/12/2014,9,8
7/13/2014,6,4
7/14/2014,34,12
7/15/2014,34,15
7/16/2014,44,20
7/17/2014,35,17
7/18/2014,31,13
7/19/2014,10,8
7/20/2014,7,6
7/21/2014,33,13
7/22/2014,71,20
7/23/2014,70,22
7/24/2014,43,19
7/25/2014,35,16
7/26/2014,12,9
7/27/2014,8,6
7/28/2014,35,15
7/29/2014,41,17
7/30/2014,33,14
7/31/2014,32,16
8/1/2014,35,14
8/2/2014,11,7
8/3/2014,7,6
8/4/2014,28,11
8/5/2014,32,13
8/6/2014,32,14
8/7/2014,29,12
8/8/2014,28,11
8/9/2014,8,6
8/10/2014,6,4
8/11/2014,29,11
8/12/2014,27,12
8/13/2014,30,12
8/14/2014,28,13
8/15/2014,29,14
8/16/2014,11,7
8/17/2014,7,5
8/18/2014,32,12
8/19/2014,44,21
8/20/2014,44,22
8/21/2014,36,17
8/22/2014,40,16
8/23/2014,13,10
8/24/2014,9,7
8/25/2014,34,17
8/26/2014,32,14
8/27/2014,36,15
8/28/2014,38,16
8/29/2014,35,19
8/30/2014,10,9
8/31/2014,8,8
9/1/2014,13,10
9/1/2014,9,7
9/2/2014,27,14
9/3/2014,38,21
9/4/2014,39,21
9/5/2014,32,16
9/6/2014,8,9
9/7/2014,7,5
9/8/2014,30,17
9/9/2014,100,66
9/10/2014,63,44
9/11/2014,40,25
9/12/2014,39,23
9/13/2014,12,11
9/14/2014,8,6
9/15/2014,32,17
9/16/2014,30,18
9/17/2014,28,16
9/18/2014,27,17
9/19/2014,30,24
9/20/2014,9,12
9/21/2014,5,9
9/22/2014,28,19
9/23/2014,25,17
9/24/2014,26,16
9/25/2014,37,25
9/26/2014,32,26
9/27/2014,9,11
9/28/2014,5,8
9/29/2014,25,12
9/30/2014,25,13
10/1/2014,23,12
10/2/2014,22,12
10/3/2014,20,12
10/4/2014,6,7
10/5/2014,4,5
10/6/2014,20,10
10/7/2014,21,12
10/8/2014,21,11
10/9/2014,26,14
10/10/2014,21,14
10/11/2014,6,6
10/12/2014,5,5
10/13/2014,18,10
10/14/2014,21,12
10/15/2014,25,12
10/16/2014,30,15
10/17/2014,22,12
10/18/2014,8,7
10/19/2014,5,5
10/20/2014,41,16
10/21/2014,43,18
10/22/2014,27,14
10/23/2014,28,12
10/24/2014,27,13
10/25/2014,8,7
10/26/2014,5,6
10/27/2014,21,12
10/28/2014,24,13
10/29/2014,22,14
10/30/2014,29,17
10/31/2014,24,16
11/1/2014,8,6
11/2/2014,5,5
11/3/2014,25,12
11/4/2014,24,14
11/5/2014,21,11
11/6/2014,22,11
11/7/2014,20,13
11/8/2014,7,6
11/9/2014,4,5
11/10/2014,18,10
11/11/2014,19,10
11/12/2014,21,10
11/13/2014,25,14
11/14/2014,25,12
11/15/2014,8,7
11/16/2014,5,5
11/17/2014,22,11
11/18/2014,23,13
11/19/2014,22,11
11/20/2014,22,12
11/21/2014,21,11
11/22/2014,8,6
11/23/2014,4,4
11/24/2014,21,10
11/25/2014,25,13
11/26/2014,22,13
11/27/2014,10,6
11/28/2014,14,9
11/29/2014,7,5
11/30/2014,4,4
12/1/2014,24,13
12/2/2014,22,13
12/3/2014,23,13
12/4/2014,20,10
12/5/2014,19,11
12/6/2014,6,5
12/7/2014,4,4
12/8/2014,19,10
12/9/2014,20,10
12/10/2014,18,11
12/11/2014,18,10
12/12/2014,18,10
12/13/2014,6,6
12/14/2014,4,4
12/15/2014,17,8
12/16/2014,19,11
12/17/2014,18,11
12/18/2014,19,11
12/19/2014,19,10
12/20/2014,6,6
12/21/2014,4,4
12/22/2014,15,8
12/23/2014,18,10
12/24/2014,14,8
12/25/2014,5,5
12/26/2014,12,5
12/27/2014,6,5
12/28/2014,4,3
12/29/2014,14,8
12/30/2014,17,9
12/31/2014,16,7
1/1/2015,5,4
1/2/2015,16,8
1/3/2015,5,5
1/4/2015,3,3
1/5/2015,20,10
1/6/2015,17,10
1/7/2015,17,8
1/8/2015,18,10
1/9/2015,21,9
1/10/2015,5,5
1/11/2015,4,3
1/12/2015,15,8
1/13/2015,17,9
1/14/2015,19,9
1/15/2015,15,8
1/16/2015,18,10
1/17/2015,6,3
1/18/2015,3,3
1/19/2015,8,5
1/20/2015,17,8
1/21/2015,18,9
1/22/2015,20,8
1/23/2015,19,10
1/24/2015,7,4
1/25/2015,4,4
1/26/2015,20,9
1/27/2015,49,16
1/28/2015,67,33
1/29/2015,37,20
1/30/2015,30,15
1/31/2015,10,8
2/1/2015,5,4
2/2/2015,22,8
2/3/2015,22,11
2/4/2015,22,13
2/5/2015,20,12
2/6/2015,22,12
2/7/2015,5,5
2/8/2015,4,4
2/9/2015,17,8
2/10/2015,21,13
2/11/2015,27,18
2/12/2015,29,17
2/13/2015,26,15
2/14/2015,9,8
2/15/2015,6,5
2/16/2015,12,8
2/17/2015,25,14
2/18/2015,23,13
2/19/2015,23,13
2/20/2015,23,12
2/21/2015,9,7
2/22/2015,4,5
2/23/2015,24,15
2/24/2015,29,16
2/25/2015,24,14
2/26/2015,27,14
2/27/2015,24,14
2/28/2015,8,6
3/1/2015,5,5
3/2/2015,21,12
3/3/2015,20,13
3/4/2015,21,11
3/5/2015,19,13
3/6/2015,25,16
3/7/2015,7,7
3/8/2015,6,6
3/9/2015,36,22
3/10/2015,28,20
3/11/2015,26,17
3/12/2015,23,14
3/13/2015,21,12
3/14/2015,7,5
3/15/2015,4,4
3/16/2015,20,10
3/17/2015,21,12
3/18/2015,22,11
3/19/2015,18,11
3/20/2015,21,12
3/21/2015,7,6
3/22/2015,5,4
3/23/2015,18,9
3/24/2015,18,10
3/25/2015,13,11
3/26/2015,19,12
3/27/2015,17,9
3/28/2015,6,4
3/29/2015,4,4
3/30/2015,18,10
3/31/2015,17,10
4/1/2015,17,10
4/2/2015,16,10
4/3/2015,11,8
4/4/2015,5,4
4/5/2015,4,4
4/6/2015,16,10
4/7/2015,18,10
4/8/2015,17,11
4/9/2015,17,11
4/10/2015,22,12
4/11/2015,6,7
4/12/2015,5,5
4/13/2015,20,12
4/14/2015,19,11
4/15/2015,17,10
4/16/2015,18,10
4/17/2015,17,10
4/18/2015,6,5
4/19/2015,4,4
4/20/2015,20,10
4/21/2015,18,12
4/22/2015,17,10
4/23/2015,22,12
4/24/2015,25,14
4/25/2015,9,8
4/26/2015,6,4
4/27/2015,55,21
4/28/2015,57,25
4/29/2015,28,17
4/30/2015,25,15
5/1/2015,28,14
5/1/2015,46,23
5/2/2015,14,10
5/3/2015,7,9
5/4/2015,35,20
5/5/2015,36,20
5/6/2015,35,21
5/7/2015,34,19
5/8/2015,36,20
5/9/2015,11,9
5/10/2015,8,6
5/11/2015,30,17
5/12/2015,30,19
5/13/2015,28,15
5/14/2015,33,16
5/15/2015,33,17
5/16/2015,8,8
5/17/2015,8,6
5/18/2015,30,18
5/19/2015,34,20
5/20/2015,28,21
5/21/2015,28,19
5/22/2015,30,17
5/23/2015,10,9
5/24/2015,6,7
5/25/2015,9,8
5/26/2015,32,17
5/27/2015,32,19
5/28/2015,30,20
5/29/2015,27,15
5/30/2015,8,8
5/31/2015,6,5
6/1/2015,28,15
6/2/2015,26,16
6/3/2015,27,16
6/4/2015,28,15
6/5/2015,28,16
6/6/2015,8,8
6/7/2015,6,5
6/8/2015,32,18
6/9/2015,29,18
6/10/2015,29,16
6/11/2015,26,16
6/12/2015,23,15
6/13/2015,9,6
6/14/2015,5,7
6/15/2015,25,11
6/16/2015,26,12
6/17/2015,22,14
6/18/2015,25,14
6/19/2015,24,13
6/20/2015,6,10
6/21/2015,6,6
6/22/2015,23,14
6/23/2015,24,13
6/24/2015,27,15
6/25/2015,27,14
6/26/2015,22,14
6/27/2015,8,8
6/28/2015,7,7
6/29/2015,30,16
6/30/2015,29,17
7/1/2015,27,15
7/2/2015,23,13
7/3/2015,11,7
7/4/2015,3,5
7/5/2015,4,4
7/6/2015,24,14
7/7/2015,29,14
7/8/2015,29,19
7/9/2015,33,17
7/10/2015,35,19
7/11/2015,9,8
7/12/2015,5,6
7/13/2015,30,16
7/14/2015,31,16
7/15/2015,27,15
7/16/2015,30,16
7/17/2015,38,20
7/18/2015,14,9
7/19/2015,8,7
7/20/2015,40,19
7/21/2015,94,36
7/22/2015,100,50
7/23/2015,49,28
7/24/2015,36,23
7/25/2015,10,12
7/26/2015,6,8
7/27/2015,34,18
7/28/2015,29,19
7/29/2015,28,17
7/30/2015,28,17
7/31/2015,26,16
8/1/2015,9,7
8/2/2015,7,7
8/3/2015,33,17
8/4/2015,50,31
8/5/2015,53,30
8/6/2015,44,25
8/7/2015,36,21
8/8/2015,9,9
8/9/2015,8,9
8/10/2015,37,20
8/11/2015,45,22
8/12/2015,45,23
8/13/2015,38,21
8/14/2015,34,18
8/15/2015,10,9
8/16/2015,5,7
8/17/2015,31,16
8/18/2015,26,16
8/19/2015,28,17
8/20/2015,30,18
8/21/2015,49,32
8/22/2015,21,20
8/23/2015,11,13
8/24/2015,93,76
8/25/2015,83,68
8/26/2015,61,43
8/27/2015,58,37
8/28/2015,44,30
8/29/2015,10,13
8/30/2015,9,7
8/31/2015,36,22
9/1/2015,41,28
9/2/2015,40,25
9/3/2015,38,21
9/4/2015,29,21
9/5/2015,10,7
9/6/2015,5,7
9/7/2015,10,9
9/8/2015,39,21
9/9/2015,74,47
9/10/2015,56,37
9/11/2015,38,26
9/12/2015,13,11
9/13/2015,8,7
9/14/2015,40,21
9/15/2015,37,24
9/16/2015,33,20
9/17/2015,37,23
9/18/2015,33,22
9/19/2015,8,9
9/20/2015,5,7
9/21/2015,31,19
9/22/2015,30,22
9/23/2015,26,16
9/24/2015,26,17
9/25/2015,28,22
9/26/2015,9,11
9/27/2015,7,8
9/28/2015,30,19
9/29/2015,35,23
9/30/2015,33,19
10/1/2015,30,21
10/2/2015,28,19
10/3/2015,8,10
10/4/2015,6,6
10/5/2015,28,17
10/6/2015,27,20
10/7/2015,25,17
10/8/2015,26,17
10/9/2015,24,17
10/10/2015,7,7
10/11/2015,5,7
10/12/2015,24,14
10/13/2015,27,16
10/14/2015,27,19
10/15/2015,25,17
10/16/2015,24,16
10/17/2015,7,7
10/18/2015,6,7
10/19/2015,23,14
10/20/2015,26,15
10/21/2015,26,17
10/22/2015,29,17
10/23/2015,37,24
10/24/2015,12,11
10/25/2015,8,7
10/26/2015,35,22
10/27/2015,86,35
10/28/2015,72,36
10/29/2015,40,22
10/30/2015,36,22
10/31/2015,9,7
11/1/2015,5,6
11/2/2015,31,17
11/3/2015,34,20
11/4/2015,33,21
11/5/2015,30,18
11/6/2015,29,19
11/7/2015,9,8
11/8/2015,7,7
11/9/2015,25,16
11/10/2015,34,20
11/11/2015,29,16
11/12/2015,26,18
11/13/2015,25,17
11/14/2015,8,9
11/15/2015,5,5
11/16/2015,24,14
11/17/2015,23,17
11/18/2015,28,18
11/19/2015,28,18
11/20/2015,28,20
11/21/2015,8,8
11/22/2015,5,7
11/23/2015,23,15
11/24/2015,24,15
11/25/2015,22,13
11/26/2015,7,7
11/27/2015,15,11
11/28/2015,8,8
11/29/2015,4,5
11/30/2015,21,15
12/1/2015,22,15
12/2/2015,22,16
12/3/2015,24,14
12/4/2015,22,16
12/5/2015,8,8
12/6/2015,5,5
12/7/2015,22,15
12/8/2015,21,15
12/9/2015,22,14
12/10/2015,21,14
12/11/2015,23,15
12/12/2015,7,8
12/13/2015,4,6
12/14/2015,23,15
12/15/2015,27,16
12/16/2015,30,18
12/17/2015,26,14
12/18/2015,30,18
12/19/2015,9,13
12/20/2015,6,5
12/21/2015,25,18
12/22/2015,26,15
12/23/2015,21,15
12/24/2015,18,13
12/25/2015,7,9
12/26/2015,5,6
12/27/2015,5,7
12/28/2015,21,10
12/29/2015,23,16
12/30/2015,20,15
12/31/2015,24,11
1/1/2016,8,8
1/1/2016,7,7
1/2/2016,5,7
1/3/2016,5,5
1/4/2016,31,17
1/5/2016,35,20
1/6/2016,44,23
1/7/2016,54,31
1/8/2016,49,33
1/9/2016,9,15
1/10/2016,6,9
1/11/2016,36,20
1/12/2016,38,21
1/13/2016,35,22
1/14/2016,31,19
1/15/2016,38,24
1/16/2016,9,12
1/17/2016,5,9
1/18/2016,13,11
1/19/2016,29,16
1/20/2016,38,25
1/21/2016,34,22
1/22/2016,39,24
1/23/2016,10,9
1/24/2016,7,7
1/25/2016,34,20
1/26/2016,82,32
1/27/2016,91,38
1/28/2016,51,25
1/29/2016,41,24
1/30/2016,12,10
1/31/2016,7,7
2/1/2016,30,18
2/2/2016,34,20
2/3/2016,32,18
2/4/2016,31,19
2/5/2016,29,17
2/6/2016,8,9
2/7/2016,5,5
2/8/2016,30,18
2/9/2016,31,18
2/10/2016,26,17
2/11/2016,27,18
2/12/2016,27,15
2/13/2016,8,7
2/14/2016,4,6
2/15/2016,13,8
2/16/2016,27,14
2/17/2016,31,17
2/18/2016,27,18
2/19/2016,23,17
2/20/2016,7,7
2/21/2016,3,6
2/22/2016,27,16
2/23/2016,24,16
2/24/2016,24,16
2/25/2016,26,16
2/26/2016,25,16
2/27/2016,7,6
2/28/2016,4,6
2/29/2016,22,12
3/1/2016,29,16
3/2/2016,27,17
3/3/2016,28,17
3/4/2016,26,17
3/5/2016,7,7
3/6/2016,5,5
3/7/2016,26,15
3/8/2016,24,15
3/9/2016,23,13
3/10/2016,21,13
3/11/2016,22,14
3/12/2016,6,5
3/13/2016,3,5
3/14/2016,21,12
3/15/2016,28,13
3/16/2016,26,15
3/17/2016,25,16
3/18/2016,26,13
3/19/2016,5,6
3/20/2016,5,5
3/21/2016,43,24
3/22/2016,33,20
3/23/2016,27,14
3/24/2016,25,14
3/25/2016,13,9
3/26/2016,6,5
3/27/2016,3,5
3/28/2016,21,12
3/29/2016,28,15
3/30/2016,32,17
3/31/2016,29,15
4/1/2016,24,16
4/2/2016,7,7
4/3/2016,4,5
4/4/2016,27,14
4/5/2016,27,15
4/6/2016,26,14
4/7/2016,23,15
4/8/2016,22,12
4/9/2016,5,5
4/10/2016,4,4
4/11/2016,25,14
4/12/2016,23,14
4/13/2016,27,17
4/14/2016,24,15
4/15/2016,24,14
4/16/2016,7,6
4/17/2016,4,4
4/18/2016,23,13
4/19/2016,25,15
4/20/2016,24,15
4/21/2016,23,15
4/22/2016,23,14
4/23/2016,6,6
4/24/2016,4,5
4/25/2016,26,13
4/26/2016,77,32
4/27/2016,100,56
4/28/2016,54,38
4/29/2016,48,35
4/30/2016,11,11
5/1/2016,8,8
5/2/2016,38,25
5/3/2016,43,27
5/4/2016,35,23
5/5/2016,30,18
5/6/2016,28,20
5/7/2016,8,12
5/8/2016,5,6
5/9/2016,27,17
5/10/2016,31,18
5/11/2016,27,19
5/12/2016,37,25
5/13/2016,35,23
5/14/2016,9,9
5/15/2016,5,7
5/16/2016,55,32
5/17/2016,42,29
5/18/2016,32,19
5/19/2016,30,21
5/20/2016,30,19
5/21/2016,8,9
5/22/2016,6,4
5/23/2016,28,17
5/24/2016,34,18
5/25/2016,38,20
5/26/2016,35,18
5/27/2016,33,18
5/28/2016,7,7
5/29/2016,6,5
5/30/2016,7,6
5/31/2016,29,14
6/1/2016,26,16
6/2/2016,27,16
6/3/2016,25,13
6/4/2016,5,6
6/5/2016,5,5
6/6/2016,25,14
6/7/2016,27,13
6/8/2016,23,14
6/9/2016,24,14
6/10/2016,20,13
6/11/2016,6,6
6/12/2016,5,5
6/13/2016,28,16
6/14/2016,23,14
6/15/2016,21,12
6/16/2016,21,11
6/17/2016,25,15
6/18/2016,7,7
6/19/2016,4,5
6/20/2016,21,12
6/21/2016,21,12
6/22/2016,19,11
6/23/2016,23,12
6/24/2016,45,29
6/25/2016,9,9
6/26/2016,4,6
6/27/2016,30,18
6/28/2016,26,16
6/29/2016,26,15
6/30/2016,23,15
7/1/2016,22,12
7/2/2016,5,6
7/3/2016,4,4
7/4/2016,5,4
7/5/2016,20,10
7/6/2016,22,12
7/7/2016,19,11
7/8/2016,22,10
7/9/2016,6,7
7/10/2016,3,5
7/11/2016,22,13
7/12/2016,22,15
7/13/2016,20,12
7/14/2016,21,13
7/15/2016,23,12
7/16/2016,4,5
7/17/2016,3,4
7/18/2016,25,12
7/19/2016,24,14
7/20/2016,26,15
7/21/2016,25,14
7/22/2016,25,12
7/23/2016,6,6
7/24/2016,5,5
7/25/2016,27,13
7/26/2016,67,25
7/27/2016,85,35
7/28/2016,43,24
7/29/2016,30,18
7/30/2016,9,6
7/31/2016,5,4
8/1/2016,25,15
8/2/2016,28,16
8/3/2016,25,12
8/4/2016,25,13
8/5/2016,26,15
8/6/2016,8,7
8/7/2016,6,5
8/8/2016,27,14
8/9/2016,27,14
8/10/2016,26,14
8/11/2016,22,15
8/12/2016,21,13
8/13/2016,5,4
8/14/2016,3,4
8/15/2016,26,14
8/16/2016,28,16
8/17/2016,23,13
8/18/2016,20,11
8/19/2016,17,10
8/20/2016,6,5
8/21/2016,4,3
8/22/2016,20,10
8/23/2016,21,12
8/24/2016,20,11
8/25/2016,19,11
8/26/2016,17,12
8/27/2016,5,5
8/28/2016,4,4
8/29/2016,20,12
8/30/2016,38,25
8/31/2016,21,19
9/1/2016,19,14
9/1/2016,22,16
9/2/2016,24,16
9/3/2016,5,8
9/4/2016,4,6
9/5/2016,8,6
9/6/2016,24,16
9/7/2016,62,51
9/8/2016,49,45
9/9/2016,36,34
9/10/2016,11,14
9/11/2016,5,9
9/12/2016,30,19
9/13/2016,39,25
9/14/2016,48,27
9/15/2016,53,35
9/16/2016,51,39
9/17/2016,12,16
9/18/2016,6,12
9/19/2016,35,27
9/20/2016,27,22
9/21/2016,32,24
9/22/2016,29,23
9/23/2016,34,22
9/24/2016,7,10
9/25/2016,6,9
9/26/2016,27,18
9/27/2016,27,19
9/28/2016,28,18
9/29/2016,25,18
9/30/2016,22,19
10/1/2016,5,8
10/2/2016,5,6
10/3/2016,22,14
10/4/2016,22,19
10/5/2016,23,15
10/6/2016,24,14
10/7/2016,21,14
10/8/2016,4,7
10/9/2016,4,5
10/10/2016,27,18
10/11/2016,40,28
10/12/2016,34,22
10/13/2016,30,20
10/14/2016,25,16
10/15/2016,7,8
10/16/2016,5,7
10/17/2016,25,18
10/18/2016,26,19
10/19/2016,27,17
10/20/2016,24,16
10/21/2016,22,14
10/22/2016,5,8
10/23/2016,4,6
10/24/2016,27,15
10/25/2016,72,30
10/26/2016,74,33
10/27/2016,42,27
10/28/2016,35,22
10/29/2016,8,9
10/30/2016,5,7
10/31/2016,24,15
11/1/2016,25,17
11/2/2016,24,16
11/3/2016,22,16
11/4/2016,21,14
11/5/2016,6,7
11/6/2016,3,6
11/7/2016,24,17
11/8/2016,22,14
11/9/2016,49,33
11/10/2016,34,23
11/11/2016,26,17
11/12/2016,7,7
11/13/2016,4,7
11/14/2016,30,17
11/15/2016,26,15
11/16/2016,25,18
11/17/2016,25,15
11/18/2016,22,17
11/19/2016,6,6
11/20/2016,5,6
11/21/2016,21,14
11/22/2016,23,16
11/23/2016,20,15
11/24/2016,7,7
11/25/2016,14,10
11/26/2016,5,7
11/27/2016,5,5
11/28/2016,17,14
11/29/2016,22,14
11/30/2016,20,13
12/1/2016,16,14
12/2/2016,17,13
12/3/2016,5,6
12/4/2016,4,6
12/5/2016,18,12
12/6/2016,18,16
12/7/2016,21,15
12/8/2016,22,16
12/9/2016,21,16
12/10/2016,7,7
12/11/2016,4,5
12/12/2016,21,14
12/13/2016,24,16
12/14/2016,24,17
12/15/2016,24,17
12/16/2016,21,14
12/17/2016,7,7
12/18/2016,4,6
12/19/2016,21,16
12/20/2016,20,16
12/21/2016,19,14
12/22/2016,18,12
12/23/2016,15,11
12/24/2016,5,7
12/25/2016,3,6
12/26/2016,7,8
12/27/2016,18,11
12/28/2016,16,15
12/29/2016,16,10
12/30/2016,17,12
12/31/2016,7,7
1/1/2017,4,4
1/2/2017,8,8
1/3/2017,19,14
1/4/2017,19,13
1/5/2017,19,14
1/6/2017,23,16
1/7/2017,7,7
1/8/2017,4,7
1/9/2017,22,14
1/10/2017,24,17
1/11/2017,22,13
1/12/2017,20,15
1/13/2017,17,13
1/14/2017,5,7
1/15/2017,3,6
1/16/2017,9,8
1/17/2017,21,15
1/18/2017,23,16
1/19/2017,19,14
1/20/2017,21,15
1/21/2017,4,7
1/22/2017,5,6
1/23/2017,21,13
1/24/2017,22,16
1/25/2017,25,20
1/26/2017,25,18
1/27/2017,20,15
1/28/2017,10,8
1/29/2017,7,7
1/30/2017,27,17
1/31/2017,83,34
2/1/2017,100,46
2/2/2017,46,29
2/3/2017,32,22
2/4/2017,9,10
2/5/2017,5,7
2/6/2017,25,17
2/7/2017,30,20
2/8/2017,26,22
2/9/2017,27,19
2/10/2017,26,20
2/11/2017,8,9
2/12/2017,5,6
2/13/2017,31,21
2/14/2017,36,28
2/15/2017,36,30
2/16/2017,32,25
2/17/2017,27,20
2/18/2017,7,10
2/19/2017,4,7
2/20/2017,11,10
2/21/2017,28,20
2/22/2017,28,20
2/23/2017,27,18
2/24/2017,25,19
2/25/2017,8,9
2/26/2017,4,7
2/27/2017,25,22
2/28/2017,27,23
3/1/2017,36,26
3/2/2017,32,25
3/3/2017,27,23
3/4/2017,6,9
3/5/2017,4,8
3/6/2017,23,19
3/7/2017,22,19
3/8/2017,21,20
3/9/2017,20,21
3/10/2017,22,15
3/11/2017,6,7
3/12/2017,3,7
3/13/2017,18,16
3/14/2017,20,15
3/15/2017,25,18
3/16/2017,21,17
3/17/2017,21,18
3/18/2017,5,7
3/19/2017,4,6
3/20/2017,24,17
3/21/2017,31,21
3/22/2017,25,23
3/23/2017,23,18
3/24/2017,22,18
3/25/2017,5,7
3/26/2017,4,5
3/27/2017,23,14
3/28/2017,26,22
3/29/2017,27,21
3/30/2017,25,19
3/31/2017,21,19
4/1/2017,6,7
4/2/2017,4,7
4/3/2017,22,17
4/4/2017,22,18
4/5/2017,25,18
4/6/2017,21,18
4/7/2017,21,17
4/8/2017,7,7
4/9/2017,3,6
4/10/2017,17,15
4/11/2017,21,17
4/12/2017,18,15
4/13/2017,18,16
4/14/2017,12,14
4/15/2017,4,6
4/16/2017,3,6
4/17/2017,21,16
4/18/2017,20,16
4/19/2017,17,17
4/20/2017,20,14
4/21/2017,19,17
4/22/2017,4,5
4/23/2017,3,5
4/24/2017,22,18
4/25/2017,25,21
4/26/2017,22,17
4/27/2017,22,18
4/28/2017,21,15
4/29/2017,6,7
4/30/2017,6,7
5/1/2017,34,24
5/1/2017,38,26
5/2/2017,89,42
5/3/2017,75,40
5/4/2017,35,25
5/5/2017,32,23
5/6/2017,11,11
5/7/2017,6,9
5/8/2017,44,30
5/9/2017,47,33
5/10/2017,38,26
5/11/2017,29,27
5/12/2017,35,27
5/13/2017,11,11
5/14/2017,6,7
5/15/2017,33,25
5/16/2017,29,22
5/17/2017,37,28
5/18/2017,32,27
5/19/2017,31,23
5/20/2017,8,8
5/21/2017,5,9
5/22/2017,27,19
5/23/2017,26,21
5/24/2017,27,21
5/25/2017,26,22
5/26/2017,22,18
5/27/2017,8,10
5/28/2017,5,6
5/29/2017,5,7
5/30/2017,22,16
5/31/2017,21,19
6/1/2017,21,18
6/2/2017,25,19
6/3/2017,7,8
6/4/2017,4,8
6/5/2017,43,28
6/6/2017,33,27
6/7/2017,25,22
6/8/2017,24,19
6/9/2017,34,30
6/10/2017,12,13
6/11/2017,6,8
6/12/2017,44,30
6/13/2017,38,29
6/14/2017,33,25
6/15/2017,32,22
6/16/2017,28,22
6/17/2017,8,13
6/18/2017,3,8
6/19/2017,34,24
6/20/2017,29,22
6/21/2017,23,21
6/22/2017,24,17
6/23/2017,20,20
6/24/2017,5,7
6/25/2017,4,6
6/26/2017,22,18
6/27/2017,23,19
6/28/2017,25,19
6/29/2017,23,20
6/30/2017,21,17
7/1/2017,5,9
7/2/2017,4,5
7/3/2017,22,18
7/4/2017,17,20
7/5/2017,22,18
7/6/2017,23,16
7/7/2017,21,16
7/8/2017,6,7
7/9/2017,5,8
7/10/2017,21,14
7/11/2017,22,18
7/12/2017,24,16
7/13/2017,22,16
7/14/2017,20,19
7/15/2017,7,7
7/16/2017,3,6
7/17/2017,24,18
7/18/2017,26,19
7/19/2017,27,17
7/20/2017,23,19
7/21/2017,22,16
7/22/2017,5,9
7/23/2017,3,5
7/24/2017,24,18
7/25/2017,30,19
7/26/2017,26,21
7/27/2017,33,23
7/28/2017,27,19
7/29/2017,7,9
7/30/2017,4,7
7/31/2017,28,19
8/1/2017,80,44
8/2/2017,100,71
8/3/2017,42,37
8/4/2017,34,26
8/5/2017,8,13
8/6/2017,6,9
8/7/2017,30,23
8/8/2017,34,28
8/9/2017,32,25
8/10/2017,31,24
8/11/2017,32,24
8/12/2017,7,8
8/13/2017,5,8
8/14/2017,29,20
8/15/2017,32,26
8/16/2017,33,23
8/17/2017,29,23
8/18/2017,24,20
8/19/2017,6,8
8/20/2017,3,6
8/21/2017,21,16
8/22/2017,22,21
8/23/2017,25,19
8/24/2017,24,18
8/25/2017,22,19
8/26/2017,7,8
8/27/2017,4,6
8/28/2017,25,19
8/29/2017,30,22
8/30/2017,29,24
8/31/2017,31,22
9/1/2017,28,23
9/2/2017,7,10
9/3/2017,4,6
9/4/2017,7,9
9/5/2017,26,20
9/6/2017,27,21
9/7/2017,24,23
9/8/2017,22,19
9/9/2017,5,10
9/10/2017,3,7
9/11/2017,32,26
9/12/2017,90,94
9/13/2017,57,76
9/14/2017,36,39
9/15/2017,32,29
9/16/2017,7,15
9/17/2017,6,12
9/18/2017,29,24
9/19/2017,27,25
9/20/2017,35,28
9/21/2017,30,29
9/22/2017,35,34
9/23/2017,9,17
9/24/2017,7,11
9/25/2017,35,31
9/26/2017,33,28
9/27/2017,33,28
9/28/2017,28,23
9/29/2017,23,24
9/30/2017,6,11
10/1/2017,4,10
10/2/2017,24,21
10/3/2017,24,24
10/4/2017,21,21
10/5/2017,26,23
10/6/2017,19,21
10/7/2017,6,9
10/8/2017,4,8
10/9/2017,22,17
10/10/2017,24,21
10/11/2017,21,21
10/12/2017,23,21
10/13/2017,22,19
10/14/2017,6,9
10/15/2017,4,8
10/16/2017,24,22
10/17/2017,26,23
10/18/2017,27,22
10/19/2017,32,29
10/20/2017,28,25
10/21/2017,6,9
10/22/2017,3,6
10/23/2017,25,20
10/24/2017,25,23
10/25/2017,23,19
10/26/2017,26,21
10/27/2017,44,37
10/28/2017,12,14
10/29/2017,5,9
10/30/2017,41,31
10/31/2017,42,34
11/1/2017,45,36
11/2/2017,80,47
11/3/2017,90,71
11/4/2017,17,26
11/5/2017,10,16
11/6/2017,40,37
11/7/2017,39,37
11/8/2017,36,33
11/9/2017,35,33
11/10/2017,29,28
11/11/2017,9,13
11/12/2017,5,9
11/13/2017,28,22
11/14/2017,28,26
11/15/2017,29,29
11/16/2017,30,29
11/17/2017,26,24
11/18/2017,6,10
11/19/2017,4,8
11/20/2017,25,21
11/21/2017,25,23
11/22/2017,25,21
11/23/2017,9,12
11/24/2017,15,16
11/25/2017,8,12
11/26/2017,5,9
11/27/2017,23,23
11/28/2017,25,24
11/29/2017,36,28
11/30/2017,33,27
12/1/2017,29,27
12/2/2017,9,14
12/3/2017,5,8
12/4/2017,31,22
12/5/2017,29,26
12/6/2017,26,22
12/7/2017,27,24
12/8/2017,27,23
12/9/2017,7,11
12/10/2017,4,8
12/11/2017,25,22
12/12/2017,25,25
12/13/2017,23,21
12/14/2017,24,22
12/15/2017,23,21
12/16/2017,8,12
12/17/2017,6,9
12/18/2017,27,23
12/19/2017,29,21
12/20/2017,25,25
12/21/2017,31,27
12/22/2017,26,25
12/23/2017,9,12
12/24/2017,5,9
12/25/2017,6,10
12/26/2017,29,28
12/27/2017,32,35
12/28/2017,25,27
12/29/2017,27,25
12/30/2017,8,15
12/31/2017,6,10
1/1/2018,7,9
1/1/2018,5,7
1/2/2018,19,17
1/3/2018,22,20
1/4/2018,20,21
1/5/2018,22,22
1/6/2018,6,10
1/7/2018,4,8
1/8/2018,19,18
1/9/2018,22,21
1/10/2018,19,18
1/11/2018,19,17
1/12/2018,22,20
1/13/2018,7,8
1/14/2018,4,6
1/15/2018,8,10
1/16/2018,21,17
1/17/2018,27,23
1/18/2018,28,27
1/19/2018,22,22
1/20/2018,6,10
1/21/2018,4,7
1/22/2018,19,18
1/23/2018,24,19
1/24/2018,22,19
1/25/2018,25,23
1/26/2018,26,22
1/27/2018,9,10
1/28/2018,5,8
1/29/2018,29,24
1/30/2018,35,29
1/31/2018,35,22
2/1/2018,65,35
2/2/2018,75,48
2/3/2018,14,19
2/4/2018,7,11
2/5/2018,38,34
2/6/2018,51,49
2/7/2018,34,30
2/8/2018,32,31
2/9/2018,35,33
2/10/2018,9,10
2/11/2018,6,8
2/12/2018,29,24
2/13/2018,28,26
2/14/2018,26,24
2/15/2018,34,27
2/16/2018,30,25
2/17/2018,9,9
2/18/2018,4,7
2/19/2018,10,10
2/20/2018,24,20
2/21/2018,23,17
2/22/2018,21,20
2/23/2018,20,18
2/24/2018,6,8
2/25/2018,4,5
2/26/2018,26,22
2/27/2018,27,22
2/28/2018,26,22
3/1/2018,21,19
3/2/2018,24,22
3/3/2018,5,9
3/4/2018,4,6
3/5/2018,19,16
3/6/2018,18,16
3/7/2018,22,18
3/8/2018,21,16
3/9/2018,22,18
3/10/2018,6,8
3/11/2018,5,7
3/12/2018,22,18
3/13/2018,22,17
3/14/2018,18,16
3/15/2018,17,16
3/16/2018,17,15
3/17/2018,5,7
3/18/2018,3,5
3/19/2018,23,18
3/20/2018,20,18
3/21/2018,19,19
3/22/2018,25,20
3/23/2018,23,20
3/24/2018,7,9
3/25/2018,4,6
3/26/2018,24,19
3/27/2018,26,21
3/28/2018,27,22
3/29/2018,22,20
3/30/2018,11,12
3/31/2018,3,6
4/1/2018,3,4
4/2/2018,23,18
4/3/2018,21,21
4/4/2018,21,19
4/5/2018,22,17
4/6/2018,21,17
4/7/2018,5,8
4/8/2018,4,6
4/9/2018,20,16
4/10/2018,21,18
4/11/2018,19,16
4/12/2018,18,15
4/13/2018,19,13
4/14/2018,6,6
4/15/2018,3,5
4/16/2018,19,14
4/17/2018,21,17
4/18/2018,19,16
4/19/2018,24,18
4/20/2018,28,24
4/21/2018,6,8
4/22/2018,4,4
4/23/2018,24,18
4/24/2018,25,17
4/25/2018,25,19
4/26/2018,25,21
4/27/2018,24,18
4/28/2018,7,7
4/29/2018,4,6
4/30/2018,26,19
5/1/2018,80,38
5/2/2018,74,44
5/3/2018,31,22
5/4/2018,48,35
5/5/2018,13,19
5/6/2018,7,9
5/7/2018,35,25
5/8/2018,34,25
5/9/2018,30,20
5/10/2018,32,22
5/11/2018,31,22
5/12/2018,8,9
5/13/2018,5,5
5/14/2018,25,19
5/15/2018,22,17
5/16/2018,22,17
5/17/2018,20,17
5/18/2018,21,14
5/19/2018,5,7
5/20/2018,4,4
5/21/2018,21,15
5/22/2018,20,14
5/23/2018,19,13
5/24/2018,22,14
5/25/2018,17,15
5/26/2018,5,5
5/27/2018,3,5
5/28/2018,5,4
5/29/2018,18,13
5/30/2018,18,15
5/31/2018,18,13
6/1/2018,20,15
6/2/2018,6,5
6/3/2018,5,4
6/4/2018,28,22
6/5/2018,28,20
6/6/2018,23,18
6/7/2018,21,16
6/8/2018,23,16
6/9/2018,6,5
6/10/2018,4,5
6/11/2018,19,13
6/12/2018,18,15
6/13/2018,20,16
6/14/2018,20,13
6/15/2018,18,13
6/16/2018,5,6
6/17/2018,3,4
6/18/2018,16,14
6/19/2018,21,14
6/20/2018,19,14
6/21/2018,18,14
6/22/2018,16,12
6/23/2018,4,5
6/24/2018,3,4
6/25/2018,19,14
6/26/2018,18,13
6/27/2018,16,14
6/28/2018,17,11
6/29/2018,16,14
6/30/2018,4,5
7/1/2018,3,4
7/2/2018,13,10
7/3/2018,17,10
7/4/2018,4,6
7/5/2018,14,10
7/6/2018,16,12
7/7/2018,4,4
7/8/2018,2,4
7/9/2018,17,12
7/10/2018,17,13
7/11/2018,17,12
7/12/2018,16,14
7/13/2018,18,14
7/14/2018,5,5
7/15/2018,3,4
7/16/2018,15,13
7/17/2018,18,13
7/18/2018,17,14
7/19/2018,19,13
7/20/2018,18,15
7/21/2018,4,5
7/22/2018,3,5
7/23/2018,17,12
7/24/2018,20,14
7/25/2018,21,14
7/26/2018,25,23
7/27/2018,25,19
7/28/2018,7,7
7/29/2018,5,6
7/30/2018,24,17
7/31/2018,80,46
8/1/2018,100,65
8/2/2018,84,87
8/3/2018,53,62
8/4/2018,12,21
8/5/2018,6,12
8/6/2018,30,24
8/7/2018,30,26
8/8/2018,24,23
8/9/2018,25,21
8/10/2018,22,17
8/11/2018,6,8
8/12/2018,4,6
8/13/2018,22,17
8/14/2018,24,19
8/15/2018,22,21
8/16/2018,26,23
8/17/2018,29,24
8/18/2018,8,10
8/19/2018,5,7
8/20/2018,23,20
8/21/2018,27,21
8/22/2018,24,20
8/23/2018,20,19
8/24/2018,21,19
8/25/2018,6,8
8/26/2018,4,6
8/27/2018,23,21
8/28/2018,27,22
8/29/2018,29,25
8/30/2018,32,28
8/31/2018,29,29
9/1/2018,7,11
9/1/2018,5,8
9/2/2018,3,5
9/3/2018,6,7
9/4/2018,20,18
9/5/2018,18,20
9/6/2018,17,18
9/7/2018,18,19
9/8/2018,5,8
9/9/2018,4,5
9/10/2018,17,17
9/11/2018,21,19
9/12/2018,37,43
9/13/2018,28,33
9/14/2018,22,23
9/15/2018,5,8
9/16/2018,3,6
9/17/2018,19,18
9/18/2018,21,17
9/19/2018,17,16
9/20/2018,17,18
9/21/2018,17,21
9/22/2018,5,7
9/23/2018,3,6
9/24/2018,16,16
9/25/2018,16,16
9/26/2018,16,16
9/27/2018,18,17
9/28/2018,18,17
9/29/2018,5,8
9/30/2018,2,6
10/1/2018,18,15
10/2/2018,16,17
10/3/2018,17,15
10/4/2018,19,16
10/5/2018,18,16
10/6/2018,5,6
10/7/2018,3,4
10/8/2018,16,13
10/9/2018,14,13
10/10/2018,20,19
10/11/2018,26,24
10/12/2018,23,20
10/13/2018,5,7
10/14/2018,3,5
10/15/2018,19,15
10/16/2018,19,17
10/17/2018,17,15
10/18/2018,15,13
10/19/2018,16,14
10/20/2018,5,5
10/21/2018,3,4
10/22/2018,16,14
10/23/2018,17,15
10/24/2018,18,16
10/25/2018,21,19
10/26/2018,19,17
10/27/2018,4,7
10/28/2018,3,5
10/29/2018,16,15
10/30/2018,23,20
10/31/2018,24,21
11/1/2018,62,35
11/2/2018,68,49
11/3/2018,9,13
11/4/2018,5,7
11/5/2018,33,26
11/6/2018,26,23
11/7/2018,24,20
11/8/2018,21,18
11/9/2018,20,17
11/10/2018,4,6
11/11/2018,2,4
11/12/2018,25,22
11/13/2018,29,26
11/14/2018,30,24
11/15/2018,31,24
11/16/2018,23,18
11/17/2018,7,7
11/18/2018,3,5
11/19/2018,28,23
11/20/2018,34,31
11/21/2018,26,25
11/22/2018,9,12
11/23/2018,17,15
11/24/2018,7,11
11/25/2018,4,7
11/26/2018,24,21
11/27/2018,26,23
11/28/2018,26,22
11/29/2018,24,21
11/30/2018,20,18
12/1/2018,6,8
12/2/2018,4,6
12/3/2018,25,19
12/4/2018,24,20
12/5/2018,13,15
12/6/2018,24,20
12/7/2018,22,19
12/8/2018,6,8
12/9/2018,4,6
12/10/2018,25,22
12/11/2018,22,19
12/12/2018,21,18
12/13/2018,20,18
12/14/2018,20,18
12/15/2018,6,9
12/16/2018,5,5
12/17/2018,18,16
12/18/2018,19,18
12/19/2018,19,17
12/20/2018,23,20
12/21/2018,27,23
12/22/2018,9,11
12/23/2018,4,8
12/24/2018,20,22
12/25/2018,7,13
12/26/2018,24,26
12/27/2018,26,23
12/28/2018,19,19
12/29/2018,5,9
12/30/2018,4,5
12/31/2018,18,15
1/1/2019,6,8
1/2/2019,40,28
1/3/2019,100,98
1/4/2019,56,78
1/5/2019,13,28
1/6/2019,6,14
1/7/2019,25,27
1/8/2019,26,25
1/9/2019,27,27
1/10/2019,23,22
1/11/2019,21,20
1/12/2019,6,10
1/13/2019,3,7
1/14/2019,17,17
1/15/2019,18,20
1/16/2019,20,20
1/17/2019,17,17
1/18/2019,19,20
1/19/2019,5,8
1/20/2019,4,6
1/21/2019,8,9
1/22/2019,17,14
1/23/2019,16,15
1/24/2019,16,17
1/25/2019,17,17
1/26/2019,5,7
1/27/2019,4,5
1/28/2019,18,14
1/29/2019,50,31
1/30/2019,56,37
1/31/2019,30,25
2/1/2019,22,21
2/2/2019,6,7
2/3/2019,3,5
2/4/2019,21,17
2/5/2019,24,21
2/6/2019,20,18
2/7/2019,18,16
2/8/2019,15,15
2/9/2019,5,7
2/10/2019,4,5
2/11/2019,15,15
2/12/2019,17,15
2/13/2019,15,16
2/14/2019,15,13
2/15/2019,16,16
2/16/2019,4,5
2/17/2019,2,5
2/18/2019,6,7
2/19/2019,13,13
2/20/2019,13,14
2/21/2019,13,13
2/22/2019,13,13
2/23/2019,4,7
2/24/2019,3,5
2/25/2019,15,12
2/26/2019,13,14
2/27/2019,12,14
2/28/2019,13,12
3/1/2019,14,13
3/2/2019,4,5
3/3/2019,2,5
3/4/2019,15,11
3/5/2019,13,14
3/6/2019,13,11
3/7/2019,12,13
3/8/2019,10,11
3/9/2019,3,5
3/10/2019,3,4
3/11/2019,16,16
3/12/2019,17,17
3/13/2019,16,16
3/14/2019,17,16
3/15/2019,17,16
3/16/2019,4,6
3/17/2019,3,5
3/18/2019,17,15
3/19/2019,17,16
3/20/2019,14,16
3/21/2019,25,21
3/22/2019,22,20
3/23/2019,5,6
3/24/2019,3,5
3/25/2019,33,30
3/26/2019,27,26
3/27/2019,19,19
3/28/2019,15,16
3/29/2019,17,16
3/30/2019,4,7
3/31/2019,3,5
4/1/2019,16,14
4/2/2019,18,14
4/3/2019,18,15
4/4/2019,18,15
4/5/2019,16,14
4/6/2019,5,6
4/7/2019,2,4
4/8/2019,18,14
4/9/2019,21,17
4/10/2019,18,16
4/11/2019,17,16
4/12/2019,17,15
4/13/2019,4,5
4/14/2019,3,4
4/15/2019,13,13
4/16/2019,18,16
4/17/2019,18,16
4/18/2019,17,16
4/19/2019,9,10
4/20/2019,3,4
4/21/2019,3,3
4/22/2019,14,13
4/23/2019,18,16
4/24/2019,17,14
4/25/2019,19,16
4/26/2019,16,15
4/27/2019,4,6
4/28/2019,3,5
4/29/2019,17,14
4/30/2019,44,26
5/1/2019,50,37
5/1/2019,100,73
5/2/2019,49,37
5/3/2019,37,34
5/4/2019,9,13
5/5/2019,6,10
5/6/2019,42,31
5/7/2019,37,34
5/8/2019,35,35
5/9/2019,33,31
5/10/2019,36,33
5/11/2019,9,12
5/12/2019,5,10
5/13/2019,53,50
5/14/2019,44,43
5/15/2019,35,34
5/16/2019,33,34
5/17/2019,26,27
5/18/2019,9,12
5/19/2019,5,7
5/20/2019,33,32
5/21/2019,32,33
5/22/2019,31,30
5/23/2019,33,32
5/24/2019,29,29
5/25/2019,9,10
5/26/2019,4,9
5/27/2019,8,10
5/28/2019,27,23
5/29/2019,29,27
5/30/2019,24,26
5/31/2019,29,25
6/1/2019,8,11
6/2/2019,4,9
6/3/2019,35,30
6/4/2019,35,35
6/5/2019,33,33
6/6/2019,30,27
6/7/2019,30,28
6/8/2019,8,11
6/9/2019,6,8
6/10/2019,28,25
6/11/2019,30,25
6/12/2019,26,24
6/13/2019,26,24
6/14/2019,23,23
6/15/2019,6,8
6/16/2019,3,6
6/17/2019,24,22
6/18/2019,30,28
6/19/2019,29,25
6/20/2019,30,28
6/21/2019,26,24
6/22/2019,7,9
6/23/2019,4,7
6/24/2019,23,20
6/25/2019,25,19
6/26/2019,26,21
6/27/2019,31,24
6/28/2019,33,31
6/29/2019,6,10
6/30/2019,5,7
7/1/2019,32,24
7/2/2019,27,24
7/3/2019,25,23
7/4/2019,10,10
7/5/2019,22,20
7/6/2019,6,8
7/7/2019,4,8
7/8/2019,32,23
7/9/2019,28,24
7/10/2019,25,23
7/11/2019,29,24
7/12/2019,25,21
7/13/2019,6,9
7/14/2019,4,6
7/15/2019,24,22
7/16/2019,24,20
7/17/2019,25,19
7/18/2019,26,19
7/19/2019,21,21
7/20/2019,6,9
7/21/2019,4,6
7/22/2019,25,21
7/23/2019,30,26
7/24/2019,26,25
7/25/2019,28,23
7/26/2019,29,25
7/27/2019,8,10
7/28/2019,8,7
7/29/2019,30,24
7/30/2019,72,43
7/31/2019,87,52
8/1/2019,45,33
8/2/2019,36,30
8/3/2019,8,12
8/4/2019,5,6
8/5/2019,38,37
8/6/2019,41,39
8/7/2019,30,28
8/8/2019,30,27
8/9/2019,25,27
8/10/2019,6,8
8/11/2019,6,6
8/12/2019,26,26
8/13/2019,39,33
8/14/2019,40,35
8/15/2019,33,28
8/16/2019,27,30
8/17/2019,9,9
8/18/2019,4,9
8/19/2019,32,27
8/20/2019,32,26
8/21/2019,31,24
8/22/2019,28,24
8/23/2019,33,30
8/24/2019,8,12
8/25/2019,5,8
8/26/2019,28,25
8/27/2019,27,24
8/28/2019,23,20
8/29/2019,26,25
8/30/2019,25,22
8/31/2019,6,8
9/1/2019,4,7
9/2/2019,8,9
9/3/2019,22,20
9/4/2019,25,20
9/5/2019,27,25
9/6/2019,25,25
9/7/2019,6,11
9/8/2019,5,9
9/9/2019,28,23
9/10/2019,47,56
9/11/2019,44,53
9/12/2019,42,43
9/13/2019,36,35
9/14/2019,8,14
9/15/2019,5,9
9/16/2019,27,28
9/17/2019,27,27
9/18/2019,28,26
9/19/2019,27,25
9/20/2019,26,27
9/21/2019,7,11
9/22/2019,4,9
9/23/2019,22,24
9/24/2019,24,26
9/25/2019,23,22
9/26/2019,22,24
9/27/2019,21,24
9/28/2019,6,10
9/29/2019,5,8
9/30/2019,25,25
10/1/2019,31,28
10/2/2019,30,27
10/3/2019,26,26
10/4/2019,30,28
10/5/2019,7,10
10/6/2019,6,8
10/7/2019,27,24
10/8/2019,26,26
10/9/2019,26,24
10/10/2019,30,27
10/11/2019,38,35
10/12/2019,11,13
10/13/2019,7,8
10/14/2019,25,25
10/15/2019,32,26
10/16/2019,27,25
10/17/2019,26,27
10/18/2019,24,24
10/19/2019,7,10
10/20/2019,5,8
10/21/2019,28,27
10/22/2019,32,30
10/23/2019,31,32
10/24/2019,31,30
10/25/2019,34,33
10/26/2019,10,13
10/27/2019,8,9
10/28/2019,37,30
10/29/2019,39,36
10/30/2019,68,47
10/31/2019,62,43
11/1/2019,43,39
11/2/2019,12,15
11/3/2019,8,12
11/4/2019,35,37
11/5/2019,34,32
11/6/2019,31,32
11/7/2019,32,34
11/8/2019,31,30
11/9/2019,8,13
11/10/2019,5,8
11/11/2019,27,26
11/12/2019,31,28
11/13/2019,33,32
11/14/2019,30,33
11/15/2019,32,31
11/16/2019,11,16
11/17/2019,7,11
11/18/2019,29,30
11/19/2019,32,30
11/20/2019,32,29
11/21/2019,31,30
11/22/2019,24,27
11/23/2019,6,11
11/24/2019,4,10
11/25/2019,26,25
11/26/2019,27,30
11/27/2019,26,24
11/28/2019,10,13
11/29/2019,17,19
11/30/2019,6,11
12/1/2019,4,9
12/2/2019,24,24
12/3/2019,26,29
12/4/2019,24,27
12/5/2019,25,28
12/6/2019,28,30
12/7/2019,8,14
12/8/2019,6,9
12/9/2019,26,26
12/10/2019,26,27
12/11/2019,28,24
12/12/2019,30,30
12/13/2019,37,35
12/14/2019,10,13
12/15/2019,7,11
12/16/2019,34,35
12/17/2019,35,35
12/18/2019,29,30
12/19/2019,31,31
12/20/2019,29,33
12/21/2019,7,11
12/22/2019,3,11
12/23/2019,30,33
12/24/2019,25,31
12/25/2019,10,14
12/26/2019,31,32
12/27/2019,39,37
12/28/2019,10,17
12/29/2019,6,14
12/30/2019,31,33
12/31/2019,33,32
1/1/2020,10,16
1/1/2020,3,4
1/2/2020,12,11
1/3/2020,12,12
1/4/2020,3,4
1/5/2020,2,3
1/6/2020,9,9
1/7/2020,9,9
1/8/2020,11,12
1/9/2020,13,12
1/10/2020,11,12
1/11/2020,3,4
1/12/2020,2,3
1/13/2020,10,11
1/14/2020,11,12
1/15/2020,11,11
1/16/2020,11,11
1/17/2020,10,12
1/18/2020,3,4
1/19/2020,1,3
1/20/2020,4,5
1/21/2020,9,9
1/22/2020,9,10
1/23/2020,9,9
1/24/2020,10,10
1/25/2020,3,4
1/26/2020,2,3
1/27/2020,11,11
1/28/2020,24,16
1/29/2020,25,19
1/30/2020,13,14
1/31/2020,12,13
2/1/2020,4,6
2/2/2020,2,4
2/3/2020,13,13
2/4/2020,12,14
2/5/2020,12,13
2/6/2020,10,12
2/7/2020,9,11
2/8/2020,3,4
2/9/2020,2,3
2/10/2020,9,10
2/11/2020,10,11
2/12/2020,10,11
2/13/2020,10,11
2/14/2020,9,9
2/15/2020,2,3
2/16/2020,2,3
2/17/2020,5,6
2/18/2020,18,18
2/19/2020,11,13
2/20/2020,9,10
2/21/2020,9,11
2/22/2020,3,5
2/23/2020,2,3
2/24/2020,17,19
2/25/2020,17,21
2/26/2020,14,19
2/27/2020,17,24
2/28/2020,24,37
2/29/2020,6,13
3/1/2020,3,7
3/2/2020,21,26
3/3/2020,21,23
3/4/2020,16,18
3/5/2020,14,18
3/6/2020,15,18
3/7/2020,4,7
3/8/2020,3,6
3/9/2020,22,34
3/10/2020,19,28
3/11/2020,17,23
3/12/2020,23,45
3/13/2020,23,43
3/14/2020,7,15
3/15/2020,5,10
3/16/2020,23,41
3/17/2020,20,34
3/18/2020,20,35
3/19/2020,17,29
3/20/2020,16,26
3/21/2020,5,15
3/22/2020,3,10
3/23/2020,19,29
3/24/2020,17,30
3/25/2020,18,26
3/26/2020,15,23
3/27/2020,13,21
3/28/2020,4,9
3/29/2020,2,8
3/30/2020,11,17
3/31/2020,11,16
4/1/2020,11,17
4/2/2020,11,17
4/3/2020,9,14
4/4/2020,3,8
4/5/2020,2,5
4/6/2020,12,17
4/7/2020,11,17
4/8/2020,11,15
4/9/2020,11,15
4/10/2020,5,9
4/11/2020,2,6
4/12/2020,2,5
4/13/2020,9,14
4/14/2020,11,16
4/15/2020,12,17
4/16/2020,11,16
4/17/2020,14,20
4/18/2020,3,7
4/19/2020,2,5
4/20/2020,10,14
4/21/2020,10,15
4/22/2020,10,12
4/23/2020,9,13
4/24/2020,9,13
4/25/2020,2,5
4/26/2020,2,4
4/27/2020,9,13
4/28/2020,10,13
4/29/2020,11,14
4/30/2020,21,21
5/1/2020,17,19
5/2/2020,3,6
5/3/2020,2,5
5/4/2020,9,13
5/5/2020,9,13
5/6/2020,9,13
5/7/2020,10,13
5/8/2020,9,13
5/9/2020,3,6
5/10/2020,2,4
5/11/2020,10,11
5/12/2020,11,13
5/13/2020,11,13
5/14/2020,9,11
5/15/2020,11,11
5/16/2020,3,5
5/17/2020,2,4
5/18/2020,9,11
5/19/2020,9,11
5/20/2020,9,12
5/21/2020,8,12
5/22/2020,8,10
5/23/2020,2,5
5/24/2020,2,4
5/25/2020,2,4
5/26/2020,9,11
5/27/2020,8,11
5/28/2020,8,11
5/29/2020,7,10
5/30/2020,2,4
5/31/2020,1,3
6/1/2020,7,9
6/2/2020,8,10
6/3/2020,8,10
6/4/2020,7,10
6/5/2020,9,12
6/6/2020,3,5
6/7/2020,2,4
6/8/2020,9,12
6/9/2020,11,15
6/10/2020,13,16
6/11/2020,14,18
6/12/2020,11,15
6/13/2020,3,5
6/14/2020,2,4
6/15/2020,9,11
6/16/2020,9,13
6/17/2020,10,13
6/18/2020,9,11
6/19/2020,10,13
6/20/2020,3,5
6/21/2020,2,4
6/22/2020,12,16
6/23/2020,14,19
6/24/2020,12,15
6/25/2020,11,13
6/26/2020,10,13
6/27/2020,3,5
6/28/2020,2,4
6/29/2020,10,11
6/30/2020,9,12
7/1/2020,9,11
7/2/2020,9,13
7/3/2020,4,6
7/4/2020,2,3
7/5/2020,2,4
7/6/2020,10,13
7/7/2020,11,14
7/8/2020,11,14
7/9/2020,11,15
7/10/2020,11,14
7/11/2020,4,6
7/12/2020,2,4
7/13/2020,14,16
7/14/2020,12,16
7/15/2020,14,18
7/16/2020,11,15
7/17/2020,10,13
7/18/2020,3,5
7/19/2020,2,4
7/20/2020,11,12
7/21/2020,12,14
7/22/2020,10,13
7/23/2020,14,16
7/24/2020,15,16
7/25/2020,3,5
7/26/2020,2,4
7/27/2020,11,13
7/28/2020,11,13
7/29/2020,11,12
7/30/2020,27,35
7/31/2020,46,71
8/1/2020,10,25
8/2/2020,5,14
8/3/2020,25,40
8/4/2020,20,33
8/5/2020,16,29
8/6/2020,19,29
8/7/2020,18,28
8/8/2020,5,11
8/9/2020,3,9
8/10/2020,17,25
8/11/2020,19,29
8/12/2020,17,32
8/13/2020,20,32
8/14/2020,18,29
8/15/2020,4,10
8/16/2020,3,8
8/17/2020,16,24
8/18/2020,16,26
8/19/2020,21,35
8/20/2020,20,37
8/21/2020,28,45
8/22/2020,9,20
8/23/2020,5,14
8/24/2020,32,49
8/25/2020,28,46
8/26/2020,25,41
8/27/2020,23,39
8/28/2020,23,44
8/29/2020,8,23
8/30/2020,7,20
8/31/2020,52,100
9/1/2020,41,78
9/1/2020,52,100
9/2/2020,49,77
9/3/2020,47,76
9/4/2020,61,90
9/5/2020,11,25
9/6/2020,6,15
9/7/2020,10,20
9/8/2020,47,65
9/9/2020,46,60
9/10/2020,38,55
9/11/2020,34,51
9/12/2020,8,16
9/13/2020,5,12
9/14/2020,35,47
9/15/2020,43,58
9/16/2020,35,48
9/17/2020,32,47
9/18/2020,33,47
9/19/2020,8,17
9/20/2020,5,12
9/21/2020,34,48
9/22/2020,34,39
9/23/2020,31,43
9/24/2020,30,41
9/25/2020,27,37
9/26/2020,7,12
9/27/2020,4,7
9/28/2020,25,36
9/29/2020,23,33
9/30/2020,22,35
10/1/2020,23,33
10/2/2020,27,36
10/3/2020,5,11
10/4/2020,4,7
10/5/2020,20,32
10/6/2020,24,33
10/7/2020,21,32
10/8/2020,19,30
10/9/2020,21,30
10/10/2020,6,10
10/11/2020,4,8
10/12/2020,32,44
10/13/2020,45,55
10/14/2020,30,45
10/15/2020,23,37
10/16/2020,22,32
10/17/2020,5,11
10/18/2020,3,7
10/19/2020,21,29
10/20/2020,20,32
10/21/2020,19,29
10/22/2020,19,28
10/23/2020,18,25
10/24/2020,4,9
10/25/2020,3,6
10/26/2020,19,28
10/27/2020,19,27
10/28/2020,21,30
10/29/2020,35,40
10/30/2020,37,42
10/31/2020,7,11
11/1/2020,4,7
11/2/2020,21,31
11/3/2020,21,30
11/4/2020,20,29
11/5/2020,21,30
11/6/2020,20,28
11/7/2020,4,10
11/8/2020,4,6
11/9/2020,26,36
11/10/2020,23,35
11/11/2020,21,30
11/12/2020,18,27
11/13/2020,16,24
11/14/2020,4,9
11/15/2020,3,7
11/16/2020,18,28
11/17/2020,16,27
11/18/2020,17,26
11/19/2020,15,26
11/20/2020,15,22
11/21/2020,4,9
11/22/2020,3,6
11/23/2020,15,25
11/24/2020,20,31
11/25/2020,15,25
11/26/2020,5,12
11/27/2020,11,18
11/28/2020,3,9
11/29/2020,3,7
11/30/2020,15,26
12/1/2020,20,30
12/2/2020,20,27
12/3/2020,16,27
12/4/2020,16,25
12/5/2020,4,8
12/6/2020,3,7
12/7/2020,15,25
12/8/2020,17,28
12/9/2020,19,29
12/10/2020,16,24
12/11/2020,14,22
12/12/2020,4,10
12/13/2020,3,6
12/14/2020,14,21
12/15/2020,19,27
12/16/2020,19,29
12/17/2020,19,28
12/18/2020,15,25
12/19/2020,4,9
12/20/2020,3,7
12/21/2020,18,26
12/22/2020,30,44
12/23/2020,22,39
12/24/2020,17,28
12/25/2020,5,12
12/26/2020,4,9
12/27/2020,3,9
12/28/2020,21,32
12/29/2020,23,33
12/30/2020,19,29
12/31/2020,18,28
1/1/2021,6,11
1/2/2021,4,9
1/3/2021,3,9
1/4/2021,19,29
1/5/2021,19,29
1/6/2021,21,34
1/7/2021,21,34
1/8/2021,21,34
1/9/2021,5,13
1/10/2021,3,11
1/11/2021,17,32
1/12/2021,16,31
1/13/2021,18,31
1/14/2021,18,30
1/15/2021,15,29
1/16/2021,3,11
1/17/2021,3,9
1/18/2021,6,11
1/19/2021,15,26
1/20/2021,18,29
1/21/2021,22,35
1/22/2021,23,34
1/23/2021,8,14
1/24/2021,5,11
1/25/2021,29,41
1/26/2021,29,44
1/27/2021,47,59
1/28/2021,45,61
1/29/2021,31,50
1/30/2021,9,21
1/31/2021,6,13
2/1/2021,24,38
2/2/2021,23,38
2/3/2021,24,38
2/4/2021,26,39
2/5/2021,21,35
2/6/2021,6,12
2/7/2021,3,10
2/8/2021,20,28
2/9/2021,18,31
2/10/2021,18,29
2/11/2021,16,27
2/12/2021,15,25
2/13/2021,4,10
2/14/2021,3,7
2/15/2021,7,12
2/16/2021,16,24
2/17/2021,18,29
2/18/2021,19,29
2/19/2021,17,27
2/20/2021,5,10
2/21/2021,3,8
2/22/2021,19,27
2/23/2021,25,38
2/24/2021,21,34
2/25/2021,22,33
2/26/2021,22,35
2/27/2021,7,12
2/28/2021,5,9
3/1/2021,21,32
3/2/2021,21,31
3/3/2021,18,28
3/4/2021,21,32
3/5/2021,23,35
3/6/2021,5,12
3/7/2021,3,8
3/8/2021,23,36
3/9/2021,26,39
3/10/2021,21,33
3/11/2021,20,31
3/12/2021,20,30
3/13/2021,5,10
3/14/2021,2,7
3/15/2021,19,28
3/16/2021,19,27
3/17/2021,17,26
3/18/2021,18,26
3/19/2021,19,23
3/20/2021,4,8
3/21/2021,3,6
3/22/2021,18,25
3/23/2021,17,23
3/24/2021,14,23
3/25/2021,15,23
3/26/2021,15,21
3/27/2021,5,7
3/28/2021,3,5
3/29/2021,14,19
3/30/2021,16,22
3/31/2021,18,23
4/1/2021,15,23
4/2/2021,8,13
4/3/2021,2,6
4/4/2021,2,5
4/5/2021,16,22
4/6/2021,17,22
4/7/2021,15,21
4/8/2021,19,23
4/9/2021,19,23
4/10/2021,5,9
4/11/2021,3,6
4/12/2021,15,22
4/13/2021,18,26
4/14/2021,18,26
4/15/2021,15,23
4/16/2021,14,21
4/17/2021,4,8
4/18/2021,3,6
4/19/2021,14,22
4/20/2021,19,27
4/21/2021,15,25
4/22/2021,13,22
4/23/2021,14,20
4/24/2021,4,6
4/25/2021,2,6
4/26/2021,15,23
4/27/2021,18,21
4/28/2021,32,34
4/29/2021,33,39
4/30/2021,18,24
5/1/2021,4,8
5/1/2021,14,27
5/2/2021,10,22
5/3/2021,53,72
5/4/2021,61,85
5/5/2021,54,76
5/6/2021,48,74
5/7/2021,48,72
5/8/2021,11,24
5/9/2021,8,21
5/10/2021,47,68
5/11/2021,53,79
5/12/2021,53,79
5/13/2021,54,80
5/14/2021,45,72
5/15/2021,12,23
5/16/2021,8,17
5/17/2021,42,63
5/18/2021,44,61
5/19/2021,44,67
5/20/2021,42,65
5/21/2021,43,63
5/22/2021,9,20
5/23/2021,7,16
5/24/2021,39,54
5/25/2021,40,60
5/26/2021,40,57
5/27/2021,40,57
5/28/2021,38,63
5/29/2021,9,19
5/30/2021,7,17
5/31/2021,9,22
6/1/2021,36,53
6/2/2021,40,52
6/3/2021,37,53
6/4/2021,42,56
6/5/2021,9,23
6/6/2021,6,16
6/7/2021,38,60
6/8/2021,42,61
6/9/2021,37,54
6/10/2021,41,51
6/11/2021,38,51
6/12/2021,10,17
6/13/2021,8,17
6/14/2021,42,56
6/15/2021,42,56
6/16/2021,38,53
6/17/2021,44,56
6/18/2021,41,63
6/19/2021,10,16
6/20/2021,6,13
6/21/2021,38,57
6/22/2021,42,64
6/23/2021,42,56
6/24/2021,44,56
6/25/2021,38,53
6/26/2021,9,19
6/27/2021,6,15
6/28/2021,38,49
6/29/2021,42,57
6/30/2021,42,54
7/1/2021,42,53
7/2/2021,46,58
7/3/2021,13,21
7/4/2021,7,15
7/5/2021,14,23
7/6/2021,51,70
7/7/2021,61,77
7/8/2021,57,76
7/9/2021,54,72
7/10/2021,15,22
7/11/2021,9,18
7/12/2021,49,57
7/13/2021,54,70
7/14/2021,68,81
7/15/2021,65,73
7/16/2021,51,61
7/17/2021,10,21
7/18/2021,8,16
7/19/2021,49,69
7/20/2021,55,77
7/21/2021,53,69
7/22/2021,51,63
7/23/2021,52,65
7/24/2021,13,23
7/25/2021,10,18
7/26/2021,53,69
7/27/2021,96,94
7/28/2021,86,96
7/29/2021,53,72
7/30/2021,50,67
7/31/2021,13,19
8/1/2021,8,17
8/2/2021,43,55
8/3/2021,45,56
8/4/2021,43,56
8/5/2021,38,57
8/6/2021,40,55
8/7/2021,9,19
8/8/2021,9,14
8/9/2021,36,50
8/10/2021,38,54
8/11/2021,37,56
8/12/2021,41,58
8/13/2021,43,60
8/14/2021,10,20
8/15/2021,6,14
8/16/2021,42,55
8/17/2021,47,68
8/18/2021,44,60
8/19/2021,43,56
8/20/2021,41,63
8/21/2021,9,21
8/22/2021,7,13
8/23/2021,40,58
8/24/2021,58,83
8/25/2021,39,56
8/26/2021,36,52
8/27/2021,37,50
8/28/2021,9,19
8/29/2021,5,14
8/30/2021,47,64
8/31/2021,48,67
9/1/2021,45,60
9/2/2021,44,65
9/3/2021,41,58
9/4/2021,10,19
9/5/2021,9,13
9/6/2021,10,20
9/7/2021,47,60
9/8/2021,44,59
9/9/2021,39,58
9/10/2021,56,75
9/11/2021,16,34
9/12/2021,10,21
9/13/2021,51,69
9/14/2021,58,91
9/15/2021,49,78
9/16/2021,39,59
9/17/2021,39,58
9/18/2021,12,21
9/19/2021,7,15
9/20/2021,49,68
9/21/2021,42,62
9/22/2021,39,57
9/23/2021,39,56
9/24/2021,36,54
9/25/2021,9,21
9/26/2021,6,13
9/27/2021,37,49
9/28/2021,39,52
9/29/2021,38,53
9/30/2021,41,52
10/1/2021,34,52
10/2/2021,9,20
10/3/2021,6,15
10/4/2021,39,64
10/5/2021,40,60
10/6/2021,38,58
10/7/2021,37,56
10/8/2021,35,51
10/9/2021,6,20
10/10/2021,5,12
10/11/2021,30,48
10/12/2021,35,51
10/13/2021,39,60
10/14/2021,38,53
10/15/2021,34,53
10/16/2021,9,21
10/17/2021,8,16
10/18/2021,42,60
10/19/2021,43,65
10/20/2021,38,65
10/21/2021,38,58
10/22/2021,38,53
10/23/2021,9,20
10/24/2021,7,15
10/25/2021,38,57
10/26/2021,41,67
10/27/2021,41,61
10/28/2021,87,97
10/29/2021,81,100
10/30/2021,14,28
10/31/2021,8,18
11/1/2021,43,59
11/2/2021,40,61
11/3/2021,38,59
11/4/2021,38,59
11/5/2021,37,57
11/6/2021,10,23
11/7/2021,6,21
11/8/2021,36,58
11/9/2021,36,56
11/10/2021,36,57
11/11/2021,32,51
11/12/2021,34,54
11/13/2021,8,21
11/14/2021,7,16
11/15/2021,33,50
11/16/2021,35,56
11/17/2021,38,60
11/18/2021,51,75
11/19/2021,54,79
11/20/2021,16,32
11/21/2021,9,20
11/22/2021,50,74
11/23/2021,48,72
11/24/2021,41,53
11/25/2021,15,28
11/26/2021,36,58
11/27/2021,10,26
11/28/2021,8,19
11/29/2021,44,65
11/30/2021,49,77
12/1/2021,61,82
12/2/2021,57,77
12/3/2021,48,69
12/4/2021,13,25
12/5/2021,8,17
12/6/2021,50,66
12/7/2021,56,83
12/8/2021,70,98
12/9/2021,61,86
12/10/2021,59,86
12/11/2021,18,35
12/12/2021,10,24
12/13/2021,58,80
12/14/2021,58,85
12/15/2021,52,79
12/16/2021,59,78
12/17/2021,55,78
12/18/2021,12,28
12/19/2021,9,18
12/20/2021,49,64
12/21/2021,48,80
12/22/2021,54,76
12/23/2021,49,65
12/24/2021,23,39
12/25/2021,8,23
12/26/2021,9,19
12/27/2021,47,71
12/28/2021,55,77
12/29/2021,48,71
12/30/2021,45,69
12/31/2021,37,60
1/1/2022,9,25
1/1/2022,7,19
1/2/2022,6,15
1/3/2022,42,60
1/4/2022,59,100
1/5/2022,30,49
1/6/2022,28,44
1/7/2022,30,54
1/8/2022,12,21
1/9/2022,7,14
1/10/2022,34,48
1/11/2022,31,50
1/12/2022,27,41
1/13/2022,24,35
1/14/2022,24,38
1/15/2022,9,18
1/16/2022,4,11
1/17/2022,9,20
1/18/2022,27,40
1/19/2022,25,38
1/20/2022,29,41
1/21/2022,33,52
1/22/2022,13,27
1/23/2022,7,18
1/24/2022,46,71
1/25/2022,38,58
1/26/2022,35,54
1/27/2022,62,74
1/28/2022,86,99
1/29/2022,16,33
1/30/2022,9,18
1/31/2022,40,57
2/1/2022,33,50
2/2/2022,36,57
2/3/2022,36,62
2/4/2022,32,55
2/5/2022,8,20
2/6/2022,5,17
2/7/2022,30,49
2/8/2022,31,48
2/9/2022,29,46
2/10/2022,26,35
2/11/2022,26,43
2/12/2022,9,20
2/13/2022,6,12
2/14/2022,27,43
2/15/2022,28,43
2/16/2022,25,41
2/17/2022,24,39
2/18/2022,28,45
2/19/2022,7,17
2/20/2022,4,13
2/21/2022,10,22
2/22/2022,31,49
2/23/2022,26,46
2/24/2022,41,73
2/25/2022,29,48
2/26/2022,9,18
2/27/2022,5,14
2/28/2022,29,48
3/1/2022,23,42
3/2/2022,26,40
3/3/2022,24,41
3/4/2022,25,45
3/5/2022,7,16
3/6/2022,4,12
3/7/2022,29,48
3/8/2022,32,52
3/9/2022,28,45
3/10/2022,29,45
3/11/2022,26,44
3/12/2022,8,18
3/13/2022,5,13
3/14/2022,31,45
3/15/2022,27,43
3/16/2022,30,48
3/17/2022,24,42
3/18/2022,26,43
3/19/2022,7,16
3/20/2022,5,13
3/21/2022,23,41
3/22/2022,26,40
3/23/2022,27,43
3/24/2022,26,42
3/25/2022,27,40
3/26/2022,8,16
3/27/2022,5,13
3/28/2022,30,45
3/29/2022,32,44
3/30/2022,32,48
3/31/2022,26,41
4/1/2022,25,38
4/2/2022,7,14
4/3/2022,5,12
4/4/2022,26,43
4/5/2022,23,39
4/6/2022,27,38
4/7/2022,23,38
4/8/2022,21,35
4/9/2022,6,15
4/10/2022,4,9
4/11/2022,26,38
4/12/2022,24,38
4/13/2022,23,35
4/14/2022,23,32
4/15/2022,10,21
4/16/2022,4,12
4/17/2022,3,10
4/18/2022,24,37
4/19/2022,22,34
4/20/2022,21,40
4/21/2022,25,40
4/22/2022,24,38
4/23/2022,8,17
4/24/2022,5,13
4/25/2022,28,43
4/26/2022,29,45
4/27/2022,33,46
4/28/2022,81,74
4/29/2022,61,68
4/30/2022,12,25
5/1/2022,7,14
5/2/2022,35,47
5/3/2022,27,45
5/4/2022,26,40
5/5/2022,34,52
5/6/2022,32,48
5/7/2022,9,17
5/8/2022,6,12
5/9/2022,38,57
5/10/2022,32,54
5/11/2022,43,64
5/12/2022,50,73
5/13/2022,36,58
5/14/2022,7,19
5/15/2022,6,13
5/16/2022,29,44
5/17/2022,31,44
5/18/2022,34,54
5/19/2022,37,60
5/20/2022,36,55
5/21/2022,10,22
5/22/2022,5,14
5/23/2022,33,44
5/24/2022,34,48
5/25/2022,28,41
5/26/2022,28,44
5/27/2022,27,41
5/28/2022,8,16
5/29/2022,4,10
5/30/2022,8,16
5/31/2022,27,39
6/1/2022,26,39
6/2/2022,25,36
6/3/2022,25,34
6/4/2022,7,14
6/5/2022,5,12
6/6/2022,29,46
6/7/2022,27,44
6/8/2022,25,35
6/9/2022,25,34
6/10/2022,27,37
6/11/2022,7,17
6/12/2022,5,12
6/13/2022,35,55
6/14/2022,28,51
6/15/2022,30,46
6/16/2022,33,48
6/17/2022,28,43
6/18/2022,6,17
6/19/2022,5,13
6/20/2022,12,22
6/21/2022,27,41
6/22/2022,25,37
6/23/2022,24,33
6/24/2022,22,37
6/25/2022,7,15
6/26/2022,5,11
6/27/2022,21,33
6/28/2022,23,33
6/29/2022,23,32
6/30/2022,21,32
7/1/2022,22,32
7/2/2022,7,15
7/3/2022,5,9
7/4/2022,6,13
7/5/2022,21,32
7/6/2022,20,32
7/7/2022,23,35
7/8/2022,22,36
7/9/2022,6,14
7/10/2022,5,11
7/11/2022,23,30
7/12/2022,21,32
7/13/2022,21,31
7/14/2022,24,31
7/15/2022,25,31
7/16/2022,7,13
7/17/2022,5,11
7/18/2022,27,39
7/19/2022,28,37
7/20/2022,26,37
7/21/2022,26,37
7/22/2022,26,37
7/23/2022,6,14
7/24/2022,4,10
7/25/2022,26,33
7/26/2022,26,34
7/27/2022,29,43
7/28/2022,66,63
7/29/2022,56,61
7/30/2022,10,18
7/31/2022,7,11
8/1/2022,28,37
8/2/2022,24,36
8/3/2022,28,41
8/4/2022,27,40
8/5/2022,23,35
8/6/2022,6,13
8/7/2022,5,11
8/8/2022,25,36
8/9/2022,23,36
8/10/2022,27,42
8/11/2022,28,38
8/12/2022,29,38
8/13/2022,8,15
8/14/2022,5,13
8/15/2022,27,41
8/16/2022,27,43
8/17/2022,30,40
8/18/2022,27,36
8/19/2022,26,42
8/20/2022,6,14
8/21/2022,5,11
8/22/2022,24,33
8/23/2022,23,37
8/24/2022,22,33
8/25/2022,23,34
8/26/2022,23,36
8/27/2022,7,13
8/28/2022,4,10
8/29/2022,25,32
8/30/2022,24,33
8/31/2022,21,31
9/1/2022,24,34
9/1/2022,28,40
9/2/2022,25,37
9/3/2022,7,14
9/4/2022,4,12
9/5/2022,8,17
9/6/2022,27,40
9/7/2022,37,62
9/8/2022,30,55
9/9/2022,27,47
9/10/2022,7,18
9/11/2022,5,13
9/12/2022,30,43
9/13/2022,37,53
9/14/2022,32,50
9/15/2022,27,43
9/16/2022,30,47
9/17/2022,8,17
9/18/2022,4,14
9/19/2022,26,40
9/20/2022,29,42
9/21/2022,30,43
9/22/2022,29,41
9/23/2022,28,43
9/24/2022,8,18
9/25/2022,5,14
9/26/2022,26,46
9/27/2022,24,40
9/28/2022,45,54
9/29/2022,46,64
9/30/2022,37,57
10/1/2022,10,24
10/2/2022,8,15
10/3/2022,31,49
10/4/2022,32,49
10/5/2022,28,42
10/6/2022,26,37
10/7/2022,28,39
10/8/2022,7,18
10/9/2022,4,12
10/10/2022,25,39
10/11/2022,26,40
10/12/2022,25,37
10/13/2022,27,48
10/14/2022,28,42
10/15/2022,7,18
10/16/2022,5,14
10/17/2022,28,40
10/18/2022,29,46
10/19/2022,30,40
10/20/2022,26,41
10/21/2022,25,37
10/22/2022,7,14
10/23/2022,5,11
10/24/2022,28,40
10/25/2022,31,47
10/26/2022,37,53
10/27/2022,93,86
10/28/2022,83,95
10/29/2022,15,27
10/30/2022,8,14
10/31/2022,31,47
11/1/2022,29,48
11/2/2022,31,50
11/3/2022,35,52
11/4/2022,35,58
11/5/2022,8,20
11/6/2022,5,13
11/7/2022,33,50
11/8/2022,29,41
11/9/2022,27,46
11/10/2022,37,54
11/11/2022,34,50
11/12/2022,8,20
11/13/2022,5,13
11/14/2022,27,41
11/15/2022,32,43
11/16/2022,28,39
11/17/2022,25,34
11/18/2022,26,37
11/19/2022,7,17
11/20/2022,4,12
11/21/2022,21,33
11/22/2022,22,33
11/23/2022,23,34
11/24/2022,8,18
11/25/2022,18,27
11/26/2022,6,12
11/27/2022,5,10
11/28/2022,27,38
11/29/2022,29,41
11/30/2022,26,43
12/1/2022,25,42
12/2/2022,24,35
12/3/2022,5,17
12/4/2022,5,10
12/5/2022,27,36
12/6/2022,22,33
12/7/2022,23,34
12/8/2022,20,34
12/9/2022,21,31
12/10/2022,5,12
12/11/2022,4,10
12/12/2022,22,32
12/13/2022,27,38
12/14/2022,24,34
12/15/2022,27,37
12/16/2022,25,41
12/17/2022,8,15
12/18/2022,4,10
12/19/2022,25,35
12/20/2022,26,42
12/21/2022,30,40
12/22/2022,26,41
12/23/2022,24,39
12/24/2022,7,16
12/25/2022,5,12
12/26/2022,7,17
12/27/2022,30,42
12/28/2022,31,55
12/29/2022,32,55
12/30/2022,26,44
12/31/2022,9,22
1/1/2023,5,18
1/2/2023,9,24
1/3/2023,40,61
1/4/2023,39,63
1/5/2023,32,53
1/6/2023,30,54
1/7/2023,8,22
1/8/2023,5,18
1/9/2023,28,46
1/10/2023,24,40
1/11/2023,26,46
1/12/2023,25,49
1/13/2023,25,48
1/14/2023,7,22
1/15/2023,5,16
1/16/2023,10,24
1/17/2023,25,39
1/18/2023,24,45
1/19/2023,23,40
1/20/2023,27,42
1/21/2023,7,22
1/22/2023,6,17
1/23/2023,28,44
1/24/2023,31,49
1/25/2023,28,47
1/26/2023,30,45
1/27/2023,29,49
1/28/2023,8,21
1/29/2023,7,19
1/30/2023,29,45
1/31/2023,27,48
2/1/2023,33,51
2/2/2023,83,90
2/3/2023,85,100
2/4/2023,12,27
2/5/2023,7,17
2/6/2023,31,50
2/7/2023,29,48
2/8/2023,28,48
2/9/2023,28,46
2/10/2023,25,44
2/11/2023,6,20
2/12/2023,6,17
2/13/2023,26,40
2/14/2023,24,47
2/15/2023,27,46
2/16/2023,25,42
2/17/2023,25,38
2/18/2023,7,13
2/19/2023,5,10
2/20/2023,8,18
2/21/2023,24,36
2/22/2023,22,33
2/23/2023,24,35
2/24/2023,20,32
2/25/2023,5,13
2/26/2023,4,10
2/27/2023,21,35
2/28/2023,19,34
3/1/2023,18,29
