Date,AMZN,amazon stock
1/1/2014,4,14
1/2/2014,17,17
1/3/2014,13,19
1/4/2014,5,12
1/5/2014,7,10
1/6/2014,14,16
1/7/2014,16,16
1/8/2014,14,15
1/9/2014,8,16
1/10/2014,12,15
1/11/2014,5,13
1/12/2014,4,12
1/13/2014,15,14
1/14/2014,13,15
1/15/2014,14,13
1/16/2014,14,17
1/17/2014,17,12
1/18/2014,6,10
1/19/2014,5,11
1/20/2014,7,15
1/21/2014,14,14
1/22/2014,14,15
1/23/2014,18,14
1/24/2014,19,16
1/25/2014,7,15
1/26/2014,3,9
1/27/2014,16,15
1/28/2014,21,15
1/29/2014,20,13
1/30/2014,58,24
1/31/2014,85,35
2/1/2014,32,16
2/2/2014,11,13
2/3/2014,40,20
2/4/2014,34,23
2/5/2014,23,17
2/6/2014,20,15
2/7/2014,23,17
2/8/2014,5,9
2/9/2014,3,9
2/10/2014,22,16
2/11/2014,18,18
2/12/2014,29,15
2/13/2014,23,17
2/14/2014,12,15
2/15/2014,6,5
2/16/2014,8,9
2/17/2014,10,10
2/18/2014,20,11
2/19/2014,19,14
2/20/2014,19,13
2/21/2014,18,13
2/22/2014,6,10
2/23/2014,3,12
2/24/2014,17,14
2/25/2014,16,20
2/26/2014,21,17
2/27/2014,17,14
2/28/2014,19,9
3/1/2014,6,13
3/2/2014,2,7
3/3/2014,15,11
3/4/2014,17,21
3/5/2014,14,14
3/6/2014,16,13
3/7/2014,11,14
3/8/2014,5,9
3/9/2014,3,10
3/10/2014,15,13
3/11/2014,13,13
3/12/2014,13,12
3/13/2014,20,19
3/14/2014,17,18
3/15/2014,6,9
3/16/2014,2,11
3/17/2014,14,15
3/18/2014,10,16
3/19/2014,12,12
3/20/2014,16,14
3/21/2014,11,13
3/22/2014,5,8
3/23/2014,3,8
3/24/2014,12,11
3/25/2014,13,15
3/26/2014,15,10
3/27/2014,15,17
3/28/2014,15,12
3/29/2014,6,9
3/30/2014,4,9
3/31/2014,14,14
4/1/2014,15,13
4/2/2014,24,15
4/3/2014,24,19
4/4/2014,20,14
4/5/2014,6,13
4/6/2014,5,12
4/7/2014,16,15
4/8/2014,21,16
4/9/2014,21,12
4/10/2014,22,12
4/11/2014,22,15
4/12/2014,7,11
4/13/2014,6,8
4/14/2014,21,17
4/15/2014,17,15
4/16/2014,19,14
4/17/2014,21,14
4/18/2014,12,16
4/19/2014,5,11
4/20/2014,4,8
4/21/2014,16,13
4/22/2014,16,14
4/23/2014,23,14
4/24/2014,54,21
4/25/2014,72,31
4/26/2014,20,21
4/27/2014,11,11
4/28/2014,44,23
4/29/2014,29,20
4/30/2014,28,15
5/1/2014,31,15
5/2/2014,22,17
5/3/2014,4,11
5/4/2014,2,10
5/5/2014,21,13
5/6/2014,20,18
5/7/2014,27,17
5/8/2014,27,17
5/9/2014,27,17
5/10/2014,7,8
5/11/2014,2,9
5/12/2014,22,12
5/13/2014,18,16
5/14/2014,14,16
5/15/2014,22,13
5/16/2014,15,10
5/17/2014,3,6
5/18/2014,4,9
5/19/2014,18,14
5/20/2014,20,15
5/21/2014,21,7
5/22/2014,22,10
5/23/2014,18,12
5/24/2014,7,10
5/25/2014,9,7
5/26/2014,6,9
5/27/2014,14,11
5/28/2014,18,12
5/29/2014,17,11
5/30/2014,13,10
5/31/2014,5,10
6/1/2014,4,7
6/2/2014,14,6
6/3/2014,12,10
6/4/2014,17,13
6/5/2014,30,14
6/6/2014,32,15
6/7/2014,13,8
6/8/2014,4,10
6/9/2014,20,13
6/10/2014,22,14
6/11/2014,19,15
6/12/2014,24,11
6/13/2014,15,12
6/14/2014,4,9
6/15/2014,5,10
6/16/2014,15,13
6/17/2014,19,15
6/18/2014,46,26
6/19/2014,42,29
6/20/2014,20,19
6/21/2014,3,7
6/22/2014,3,9
6/23/2014,16,15
6/24/2014,19,11
6/25/2014,20,14
6/26/2014,16,17
6/27/2014,15,12
6/28/2014,5,8
6/29/2014,5,8
6/30/2014,13,11
7/1/2014,13,12
7/2/2014,12,11
7/3/2014,18,6
7/4/2014,1,7
7/5/2014,4,7
7/6/2014,2,8
7/7/2014,18,14
7/8/2014,10,14
7/9/2014,15,8
7/10/2014,15,9
7/11/2014,27,14
7/12/2014,9,11
7/13/2014,4,5
7/14/2014,17,10
7/15/2014,18,12
7/16/2014,20,16
7/17/2014,13,13
7/18/2014,19,11
7/19/2014,7,9
7/20/2014,5,5
7/21/2014,16,12
7/22/2014,19,15
7/23/2014,17,12
7/24/2014,61,21
7/25/2014,100,46
7/26/2014,20,22
7/27/2014,12,16
7/28/2014,27,19
7/29/2014,30,19
7/30/2014,19,16
7/31/2014,26,17
8/1/2014,24,17
8/2/2014,7,10
8/3/2014,4,9
8/4/2014,20,9
8/5/2014,23,13
8/6/2014,19,9
8/7/2014,21,9
8/8/2014,18,12
8/9/2014,9,7
8/10/2014,2,8
8/11/2014,16,11
8/12/2014,18,11
8/13/2014,18,12
8/14/2014,20,15
8/15/2014,16,10
8/16/2014,6,8
8/17/2014,1,12
8/18/2014,11,14
8/19/2014,15,15
8/20/2014,15,11
8/21/2014,17,13
8/22/2014,11,11
8/23/2014,4,10
8/24/2014,5,8
8/25/2014,25,12
8/26/2014,22,20
8/27/2014,23,17
8/28/2014,16,15
8/29/2014,13,11
8/30/2014,8,8
8/31/2014,5,7
9/1/2014,4,7
9/1/2014,4,7
9/2/2014,11,11
9/3/2014,14,11
9/4/2014,14,13
9/5/2014,10,9
9/6/2014,7,9
9/7/2014,2,7
9/8/2014,11,13
9/9/2014,17,14
9/10/2014,15,14
9/11/2014,14,15
9/12/2014,12,11
9/13/2014,2,12
9/14/2014,4,6
9/15/2014,9,12
9/16/2014,13,18
9/17/2014,16,14
9/18/2014,11,15
9/19/2014,17,25
9/20/2014,10,14
9/21/2014,5,10
9/22/2014,11,13
9/23/2014,11,18
9/24/2014,15,11
9/25/2014,9,13
9/26/2014,8,16
9/27/2014,5,11
9/28/2014,3,8
9/29/2014,8,9
9/30/2014,11,11
10/1/2014,12,15
10/2/2014,10,12
10/3/2014,10,11
10/4/2014,5,9
10/5/2014,7,8
10/6/2014,8,18
10/7/2014,9,11
10/8/2014,11,15
10/9/2014,11,11
10/10/2014,8,13
10/11/2014,4,15
10/12/2014,6,11
10/13/2014,12,15
10/14/2014,12,15
10/15/2014,15,13
10/16/2014,17,18
10/17/2014,10,16
10/18/2014,7,11
10/19/2014,5,9
10/20/2014,13,16
10/21/2014,16,13
10/22/2014,14,15
10/23/2014,59,31
10/24/2014,100,45
10/25/2014,23,18
10/26/2014,11,12
10/27/2014,25,20
10/28/2014,24,21
10/29/2014,20,22
10/30/2014,17,13
10/31/2014,16,12
11/1/2014,5,5
11/2/2014,2,13
11/3/2014,11,14
11/4/2014,15,15
11/5/2014,17,19
11/6/2014,11,19
11/7/2014,13,20
11/8/2014,6,12
11/9/2014,5,7
11/10/2014,15,14
11/11/2014,17,15
11/12/2014,17,15
11/13/2014,18,19
11/14/2014,24,18
11/15/2014,8,10
11/16/2014,6,7
11/17/2014,17,13
11/18/2014,16,14
11/19/2014,15,14
11/20/2014,15,16
11/21/2014,16,18
11/22/2014,7,12
11/23/2014,5,11
11/24/2014,11,15
11/25/2014,17,15
11/26/2014,16,17
11/27/2014,8,12
11/28/2014,10,23
11/29/2014,8,14
11/30/2014,4,14
12/1/2014,19,21
12/2/2014,18,24
12/3/2014,20,20
12/4/2014,17,16
12/5/2014,15,15
12/6/2014,6,13
12/7/2014,4,12
12/8/2014,16,17
12/9/2014,13,17
12/10/2014,18,18
12/11/2014,12,15
12/12/2014,11,21
12/13/2014,3,15
12/14/2014,6,13
12/15/2014,10,16
12/16/2014,15,20
12/17/2014,13,15
12/18/2014,16,20
12/19/2014,12,18
12/20/2014,7,13
12/21/2014,4,11
12/22/2014,11,15
12/23/2014,14,16
12/24/2014,11,14
12/25/2014,2,11
12/26/2014,10,12
12/27/2014,6,18
12/28/2014,6,8
12/29/2014,11,11
12/30/2014,11,17
12/31/2014,13,15
1/1/2015,4,14
1/2/2015,9,13
1/3/2015,5,11
1/4/2015,5,11
1/5/2015,13,11
1/6/2015,12,16
1/7/2015,16,15
1/8/2015,12,16
1/9/2015,11,16
1/10/2015,6,11
1/11/2015,5,10
1/12/2015,8,12
1/13/2015,10,17
1/14/2015,10,15
1/15/2015,14,18
1/16/2015,15,13
1/17/2015,5,8
1/18/2015,2,9
1/19/2015,7,11
1/20/2015,12,16
1/21/2015,14,16
1/22/2015,17,17
1/23/2015,19,14
1/24/2015,8,14
1/25/2015,5,12
1/26/2015,12,16
1/27/2015,17,12
1/28/2015,17,19
1/29/2015,51,27
1/30/2015,86,36
1/31/2015,18,16
2/1/2015,8,8
2/2/2015,25,18
2/3/2015,27,22
2/4/2015,21,19
2/5/2015,29,22
2/6/2015,22,24
2/7/2015,9,12
2/8/2015,4,10
2/9/2015,15,15
2/10/2015,14,15
2/11/2015,14,20
2/12/2015,20,15
2/13/2015,19,16
2/14/2015,7,10
2/15/2015,3,11
2/16/2015,12,11
2/17/2015,16,12
2/18/2015,16,14
2/19/2015,16,17
2/20/2015,13,17
2/21/2015,6,13
2/22/2015,6,10
2/23/2015,13,14
2/24/2015,17,14
2/25/2015,14,14
2/26/2015,16,16
2/27/2015,10,14
2/28/2015,7,8
3/1/2015,2,6
3/2/2015,11,15
3/3/2015,13,12
3/4/2015,12,14
3/5/2015,9,13
3/6/2015,16,16
3/7/2015,8,9
3/8/2015,2,10
3/9/2015,10,11
3/10/2015,12,14
3/11/2015,13,18
3/12/2015,10,13
3/13/2015,13,12
3/14/2015,3,12
3/15/2015,3,7
3/16/2015,11,14
3/17/2015,8,12
3/18/2015,13,14
3/19/2015,10,13
3/20/2015,10,13
3/21/2015,7,10
3/22/2015,4,7
3/23/2015,11,11
3/24/2015,12,11
3/25/2015,6,12
3/26/2015,8,14
3/27/2015,7,13
3/28/2015,3,8
3/29/2015,3,8
3/30/2015,7,11
3/31/2015,12,12
4/1/2015,9,14
4/2/2015,8,14
4/3/2015,5,11
4/4/2015,4,8
4/5/2015,1,10
4/6/2015,11,10
4/7/2015,11,13
4/8/2015,9,13
4/9/2015,7,13
4/10/2015,10,14
4/11/2015,4,9
4/12/2015,3,10
4/13/2015,9,13
4/14/2015,10,12
4/15/2015,11,12
4/16/2015,14,15
4/17/2015,11,13
4/18/2015,5,11
4/19/2015,3,8
4/20/2015,14,14
4/21/2015,17,20
4/22/2015,16,14
4/23/2015,52,19
4/24/2015,94,53
4/25/2015,27,34
4/26/2015,13,14
4/27/2015,27,23
4/28/2015,27,19
4/29/2015,19,24
4/30/2015,17,20
5/1/2015,22,18
5/1/2015,15,13
5/2/2015,4,4
5/3/2015,4,5
5/4/2015,9,11
5/5/2015,8,11
5/6/2015,9,12
5/7/2015,8,10
5/8/2015,9,9
5/9/2015,2,6
5/10/2015,1,7
5/11/2015,6,10
5/12/2015,9,12
5/13/2015,7,9
5/14/2015,6,9
5/15/2015,12,13
5/16/2015,3,7
5/17/2015,3,6
5/18/2015,6,13
5/19/2015,10,11
5/20/2015,8,11
5/21/2015,8,9
5/22/2015,9,10
5/23/2015,3,6
5/24/2015,1,2
5/25/2015,4,7
5/26/2015,8,8
5/27/2015,7,9
5/28/2015,9,9
5/29/2015,7,13
5/30/2015,2,7
5/31/2015,2,7
6/1/2015,6,8
6/2/2015,8,9
6/3/2015,8,8
6/4/2015,8,10
6/5/2015,8,7
6/6/2015,3,8
6/7/2015,1,6
6/8/2015,5,6
6/9/2015,6,9
6/10/2015,4,8
6/11/2015,6,9
6/12/2015,6,7
6/13/2015,4,7
6/14/2015,2,5
6/15/2015,6,8
6/16/2015,8,8
6/17/2015,6,9
6/18/2015,5,7
6/19/2015,6,8
6/20/2015,3,8
6/21/2015,2,7
6/22/2015,5,8
6/23/2015,7,9
6/24/2015,7,11
6/25/2015,9,9
6/26/2015,6,10
6/27/2015,2,7
6/28/2015,4,7
6/29/2015,8,5
6/30/2015,7,9
7/1/2015,7,7
7/2/2015,6,7
7/3/2015,2,7
7/4/2015,2,3
7/5/2015,1,7
7/6/2015,7,8
7/7/2015,8,11
7/8/2015,8,12
7/9/2015,8,12
7/10/2015,10,7
7/11/2015,4,4
7/12/2015,2,5
7/13/2015,11,11
7/14/2015,17,15
7/15/2015,21,25
7/16/2015,20,19
7/17/2015,19,15
7/18/2015,7,14
7/19/2015,4,9
7/20/2015,13,12
7/21/2015,15,14
7/22/2015,15,13
7/23/2015,69,32
7/24/2015,100,59
7/25/2015,20,21
7/26/2015,10,14
7/27/2015,21,20
7/28/2015,18,16
7/29/2015,17,17
7/30/2015,16,17
7/31/2015,9,14
8/1/2015,5,9
8/2/2015,4,9
8/3/2015,9,9
8/4/2015,8,11
8/5/2015,11,11
8/6/2015,11,9
8/7/2015,9,11
8/8/2015,3,8
8/9/2015,3,8
8/10/2015,11,9
8/11/2015,12,11
8/12/2015,11,11
8/13/2015,11,10
8/14/2015,9,10
8/15/2015,5,7
8/16/2015,3,7
8/17/2015,14,18
8/18/2015,14,14
8/19/2015,11,12
8/20/2015,10,12
8/21/2015,15,15
8/22/2015,7,13
8/23/2015,5,12
8/24/2015,30,32
8/25/2015,24,27
8/26/2015,21,20
8/27/2015,22,23
8/28/2015,16,19
8/29/2015,6,11
8/30/2015,3,8
8/31/2015,9,12
9/1/2015,13,16
9/2/2015,9,14
9/3/2015,12,14
9/4/2015,11,12
9/5/2015,4,7
9/6/2015,0,6
9/7/2015,4,6
9/8/2015,10,11
9/9/2015,11,16
9/10/2015,10,12
9/11/2015,9,12
9/12/2015,4,8
9/13/2015,2,7
9/14/2015,8,11
9/15/2015,9,12
9/16/2015,10,14
9/17/2015,12,15
9/18/2015,13,16
9/19/2015,2,8
9/20/2015,3,6
9/21/2015,11,12
9/22/2015,10,11
9/23/2015,9,11
9/24/2015,11,11
9/25/2015,12,13
9/26/2015,3,7
9/27/2015,2,8
9/28/2015,10,12
9/29/2015,11,13
9/30/2015,11,12
10/1/2015,13,11
10/2/2015,11,13
10/3/2015,4,9
10/4/2015,3,8
10/5/2015,11,12
10/6/2015,13,12
10/7/2015,11,13
10/8/2015,11,12
10/9/2015,11,13
10/10/2015,4,8
10/11/2015,4,8
10/12/2015,9,13
10/13/2015,11,12
10/14/2015,13,15
10/15/2015,14,16
10/16/2015,12,16
10/17/2015,5,7
10/18/2015,4,10
10/19/2015,12,15
10/20/2015,13,15
10/21/2015,14,13
10/22/2015,53,34
10/23/2015,61,40
10/24/2015,10,15
10/25/2015,6,11
10/26/2015,22,22
10/27/2015,19,21
10/28/2015,14,19
10/29/2015,18,20
10/30/2015,14,18
10/31/2015,6,9
11/1/2015,5,10
11/2/2015,15,15
11/3/2015,14,19
11/4/2015,16,21
11/5/2015,20,20
11/6/2015,19,18
11/7/2015,5,12
11/8/2015,4,10
11/9/2015,15,17
11/10/2015,16,18
11/11/2015,17,21
11/12/2015,18,20
11/13/2015,18,19
11/14/2015,6,11
11/15/2015,5,9
11/16/2015,16,17
11/17/2015,18,17
11/18/2015,18,19
11/19/2015,21,19
11/20/2015,15,18
11/21/2015,6,12
11/22/2015,6,10
11/23/2015,13,21
11/24/2015,20,22
11/25/2015,13,16
11/26/2015,5,13
11/27/2015,13,18
11/28/2015,6,14
11/29/2015,6,12
11/30/2015,19,25
12/1/2015,17,25
12/2/2015,15,21
12/3/2015,15,20
12/4/2015,17,17
12/5/2015,6,12
12/6/2015,4,9
12/7/2015,14,19
12/8/2015,14,19
12/9/2015,12,21
12/10/2015,14,18
12/11/2015,14,17
12/12/2015,4,14
12/13/2015,3,10
12/14/2015,11,16
12/15/2015,16,20
12/16/2015,17,20
12/17/2015,18,16
12/18/2015,16,19
12/19/2015,5,13
12/20/2015,3,12
12/21/2015,12,14
12/22/2015,14,18
12/23/2015,13,16
12/24/2015,10,18
12/25/2015,6,12
12/26/2015,3,13
12/27/2015,5,11
12/28/2015,16,18
12/29/2015,20,23
12/30/2015,23,18
12/31/2015,17,21
1/1/2016,7,14
1/1/2016,7,13
1/2/2016,5,9
1/3/2016,5,9
1/4/2016,28,22
1/5/2016,27,23
1/6/2016,24,21
1/7/2016,27,28
1/8/2016,22,19
1/9/2016,8,14
1/10/2016,3,8
1/11/2016,19,19
1/12/2016,21,16
1/13/2016,23,24
1/14/2016,29,22
1/15/2016,29,25
1/16/2016,7,12
1/17/2016,4,10
1/18/2016,9,13
1/19/2016,20,20
1/20/2016,27,26
1/21/2016,24,22
1/22/2016,21,21
1/23/2016,7,10
1/24/2016,3,8
1/25/2016,20,19
1/26/2016,19,17
1/27/2016,27,17
1/28/2016,97,44
1/29/2016,100,60
1/30/2016,16,19
1/31/2016,8,10
2/1/2016,24,20
2/2/2016,26,23
2/3/2016,30,26
2/4/2016,23,26
2/5/2016,29,29
2/6/2016,11,11
2/7/2016,6,10
2/8/2016,33,21
2/9/2016,29,23
2/10/2016,25,23
2/11/2016,32,20
2/12/2016,25,18
2/13/2016,7,8
2/14/2016,4,8
2/15/2016,8,13
2/16/2016,17,16
2/17/2016,20,21
2/18/2016,21,16
2/19/2016,16,18
2/20/2016,5,10
2/21/2016,3,8
2/22/2016,21,16
2/23/2016,19,19
2/24/2016,18,18
2/25/2016,17,15
2/26/2016,14,19
2/27/2016,5,8
2/28/2016,4,9
2/29/2016,17,17
3/1/2016,20,15
3/2/2016,20,18
3/3/2016,20,17
3/4/2016,17,14
3/5/2016,4,8
3/6/2016,2,9
3/7/2016,17,14
3/8/2016,16,15
3/9/2016,17,16
3/10/2016,15,18
3/11/2016,14,14
3/12/2016,4,10
3/13/2016,2,7
3/14/2016,14,13
3/15/2016,16,15
3/16/2016,15,12
3/17/2016,17,18
3/18/2016,18,17
3/19/2016,6,8
3/20/2016,4,7
3/21/2016,16,16
3/22/2016,16,12
3/23/2016,18,15
3/24/2016,15,14
3/25/2016,11,11
3/26/2016,5,6
3/27/2016,4,6
3/28/2016,14,13
3/29/2016,14,15
3/30/2016,17,14
3/31/2016,18,16
4/1/2016,15,14
4/2/2016,3,8
4/3/2016,3,5
4/4/2016,14,14
4/5/2016,13,15
4/6/2016,18,15
4/7/2016,16,15
4/8/2016,16,13
4/9/2016,2,9
4/10/2016,3,6
4/11/2016,16,15
4/12/2016,11,13
4/13/2016,15,16
4/14/2016,18,18
4/15/2016,15,16
4/16/2016,6,7
4/17/2016,3,7
4/18/2016,18,13
4/19/2016,26,16
4/20/2016,18,18
4/21/2016,19,18
4/22/2016,17,17
4/23/2016,7,6
4/24/2016,4,7
4/25/2016,18,16
4/26/2016,18,15
4/27/2016,21,19
4/28/2016,77,43
4/29/2016,82,55
4/30/2016,10,17
5/1/2016,6,12
5/2/2016,32,25
5/3/2016,28,24
5/4/2016,26,21
5/5/2016,20,18
5/6/2016,19,18
5/7/2016,8,10
5/8/2016,4,8
5/9/2016,22,19
5/10/2016,40,29
5/11/2016,44,36
5/12/2016,36,27
5/13/2016,31,25
5/14/2016,9,12
5/15/2016,7,15
5/16/2016,28,24
5/17/2016,24,24
5/18/2016,26,21
5/19/2016,23,23
5/20/2016,21,21
5/21/2016,5,9
5/22/2016,6,8
5/23/2016,18,16
5/24/2016,21,17
5/25/2016,19,16
5/26/2016,21,16
5/27/2016,17,17
5/28/2016,8,8
5/29/2016,4,6
5/30/2016,5,7
5/31/2016,17,14
6/1/2016,23,18
6/2/2016,20,17
6/3/2016,19,15
6/4/2016,6,10
6/5/2016,4,6
6/6/2016,18,17
6/7/2016,16,13
6/8/2016,18,17
6/9/2016,17,14
6/10/2016,16,12
6/11/2016,4,6
6/12/2016,2,6
6/13/2016,12,15
6/14/2016,13,14
6/15/2016,17,15
6/16/2016,15,17
6/17/2016,17,14
6/18/2016,4,10
6/19/2016,4,8
6/20/2016,12,15
6/21/2016,16,13
6/22/2016,13,13
6/23/2016,20,15
6/24/2016,37,31
6/25/2016,6,15
6/26/2016,4,7
6/27/2016,26,23
6/28/2016,22,19
6/29/2016,18,17
6/30/2016,16,19
7/1/2016,17,16
7/2/2016,5,10
7/3/2016,5,5
7/4/2016,6,8
7/5/2016,15,16
7/6/2016,19,20
7/7/2016,19,15
7/8/2016,21,15
7/9/2016,7,9
7/10/2016,6,8
7/11/2016,27,20
7/12/2016,33,31
7/13/2016,30,23
7/14/2016,18,18
7/15/2016,19,15
7/16/2016,5,12
7/17/2016,4,8
7/18/2016,18,16
7/19/2016,21,18
7/20/2016,19,17
7/21/2016,18,18
7/22/2016,18,18
7/23/2016,7,11
7/24/2016,7,10
7/25/2016,20,15
7/26/2016,21,16
7/27/2016,26,18
7/28/2016,88,40
7/29/2016,71,47
7/30/2016,13,13
7/31/2016,7,11
8/1/2016,26,20
8/2/2016,23,18
8/3/2016,21,17
8/4/2016,17,15
8/5/2016,21,17
8/6/2016,6,11
8/7/2016,3,8
8/8/2016,19,14
8/9/2016,18,17
8/10/2016,16,16
8/11/2016,17,18
8/12/2016,16,13
8/13/2016,5,6
8/14/2016,3,6
8/15/2016,15,13
8/16/2016,16,13
8/17/2016,12,13
8/18/2016,10,10
8/19/2016,12,10
8/20/2016,4,7
8/21/2016,2,7
8/22/2016,9,13
8/23/2016,13,16
8/24/2016,13,11
8/25/2016,13,11
8/26/2016,10,15
8/27/2016,4,10
8/28/2016,6,7
8/29/2016,12,15
8/30/2016,14,14
8/31/2016,15,16
9/1/2016,12,14
9/1/2016,12,15
9/2/2016,13,14
9/3/2016,4,8
9/4/2016,4,8
9/5/2016,4,9
9/6/2016,16,19
9/7/2016,21,17
9/8/2016,15,18
9/9/2016,16,15
9/10/2016,6,10
9/11/2016,3,6
9/12/2016,15,15
9/13/2016,16,14
9/14/2016,14,11
9/15/2016,16,17
9/16/2016,14,19
9/17/2016,6,11
9/18/2016,4,8
9/19/2016,15,12
9/20/2016,13,19
9/21/2016,15,18
9/22/2016,26,22
9/23/2016,24,23
9/24/2016,7,11
9/25/2016,5,7
9/26/2016,16,17
9/27/2016,23,19
9/28/2016,23,23
9/29/2016,26,26
9/30/2016,21,20
10/1/2016,10,13
10/2/2016,5,8
10/3/2016,19,20
10/4/2016,21,20
10/5/2016,25,21
10/6/2016,20,21
10/7/2016,19,16
10/8/2016,7,10
10/9/2016,5,11
10/10/2016,18,16
10/11/2016,22,22
10/12/2016,18,24
10/13/2016,18,23
10/14/2016,17,18
10/15/2016,7,11
10/16/2016,3,10
10/17/2016,21,17
10/18/2016,22,21
10/19/2016,18,18
10/20/2016,17,19
10/21/2016,20,17
10/22/2016,5,9
10/23/2016,5,9
10/24/2016,25,19
10/25/2016,25,24
10/26/2016,26,23
10/27/2016,81,41
10/28/2016,79,52
10/29/2016,12,15
10/30/2016,6,11
10/31/2016,26,24
11/1/2016,29,26
11/2/2016,25,25
11/3/2016,27,20
11/4/2016,22,19
11/5/2016,6,12
11/6/2016,5,12
11/7/2016,29,24
11/8/2016,25,24
11/9/2016,53,46
11/10/2016,46,42
11/11/2016,38,34
11/12/2016,11,17
11/13/2016,5,14
11/14/2016,33,34
11/15/2016,39,35
11/16/2016,29,29
11/17/2016,23,28
11/18/2016,27,26
11/19/2016,9,13
11/20/2016,5,14
11/21/2016,30,25
11/22/2016,32,33
11/23/2016,27,24
11/24/2016,9,16
11/25/2016,18,25
11/26/2016,7,15
11/27/2016,5,13
11/28/2016,25,31
11/29/2016,28,31
11/30/2016,26,25
12/1/2016,24,23
12/2/2016,20,24
12/3/2016,7,17
12/4/2016,4,13
12/5/2016,29,26
12/6/2016,29,33
12/7/2016,27,28
12/8/2016,23,25
12/9/2016,23,24
12/10/2016,6,10
12/11/2016,4,12
12/12/2016,18,22
12/13/2016,23,27
12/14/2016,24,29
12/15/2016,20,23
12/16/2016,18,22
12/17/2016,8,20
12/18/2016,2,13
12/19/2016,18,21
12/20/2016,21,26
12/21/2016,19,24
12/22/2016,17,25
12/23/2016,18,21
12/24/2016,6,13
12/25/2016,3,9
12/26/2016,6,14
12/27/2016,18,23
12/28/2016,22,27
12/29/2016,20,24
12/30/2016,18,21
12/31/2016,5,15
1/1/2017,2,9
1/2/2017,6,15
1/3/2017,22,19
1/4/2017,23,22
1/5/2017,24,28
1/6/2017,32,30
1/7/2017,10,16
1/8/2017,6,13
1/9/2017,22,25
1/10/2017,23,25
1/11/2017,22,20
1/12/2017,31,30
1/13/2017,27,31
1/14/2017,9,19
1/15/2017,4,13
1/16/2017,9,14
1/17/2017,23,26
1/18/2017,23,22
1/19/2017,20,28
1/20/2017,23,21
1/21/2017,7,13
1/22/2017,6,15
1/23/2017,19,19
1/24/2017,26,25
1/25/2017,32,29
1/26/2017,35,30
1/27/2017,29,29
1/28/2017,9,13
1/29/2017,5,12
1/30/2017,25,23
1/31/2017,29,28
2/1/2017,33,33
2/2/2017,84,54
2/3/2017,91,57
2/4/2017,14,24
2/5/2017,7,13
2/6/2017,27,28
2/7/2017,31,26
2/8/2017,25,27
2/9/2017,27,26
2/10/2017,24,27
2/11/2017,8,14
2/12/2017,6,14
2/13/2017,25,23
2/14/2017,22,26
2/15/2017,27,28
2/16/2017,28,30
2/17/2017,23,27
2/18/2017,9,13
2/19/2017,6,14
2/20/2017,12,17
2/21/2017,30,27
2/22/2017,25,30
2/23/2017,24,22
2/24/2017,21,27
2/25/2017,7,11
2/26/2017,5,11
2/27/2017,21,23
2/28/2017,34,42
3/1/2017,29,40
3/2/2017,21,34
3/3/2017,20,30
3/4/2017,6,20
3/5/2017,5,16
3/6/2017,16,25
3/7/2017,19,28
3/8/2017,17,26
3/9/2017,18,26
3/10/2017,18,26
3/11/2017,5,17
3/12/2017,4,12
3/13/2017,15,24
3/14/2017,15,23
3/15/2017,19,26
3/16/2017,18,21
3/17/2017,16,23
3/18/2017,6,13
3/19/2017,5,8
3/20/2017,18,22
3/21/2017,20,23
3/22/2017,17,24
3/23/2017,16,24
3/24/2017,14,22
3/25/2017,5,15
3/26/2017,4,13
3/27/2017,16,27
3/28/2017,21,23
3/29/2017,26,33
3/30/2017,33,38
3/31/2017,33,40
4/1/2017,13,16
4/2/2017,8,15
4/3/2017,25,32
4/4/2017,39,41
4/5/2017,48,48
4/6/2017,40,43
4/7/2017,31,33
4/8/2017,9,18
4/9/2017,7,15
4/10/2017,31,30
4/11/2017,26,32
4/12/2017,29,28
4/13/2017,26,32
4/14/2017,15,24
4/15/2017,5,14
4/16/2017,4,14
4/17/2017,29,31
4/18/2017,30,30
4/19/2017,25,26
4/20/2017,25,28
4/21/2017,23,29
4/22/2017,7,17
4/23/2017,4,14
4/24/2017,29,30
4/25/2017,33,33
4/26/2017,35,31
4/27/2017,100,59
4/28/2017,95,66
4/29/2017,15,27
4/30/2017,9,19
5/1/2017,46,42
5/1/2017,24,22
5/2/2017,22,20
5/3/2017,17,19
5/4/2017,17,19
5/5/2017,15,18
5/6/2017,5,9
5/7/2017,3,8
5/8/2017,17,17
5/9/2017,20,22
5/10/2017,17,18
5/11/2017,14,17
5/12/2017,19,19
5/13/2017,6,10
5/14/2017,5,8
5/15/2017,17,23
5/16/2017,21,24
5/17/2017,19,22
5/18/2017,17,20
5/19/2017,17,19
5/20/2017,6,8
5/21/2017,3,10
5/22/2017,16,15
5/23/2017,18,16
5/24/2017,18,18
5/25/2017,30,26
5/26/2017,25,25
5/27/2017,6,11
5/28/2017,4,9
5/29/2017,5,8
5/30/2017,30,34
5/31/2017,25,32
6/1/2017,22,23
6/2/2017,22,26
6/3/2017,7,14
6/4/2017,5,11
6/5/2017,19,21
6/6/2017,21,26
6/7/2017,17,22
6/8/2017,19,21
6/9/2017,25,27
6/10/2017,8,16
6/11/2017,6,8
6/12/2017,25,25
6/13/2017,22,26
6/14/2017,21,22
6/15/2017,20,22
6/16/2017,59,100
6/17/2017,13,44
6/18/2017,7,21
6/19/2017,27,42
6/20/2017,22,36
6/21/2017,21,29
6/22/2017,20,26
6/23/2017,20,25
6/24/2017,5,11
6/25/2017,5,11
6/26/2017,21,22
6/27/2017,18,23
6/28/2017,20,24
6/29/2017,22,21
6/30/2017,17,24
7/1/2017,6,14
7/2/2017,2,10
7/3/2017,17,27
7/4/2017,23,38
7/5/2017,18,24
7/6/2017,20,19
7/7/2017,16,19
7/8/2017,5,9
7/9/2017,4,9
7/10/2017,18,21
7/11/2017,22,27
7/12/2017,23,25
7/13/2017,20,23
7/14/2017,18,23
7/15/2017,6,11
7/16/2017,4,10
7/17/2017,20,22
7/18/2017,21,27
7/19/2017,21,25
7/20/2017,22,28
7/21/2017,18,22
7/22/2017,6,13
7/23/2017,5,11
7/24/2017,22,25
7/25/2017,23,26
7/26/2017,27,30
7/27/2017,75,70
7/28/2017,62,63
7/29/2017,11,25
7/30/2017,5,15
7/31/2017,33,31
8/1/2017,32,34
8/2/2017,28,33
8/3/2017,20,28
8/4/2017,22,26
8/5/2017,5,12
8/6/2017,3,11
8/7/2017,18,21
8/8/2017,18,22
8/9/2017,18,21
8/10/2017,23,24
8/11/2017,19,22
8/12/2017,8,10
8/13/2017,4,10
8/14/2017,21,20
8/15/2017,17,22
8/16/2017,25,31
8/17/2017,17,28
8/18/2017,18,26
8/19/2017,5,10
8/20/2017,3,9
8/21/2017,17,17
8/22/2017,17,23
8/23/2017,16,17
8/24/2017,23,24
8/25/2017,17,25
8/26/2017,7,11
8/27/2017,3,8
8/28/2017,23,25
8/29/2017,19,22
8/30/2017,16,22
8/31/2017,14,23
9/1/2017,16,19
9/2/2017,4,13
9/3/2017,3,9
9/4/2017,4,8
9/5/2017,15,17
9/6/2017,14,16
9/7/2017,16,21
9/8/2017,12,20
9/9/2017,4,10
9/10/2017,3,7
9/11/2017,15,17
9/12/2017,14,19
9/13/2017,15,20
9/14/2017,17,22
9/15/2017,15,20
9/16/2017,5,12
9/17/2017,3,10
9/18/2017,13,18
9/19/2017,14,22
9/20/2017,13,21
9/21/2017,13,17
9/22/2017,12,17
9/23/2017,3,10
9/24/2017,3,9
9/25/2017,16,19
9/26/2017,17,19
9/27/2017,15,21
9/28/2017,16,19
9/29/2017,12,19
9/30/2017,5,9
10/1/2017,3,9
10/2/2017,12,16
10/3/2017,12,19
10/4/2017,13,20
10/5/2017,15,24
10/6/2017,14,21
10/7/2017,5,10
10/8/2017,4,9
10/9/2017,13,16
10/10/2017,14,20
10/11/2017,13,21
10/12/2017,17,20
10/13/2017,16,22
10/14/2017,5,11
10/15/2017,3,7
10/16/2017,14,19
10/17/2017,14,19
10/18/2017,14,22
10/19/2017,15,23
10/20/2017,12,20
10/21/2017,5,10
10/22/2017,3,8
10/23/2017,14,18
10/24/2017,16,21
10/25/2017,16,21
10/26/2017,54,40
10/27/2017,94,87
10/28/2017,21,36
10/29/2017,10,18
10/30/2017,31,35
10/31/2017,26,32
11/1/2017,21,29
11/2/2017,19,29
11/3/2017,20,25
11/4/2017,7,14
11/5/2017,6,16
11/6/2017,16,27
11/7/2017,18,28
11/8/2017,19,25
11/9/2017,18,26
11/10/2017,16,22
11/11/2017,6,13
11/12/2017,4,11
11/13/2017,18,25
11/14/2017,16,24
11/15/2017,19,25
11/16/2017,16,26
11/17/2017,15,24
11/18/2017,5,13
11/19/2017,4,10
11/20/2017,14,22
11/21/2017,18,24
11/22/2017,16,23
11/23/2017,6,15
11/24/2017,21,27
11/25/2017,14,31
11/26/2017,8,21
11/27/2017,29,39
11/28/2017,29,40
11/29/2017,31,40
11/30/2017,26,35
12/1/2017,22,30
12/2/2017,6,15
12/3/2017,3,13
12/4/2017,24,31
12/5/2017,22,29
12/6/2017,19,28
12/7/2017,20,27
12/8/2017,18,28
12/9/2017,5,15
12/10/2017,4,14
12/11/2017,17,23
12/12/2017,15,26
12/13/2017,14,25
12/14/2017,14,26
12/15/2017,15,25
12/16/2017,5,14
12/17/2017,5,14
12/18/2017,16,24
12/19/2017,16,24
12/20/2017,15,25
12/21/2017,13,23
12/22/2017,13,21
12/23/2017,5,13
12/24/2017,3,11
12/25/2017,4,10
12/26/2017,13,23
12/27/2017,15,30
12/28/2017,13,23
12/29/2017,17,24
12/30/2017,5,17
12/31/2017,2,11
1/1/2018,4,10
1/1/2018,3,9
1/2/2018,14,21
1/3/2018,16,26
1/4/2018,16,27
1/5/2018,16,25
1/6/2018,7,14
1/7/2018,3,12
1/8/2018,16,25
1/9/2018,21,27
1/10/2018,18,29
1/11/2018,17,27
1/12/2018,24,31
1/13/2018,9,18
1/14/2018,4,11
1/15/2018,9,16
1/16/2018,21,27
1/17/2018,21,26
1/18/2018,22,29
1/19/2018,17,26
1/20/2018,5,14
1/21/2018,4,10
1/22/2018,20,28
1/23/2018,27,34
1/24/2018,26,29
1/25/2018,26,33
1/26/2018,28,36
1/27/2018,10,19
1/28/2018,6,14
1/29/2018,26,30
1/30/2018,33,44
1/31/2018,38,45
2/1/2018,72,64
2/2/2018,88,83
2/3/2018,16,25
2/4/2018,7,15
2/5/2018,40,52
2/6/2018,50,70
2/7/2018,33,46
2/8/2018,34,45
2/9/2018,47,59
2/10/2018,11,21
2/11/2018,6,16
2/12/2018,30,35
2/13/2018,31,35
2/14/2018,29,34
2/15/2018,30,33
2/16/2018,27,31
2/17/2018,9,14
2/18/2018,4,11
2/19/2018,10,15
2/20/2018,26,30
2/21/2018,28,31
2/22/2018,25,33
2/23/2018,26,30
2/24/2018,8,16
2/25/2018,5,10
2/26/2018,25,31
2/27/2018,29,33
2/28/2018,25,33
3/1/2018,24,33
3/2/2018,24,31
3/3/2018,8,13
3/4/2018,5,10
3/5/2018,21,27
3/6/2018,22,29
3/7/2018,25,29
3/8/2018,25,31
3/9/2018,26,35
3/10/2018,10,16
3/11/2018,5,10
3/12/2018,27,32
3/13/2018,27,36
3/14/2018,24,31
3/15/2018,23,30
3/16/2018,23,26
3/17/2018,7,12
3/18/2018,4,10
3/19/2018,25,28
3/20/2018,28,33
3/21/2018,26,33
3/22/2018,26,33
3/23/2018,29,38
3/24/2018,8,15
3/25/2018,4,10
3/26/2018,26,31
3/27/2018,30,34
3/28/2018,55,67
3/29/2018,60,78
3/30/2018,22,33
3/31/2018,10,17
4/1/2018,7,13
4/2/2018,57,78
4/3/2018,52,72
4/4/2018,42,56
4/5/2018,35,43
4/6/2018,38,38
4/7/2018,8,18
4/8/2018,6,11
4/9/2018,27,29
4/10/2018,29,31
4/11/2018,27,28
4/12/2018,24,25
4/13/2018,23,27
4/14/2018,8,11
4/15/2018,5,8
4/16/2018,21,24
4/17/2018,28,30
4/18/2018,34,34
4/19/2018,38,37
4/20/2018,31,29
4/21/2018,7,12
4/22/2018,6,10
4/23/2018,27,26
4/24/2018,32,34
4/25/2018,36,34
4/26/2018,76,56
4/27/2018,91,75
4/28/2018,15,22
4/29/2018,7,14
4/30/2018,32,34
5/1/2018,31,32
5/2/2018,26,32
5/3/2018,23,28
5/4/2018,24,27
5/5/2018,8,11
5/6/2018,5,10
5/7/2018,25,30
5/8/2018,24,27
5/9/2018,24,30
5/10/2018,27,30
5/11/2018,24,28
5/12/2018,7,13
5/13/2018,4,9
5/14/2018,21,25
5/15/2018,24,29
5/16/2018,22,24
5/17/2018,21,26
5/18/2018,20,22
5/19/2018,6,10
5/20/2018,3,8
5/21/2018,20,23
5/22/2018,20,22
5/23/2018,21,21
5/24/2018,20,22
5/25/2018,19,22
5/26/2018,6,9
5/27/2018,3,7
5/28/2018,5,9
5/29/2018,18,20
5/30/2018,21,23
5/31/2018,20,25
6/1/2018,23,23
6/2/2018,6,11
6/3/2018,4,9
6/4/2018,20,25
6/5/2018,26,32
6/6/2018,28,30
6/7/2018,23,27
6/8/2018,22,23
6/9/2018,7,10
6/10/2018,4,9
6/11/2018,18,24
6/12/2018,21,25
6/13/2018,21,24
6/14/2018,21,27
6/15/2018,22,25
6/16/2018,7,10
6/17/2018,4,9
6/18/2018,19,24
6/19/2018,23,26
6/20/2018,24,27
6/21/2018,28,29
6/22/2018,23,27
6/23/2018,6,11
6/24/2018,4,9
6/25/2018,27,29
6/26/2018,23,25
6/27/2018,22,26
6/28/2018,26,31
6/29/2018,24,33
6/30/2018,7,11
7/1/2018,5,9
7/2/2018,17,22
7/3/2018,19,22
7/4/2018,6,12
7/5/2018,16,23
7/6/2018,19,21
7/7/2018,6,10
7/8/2018,4,8
7/9/2018,19,25
7/10/2018,21,27
7/11/2018,24,24
7/12/2018,29,31
7/13/2018,32,32
7/14/2018,8,16
7/15/2018,4,14
7/16/2018,48,51
7/17/2018,47,53
7/18/2018,34,39
7/19/2018,33,34
7/20/2018,27,31
7/21/2018,8,14
7/22/2018,6,9
7/23/2018,30,30
7/24/2018,32,32
7/25/2018,36,36
7/26/2018,100,80
7/27/2018,89,79
7/28/2018,16,20
7/29/2018,9,15
7/30/2018,35,34
7/31/2018,33,35
8/1/2018,32,37
8/2/2018,34,37
8/3/2018,31,36
8/4/2018,9,14
8/5/2018,5,10
8/6/2018,25,26
8/7/2018,30,31
8/8/2018,30,33
8/9/2018,32,35
8/10/2018,29,29
8/11/2018,9,14
8/12/2018,6,10
8/13/2018,28,30
8/14/2018,33,36
8/15/2018,32,37
8/16/2018,29,37
8/17/2018,27,31
8/18/2018,7,14
8/19/2018,6,9
8/20/2018,23,25
8/21/2018,27,30
8/22/2018,26,29
8/23/2018,25,29
8/24/2018,22,29
8/25/2018,8,12
8/26/2018,5,10
8/27/2018,26,28
8/28/2018,28,31
8/29/2018,48,49
8/30/2018,56,56
8/31/2018,38,38
9/1/2018,11,18
9/1/2018,11,18
9/2/2018,6,12
9/3/2018,8,15
9/4/2018,48,54
9/5/2018,45,62
9/6/2018,38,49
9/7/2018,32,38
9/8/2018,11,18
9/9/2018,6,10
9/10/2018,29,31
9/11/2018,29,36
9/12/2018,28,33
9/13/2018,29,34
9/14/2018,31,32
9/15/2018,7,14
9/16/2018,4,11
9/17/2018,32,35
9/18/2018,33,34
9/19/2018,27,33
9/20/2018,31,36
9/21/2018,28,34
9/22/2018,7,14
9/23/2018,6,11
9/24/2018,26,27
9/25/2018,27,31
9/26/2018,30,31
9/27/2018,31,33
9/28/2018,28,32
9/29/2018,8,14
9/30/2018,6,12
10/1/2018,27,29
10/2/2018,32,38
10/3/2018,29,35
10/4/2018,33,38
10/5/2018,32,36
10/6/2018,7,12
10/7/2018,4,11
10/8/2018,30,29
10/9/2018,29,32
10/10/2018,44,49
10/11/2018,68,75
10/12/2018,50,60
10/13/2018,11,17
10/14/2018,6,13
10/15/2018,36,38
10/16/2018,36,42
10/17/2018,34,43
10/18/2018,33,37
10/19/2018,31,33
10/20/2018,8,12
10/21/2018,7,11
10/22/2018,29,30
10/23/2018,34,34
10/24/2018,45,43
10/25/2018,95,71
10/26/2018,100,88
10/27/2018,17,24
10/28/2018,9,14
10/29/2018,60,56
10/30/2018,69,69
10/31/2018,57,52
11/1/2018,52,54
11/2/2018,49,50
11/3/2018,13,19
11/4/2018,6,13
11/5/2018,38,37
11/6/2018,36,36
11/7/2018,43,43
11/8/2018,43,46
11/9/2018,37,38
11/10/2018,9,14
11/11/2018,6,10
11/12/2018,30,34
11/13/2018,38,43
11/14/2018,33,38
11/15/2018,35,37
11/16/2018,34,36
11/17/2018,9,17
11/18/2018,6,12
11/19/2018,38,39
11/20/2018,50,56
11/21/2018,39,44
11/22/2018,12,21
11/23/2018,24,28
11/24/2018,10,17
11/25/2018,7,13
11/26/2018,35,42
11/27/2018,36,39
11/28/2018,39,43
11/29/2018,43,43
11/30/2018,33,36
12/1/2018,11,16
12/2/2018,7,13
12/3/2018,47,38
12/4/2018,40,46
12/5/2018,20,33
12/6/2018,37,39
12/7/2018,34,36
12/8/2018,10,15
12/9/2018,6,11
12/10/2018,32,34
12/11/2018,32,33
12/12/2018,33,34
12/13/2018,33,33
12/14/2018,28,30
12/15/2018,9,13
12/16/2018,6,9
12/17/2018,33,33
12/18/2018,33,36
12/19/2018,33,35
12/20/2018,40,40
12/21/2018,42,49
12/22/2018,15,23
12/23/2018,7,14
12/24/2018,35,37
12/25/2018,13,22
12/26/2018,43,50
12/27/2018,46,53
12/28/2018,37,40
12/29/2018,10,18
12/30/2018,6,10
12/31/2018,31,31
1/1/2019,13,17
1/2/2019,35,36
1/3/2019,43,45
1/4/2019,40,47
1/5/2019,12,18
1/6/2019,6,12
1/7/2019,37,36
1/8/2019,37,48
1/9/2019,40,48
1/10/2019,37,48
1/11/2019,33,37
1/12/2019,10,16
1/13/2019,7,14
1/14/2019,27,29
1/15/2019,30,36
1/16/2019,34,34
1/17/2019,30,33
1/18/2019,30,35
1/19/2019,8,14
1/20/2019,5,9
1/21/2019,13,15
1/22/2019,29,28
1/23/2019,26,30
1/24/2019,27,29
1/25/2019,26,28
1/26/2019,8,12
1/27/2019,5,9
1/28/2019,27,26
1/29/2019,29,28
1/30/2019,36,33
1/31/2019,83,55
2/1/2019,80,57
2/2/2019,15,18
2/3/2019,8,11
2/4/2019,34,30
2/5/2019,32,33
2/6/2019,29,28
2/7/2019,30,28
2/8/2019,33,31
2/9/2019,9,16
2/10/2019,7,10
2/11/2019,27,27
2/12/2019,30,27
2/13/2019,29,29
2/14/2019,31,33
2/15/2019,29,30
2/16/2019,11,14
2/17/2019,9,11
2/18/2019,14,15
2/19/2019,31,26
2/20/2019,30,28
2/21/2019,30,24
2/22/2019,30,26
2/23/2019,16,13
2/24/2019,15,9
2/25/2019,32,28
2/26/2019,27,25
2/27/2019,28,24
2/28/2019,31,23
3/1/2019,34,27
3/2/2019,22,13
3/3/2019,17,9
3/4/2019,35,27
3/5/2019,38,28
3/6/2019,31,24
3/7/2019,32,26
3/8/2019,35,26
3/9/2019,19,10
3/10/2019,18,8
3/11/2019,33,26
3/12/2019,33,26
3/13/2019,31,26
3/14/2019,34,25
3/15/2019,35,26
3/16/2019,23,10
3/17/2019,18,7
3/18/2019,34,26
3/19/2019,43,29
3/20/2019,43,32
3/21/2019,42,34
3/22/2019,39,30
3/23/2019,22,12
3/24/2019,16,7
3/25/2019,36,26
3/26/2019,33,27
3/27/2019,35,25
3/28/2019,33,25
3/29/2019,31,23
3/30/2019,21,11
3/31/2019,19,8
4/1/2019,31,28
4/2/2019,34,28
4/3/2019,35,27
4/4/2019,36,29
4/5/2019,35,31
4/6/2019,22,14
4/7/2019,20,12
4/8/2019,34,27
4/9/2019,34,27
4/10/2019,34,24
4/11/2019,34,26
4/12/2019,37,28
4/13/2019,21,10
4/14/2019,19,10
4/15/2019,31,23
4/16/2019,35,27
4/17/2019,35,27
4/18/2019,36,25
4/19/2019,27,17
4/20/2019,18,8
4/21/2019,20,7
4/22/2019,36,24
4/23/2019,49,49
4/24/2019,47,36
4/25/2019,84,53
4/26/2019,72,50
4/27/2019,26,16
4/28/2019,23,11
4/29/2019,44,30
4/30/2019,43,32
5/1/2019,41,33
5/1/2019,56,45
5/2/2019,50,40
5/3/2019,70,54
5/4/2019,33,23
5/5/2019,28,16
5/6/2019,64,45
5/7/2019,55,40
5/8/2019,51,40
5/9/2019,57,38
5/10/2019,54,44
5/11/2019,34,18
5/12/2019,30,12
5/13/2019,59,48
5/14/2019,59,46
5/15/2019,58,44
5/16/2019,57,46
5/17/2019,49,42
5/18/2019,33,15
5/19/2019,31,13
5/20/2019,51,33
5/21/2019,52,43
5/22/2019,45,38
5/23/2019,48,37
5/24/2019,49,38
5/25/2019,31,16
5/26/2019,28,13
5/27/2019,25,14
5/28/2019,45,32
5/29/2019,45,33
5/30/2019,43,33
5/31/2019,49,36
6/1/2019,29,15
6/2/2019,28,11
6/3/2019,61,46
6/4/2019,61,45
6/5/2019,49,43
6/6/2019,44,35
6/7/2019,44,41
6/8/2019,29,17
6/9/2019,24,14
6/10/2019,47,38
6/11/2019,45,39
6/12/2019,42,36
6/13/2019,40,30
6/14/2019,39,30
6/15/2019,24,12
6/16/2019,21,10
6/17/2019,40,29
6/18/2019,43,37
6/19/2019,46,35
6/20/2019,40,37
6/21/2019,34,33
6/22/2019,15,14
6/23/2019,10,11
6/24/2019,32,31
6/25/2019,31,32
6/26/2019,32,31
6/27/2019,30,29
6/28/2019,28,33
6/29/2019,13,12
6/30/2019,9,11
7/1/2019,33,29
7/2/2019,31,30
7/3/2019,28,31
7/4/2019,15,16
7/5/2019,27,26
7/6/2019,12,14
7/7/2019,9,14
7/8/2019,30,30
7/9/2019,35,31
7/10/2019,39,42
7/11/2019,44,41
7/12/2019,37,42
7/13/2019,14,18
7/14/2019,9,14
7/15/2019,41,44
7/16/2019,36,44
7/17/2019,34,39
7/18/2019,35,35
7/19/2019,32,34
7/20/2019,12,16
7/21/2019,8,11
7/22/2019,30,30
7/23/2019,37,34
7/24/2019,37,39
7/25/2019,65,50
7/26/2019,56,49
7/27/2019,13,18
7/28/2019,11,14
7/29/2019,34,32
7/30/2019,33,35
7/31/2019,35,33
8/1/2019,38,42
8/2/2019,33,38
8/3/2019,12,16
8/4/2019,10,12
8/5/2019,40,44
8/6/2019,43,53
8/7/2019,37,42
8/8/2019,35,40
8/9/2019,30,34
8/10/2019,11,12
8/11/2019,9,11
8/12/2019,30,34
8/13/2019,30,34
8/14/2019,39,45
8/15/2019,42,43
8/16/2019,31,38
8/17/2019,11,17
8/18/2019,9,13
8/19/2019,28,31
8/20/2019,30,33
8/21/2019,29,35
8/22/2019,26,32
8/23/2019,30,38
8/24/2019,12,18
8/25/2019,9,12
8/26/2019,30,33
8/27/2019,29,31
8/28/2019,26,31
8/29/2019,28,32
8/30/2019,27,29
8/31/2019,9,11
9/1/2019,6,9
9/2/2019,9,11
9/3/2019,26,28
9/4/2019,29,30
9/5/2019,28,31
9/6/2019,29,32
9/7/2019,11,14
9/8/2019,8,11
9/9/2019,27,30
9/10/2019,25,29
9/11/2019,24,29
9/12/2019,28,33
9/13/2019,25,31
9/14/2019,10,10
9/15/2019,7,11
9/16/2019,24,26
9/17/2019,25,30
9/18/2019,23,27
9/19/2019,26,28
9/20/2019,25,28
9/21/2019,9,10
9/22/2019,7,9
9/23/2019,21,25
9/24/2019,28,29
9/25/2019,28,30
9/26/2019,26,31
9/27/2019,27,28
9/28/2019,9,15
9/29/2019,7,10
9/30/2019,24,25
10/1/2019,23,30
10/2/2019,24,31
10/3/2019,27,29
10/4/2019,22,25
10/5/2019,8,12
10/6/2019,7,10
10/7/2019,21,25
10/8/2019,23,25
10/9/2019,21,26
10/10/2019,23,26
10/11/2019,26,29
10/12/2019,10,12
10/13/2019,6,10
10/14/2019,19,23
10/15/2019,26,27
10/16/2019,25,30
10/17/2019,25,31
10/18/2019,26,30
10/19/2019,8,14
10/20/2019,8,10
10/21/2019,26,26
10/22/2019,25,30
10/23/2019,26,29
10/24/2019,67,56
10/25/2019,100,99
10/26/2019,21,32
10/27/2019,11,16
10/28/2019,36,36
10/29/2019,30,32
10/30/2019,27,31
10/31/2019,27,34
11/1/2019,25,29
11/2/2019,9,13
11/3/2019,6,10
11/4/2019,25,31
11/5/2019,26,33
11/6/2019,25,30
11/7/2019,26,30
11/8/2019,24,29
11/9/2019,8,15
11/10/2019,5,9
11/11/2019,18,24
11/12/2019,22,28
11/13/2019,22,29
11/14/2019,24,29
11/15/2019,24,31
11/16/2019,11,18
11/17/2019,7,13
11/18/2019,22,29
11/19/2019,24,28
11/20/2019,23,29
11/21/2019,22,27
11/22/2019,20,28
11/23/2019,9,14
11/24/2019,5,12
11/25/2019,21,28
11/26/2019,25,34
11/27/2019,23,28
11/28/2019,12,20
11/29/2019,17,25
11/30/2019,7,15
12/1/2019,8,13
12/2/2019,25,29
12/3/2019,25,33
12/4/2019,26,31
12/5/2019,22,32
12/6/2019,24,28
12/7/2019,10,16
12/8/2019,8,11
12/9/2019,19,25
12/10/2019,22,27
12/11/2019,19,29
12/12/2019,23,30
12/13/2019,23,31
12/14/2019,9,16
12/15/2019,6,13
12/16/2019,23,30
12/17/2019,26,31
12/18/2019,23,30
12/19/2019,25,31
12/20/2019,23,31
12/21/2019,9,15
12/22/2019,5,11
12/23/2019,20,25
12/24/2019,17,23
12/25/2019,7,14
12/26/2019,32,38
12/27/2019,44,47
12/28/2019,11,18
12/29/2019,7,15
12/30/2019,25,29
12/31/2019,26,31
1/1/2020,11,16
1/1/2020,7,10
1/2/2020,18,21
1/3/2020,18,22
1/4/2020,6,10
1/5/2020,5,9
1/6/2020,15,21
1/7/2020,18,22
1/8/2020,20,22
1/9/2020,18,24
1/10/2020,16,22
1/11/2020,5,9
1/12/2020,4,8
1/13/2020,15,20
1/14/2020,15,19
1/15/2020,16,20
1/16/2020,15,22
1/17/2020,16,19
1/18/2020,6,9
1/19/2020,3,7
1/20/2020,5,11
1/21/2020,12,17
1/22/2020,15,20
1/23/2020,14,19
1/24/2020,14,17
1/25/2020,5,8
1/26/2020,4,7
1/27/2020,16,18
1/28/2020,16,21
1/29/2020,18,22
1/30/2020,49,40
1/31/2020,76,83
2/1/2020,13,23
2/2/2020,6,14
2/3/2020,24,30
2/4/2020,24,32
2/5/2020,22,33
2/6/2020,20,29
2/7/2020,21,28
2/8/2020,7,13
2/9/2020,4,9
2/10/2020,22,27
2/11/2020,25,34
2/12/2020,22,29
2/13/2020,20,31
2/14/2020,18,24
2/15/2020,6,12
2/16/2020,4,10
2/17/2020,8,15
2/18/2020,18,23
2/19/2020,19,28
2/20/2020,18,23
2/21/2020,17,24
2/22/2020,6,12
2/23/2020,4,8
2/24/2020,21,33
2/25/2020,23,37
2/26/2020,22,37
2/27/2020,25,44
2/28/2020,33,62
2/29/2020,8,26
3/1/2020,6,17
3/2/2020,25,42
3/3/2020,23,39
3/4/2020,22,35
3/5/2020,19,34
3/6/2020,19,37
3/7/2020,6,17
3/8/2020,4,13
3/9/2020,34,69
3/10/2020,26,59
3/11/2020,25,52
3/12/2020,39,96
3/13/2020,37,92
3/14/2020,10,40
3/15/2020,8,29
3/16/2020,35,100
3/17/2020,38,99
3/18/2020,35,96
3/19/2020,35,80
3/20/2020,33,72
3/21/2020,10,40
3/22/2020,8,35
3/23/2020,33,72
3/24/2020,31,70
3/25/2020,28,60
3/26/2020,25,56
3/27/2020,21,52
3/28/2020,7,27
3/29/2020,6,23
3/30/2020,19,48
3/31/2020,20,46
4/1/2020,19,46
4/2/2020,18,43
4/3/2020,15,41
4/4/2020,7,25
4/5/2020,5,21
4/6/2020,18,42
4/7/2020,20,43
4/8/2020,19,42
4/9/2020,21,42
4/10/2020,10,26
4/11/2020,6,19
4/12/2020,6,16
4/13/2020,28,44
4/14/2020,39,60
4/15/2020,35,61
4/16/2020,44,70
4/17/2020,41,66
4/18/2020,10,31
4/19/2020,9,24
4/20/2020,29,54
4/21/2020,34,59
4/22/2020,28,49
4/23/2020,29,48
4/24/2020,24,45
4/25/2020,7,22
4/26/2020,7,20
4/27/2020,24,46
4/28/2020,31,47
4/29/2020,32,52
4/30/2020,63,77
5/1/2020,69,85
5/2/2020,12,28
5/3/2020,8,22
5/4/2020,29,45
5/5/2020,22,45
5/6/2020,21,38
5/7/2020,22,40
5/8/2020,20,36
5/9/2020,7,20
5/10/2020,6,17
5/11/2020,22,37
5/12/2020,22,39
5/13/2020,20,38
5/14/2020,19,38
5/15/2020,19,36
5/16/2020,7,20
5/17/2020,5,18
5/18/2020,20,36
5/19/2020,21,40
5/20/2020,21,40
5/21/2020,23,41
5/22/2020,19,35
5/23/2020,6,19
5/24/2020,5,17
5/25/2020,6,18
5/26/2020,19,35
5/27/2020,19,35
5/28/2020,18,34
5/29/2020,16,29
5/30/2020,5,15
5/31/2020,4,13
6/1/2020,17,29
6/2/2020,16,29
6/3/2020,17,31
6/4/2020,16,31
6/5/2020,17,33
6/6/2020,7,20
6/7/2020,5,16
6/8/2020,18,34
6/9/2020,23,44
6/10/2020,27,45
6/11/2020,29,50
6/12/2020,21,43
6/13/2020,7,18
6/14/2020,4,14
6/15/2020,20,33
6/16/2020,19,33
6/17/2020,20,31
6/18/2020,17,33
6/19/2020,19,32
6/20/2020,6,16
6/21/2020,4,13
6/22/2020,19,32
6/23/2020,24,37
6/24/2020,21,37
6/25/2020,19,33
6/26/2020,19,35
6/27/2020,7,18
6/28/2020,4,15
6/29/2020,19,32
6/30/2020,20,34
7/1/2020,25,36
7/2/2020,30,47
7/3/2020,12,27
7/4/2020,5,15
7/5/2020,5,12
7/6/2020,35,55
7/7/2020,35,60
7/8/2020,26,53
7/9/2020,33,54
7/10/2020,34,57
7/11/2020,10,27
7/12/2020,7,20
7/13/2020,36,61
7/14/2020,34,59
7/15/2020,32,55
7/16/2020,33,56
7/17/2020,31,47
7/18/2020,9,21
7/19/2020,6,20
7/20/2020,38,56
7/21/2020,44,69
7/22/2020,32,56
7/23/2020,33,51
7/24/2020,32,52
7/25/2020,7,22
7/26/2020,5,18
7/27/2020,27,43
7/28/2020,27,48
7/29/2020,27,47
7/30/2020,66,75
7/31/2020,65,86
8/1/2020,13,28
8/2/2020,8,20
8/3/2020,31,48
8/4/2020,24,44
8/5/2020,25,43
8/6/2020,25,47
8/7/2020,23,45
8/8/2020,7,19
8/9/2020,5,15
8/10/2020,22,41
8/11/2020,24,39
8/12/2020,22,45
8/13/2020,21,42
8/14/2020,19,36
8/15/2020,7,18
8/16/2020,4,15
8/17/2020,19,35
8/18/2020,27,49
8/19/2020,29,47
8/20/2020,23,46
8/21/2020,23,42
8/22/2020,8,21
8/23/2020,5,16
8/24/2020,24,42
8/25/2020,22,43
8/26/2020,26,48
8/27/2020,27,51
8/28/2020,23,47
8/29/2020,7,22
8/30/2020,5,18
8/31/2020,25,52
9/1/2020,29,55
9/1/2020,28,53
9/2/2020,27,50
9/3/2020,31,58
9/4/2020,33,62
9/5/2020,9,22
9/6/2020,5,15
9/7/2020,7,16
9/8/2020,28,52
9/9/2020,24,46
9/10/2020,24,42
9/11/2020,23,39
9/12/2020,6,17
9/13/2020,4,12
9/14/2020,21,35
9/15/2020,22,40
9/16/2020,21,36
9/17/2020,23,44
9/18/2020,24,38
9/19/2020,6,17
9/20/2020,4,12
9/21/2020,25,41
9/22/2020,26,47
9/23/2020,27,43
9/24/2020,23,42
9/25/2020,20,35
9/26/2020,5,15
9/27/2020,4,11
9/28/2020,19,31
9/29/2020,18,32
9/30/2020,17,31
10/1/2020,18,33
10/2/2020,23,38
10/3/2020,6,14
10/4/2020,4,11
10/5/2020,19,31
10/6/2020,21,33
10/7/2020,20,34
10/8/2020,18,31
10/9/2020,20,32
10/10/2020,6,15
10/11/2020,3,13
10/12/2020,26,40
10/13/2020,29,48
10/14/2020,22,38
10/15/2020,19,34
10/16/2020,22,36
10/17/2020,8,14
10/18/2020,4,11
10/19/2020,20,30
10/20/2020,18,32
10/21/2020,18,33
10/22/2020,19,27
10/23/2020,17,29
10/24/2020,6,12
10/25/2020,4,11
10/26/2020,19,30
10/27/2020,19,30
10/28/2020,23,36
10/29/2020,38,53
10/30/2020,37,50
10/31/2020,7,16
11/1/2020,5,13
11/2/2020,24,37
11/3/2020,22,36
11/4/2020,23,34
11/5/2020,22,37
11/6/2020,20,31
11/7/2020,5,15
11/8/2020,5,13
11/9/2020,29,47
11/10/2020,26,50
11/11/2020,23,41
11/12/2020,20,36
11/13/2020,18,33
11/14/2020,6,17
11/15/2020,4,14
11/16/2020,20,35
11/17/2020,21,43
11/18/2020,17,40
11/19/2020,17,53
11/20/2020,18,36
11/21/2020,5,18
11/22/2020,4,15
11/23/2020,17,33
11/24/2020,21,39
11/25/2020,18,33
11/26/2020,8,20
11/27/2020,15,32
11/28/2020,6,17
11/29/2020,5,16
11/30/2020,17,36
12/1/2020,19,37
12/2/2020,18,33
12/3/2020,17,36
12/4/2020,15,35
12/5/2020,5,17
12/6/2020,3,14
12/7/2020,17,32
12/8/2020,16,36
12/9/2020,17,37
12/10/2020,16,34
12/11/2020,14,33
12/12/2020,6,17
12/13/2020,4,14
12/14/2020,16,32
12/15/2020,17,32
12/16/2020,16,34
12/17/2020,19,34
12/18/2020,16,34
12/19/2020,6,19
12/20/2020,5,14
12/21/2020,16,32
12/22/2020,15,31
12/23/2020,15,32
12/24/2020,12,26
12/25/2020,5,15
12/26/2020,6,15
12/27/2020,4,14
12/28/2020,18,34
12/29/2020,20,37
12/30/2020,18,34
12/31/2020,15,32
1/1/2021,6,17
1/2/2021,4,16
1/3/2021,4,15
1/4/2021,17,30
1/5/2021,17,34
1/6/2021,17,35
1/7/2021,21,42
1/8/2021,19,37
1/9/2021,6,20
1/10/2021,4,18
1/11/2021,16,39
1/12/2021,17,45
1/13/2021,16,34
1/14/2021,16,37
1/15/2021,15,36
1/16/2021,5,18
1/17/2021,3,14
1/18/2021,6,19
1/19/2021,15,31
1/20/2021,20,38
1/21/2021,21,37
1/22/2021,18,35
1/23/2021,5,18
1/24/2021,5,15
1/25/2021,18,34
1/26/2021,18,34
1/27/2021,20,45
1/28/2021,19,51
1/29/2021,18,49
1/30/2021,6,25
1/31/2021,5,19
2/1/2021,21,43
2/2/2021,60,100
2/3/2021,60,95
2/4/2021,25,52
2/5/2021,18,43
2/6/2021,6,21
2/7/2021,4,16
2/8/2021,15,33
2/9/2021,16,33
2/10/2021,15,33
2/11/2021,14,32
2/12/2021,15,30
2/13/2021,5,17
2/14/2021,4,12
2/15/2021,6,18
2/16/2021,14,29
2/17/2021,15,31
2/18/2021,14,31
2/19/2021,15,27
2/20/2021,5,15
2/21/2021,4,14
2/22/2021,12,25
2/23/2021,19,36
2/24/2021,15,32
2/25/2021,16,32
2/26/2021,18,32
2/27/2021,5,13
2/28/2021,3,12
3/1/2021,15,28
3/2/2021,13,30
3/3/2021,14,30
3/4/2021,17,36
3/5/2021,19,35
3/6/2021,6,18
3/7/2021,4,13
3/8/2021,15,32
3/9/2021,17,33
3/10/2021,16,30
3/11/2021,14,30
3/12/2021,14,27
3/13/2021,4,13
3/14/2021,2,12
3/15/2021,14,26
3/16/2021,12,26
3/17/2021,13,25
3/18/2021,15,30
3/19/2021,14,23
3/20/2021,4,12
3/21/2021,4,10
3/22/2021,12,24
3/23/2021,13,24
3/24/2021,12,23
3/25/2021,11,26
3/26/2021,13,22
3/27/2021,4,11
3/28/2021,3,9
3/29/2021,14,22
3/30/2021,12,25
3/31/2021,13,24
4/1/2021,14,26
4/2/2021,8,17
4/3/2021,3,10
4/4/2021,2,10
4/5/2021,13,25
4/6/2021,14,24
4/7/2021,13,24
4/8/2021,15,25
4/9/2021,15,25
4/10/2021,5,14
4/11/2021,3,10
4/12/2021,14,24
4/13/2021,16,29
4/14/2021,15,27
4/15/2021,15,25
4/16/2021,13,23
4/17/2021,4,13
4/18/2021,3,12
4/19/2021,12,23
4/20/2021,14,24
4/21/2021,11,22
4/22/2021,11,24
4/23/2021,12,22
4/24/2021,4,11
4/25/2021,3,11
4/26/2021,15,25
4/27/2021,19,32
4/28/2021,22,35
4/29/2021,43,51
4/30/2021,40,51
5/1/2021,7,15
5/1/2021,12,26
5/2/2021,8,20
5/3/2021,29,45
5/4/2021,31,52
5/5/2021,25,43
5/6/2021,27,52
5/7/2021,25,43
5/8/2021,7,22
5/9/2021,5,19
5/10/2021,24,43
5/11/2021,32,49
5/12/2021,28,47
5/13/2021,30,48
5/14/2021,23,44
5/15/2021,6,19
5/16/2021,5,15
5/17/2021,24,40
5/18/2021,26,43
5/19/2021,22,42
5/20/2021,20,39
5/21/2021,22,38
5/22/2021,6,15
5/23/2021,5,15
5/24/2021,23,37
5/25/2021,22,41
5/26/2021,27,51
5/27/2021,21,44
5/28/2021,20,39
5/29/2021,5,19
5/30/2021,4,17
5/31/2021,7,17
6/1/2021,19,37
6/2/2021,18,37
6/3/2021,20,38
6/4/2021,18,38
6/5/2021,6,18
6/6/2021,6,16
6/7/2021,19,32
6/8/2021,22,40
6/9/2021,20,37
6/10/2021,22,37
6/11/2021,24,35
6/12/2021,8,18
6/13/2021,5,13
6/14/2021,20,33
6/15/2021,22,36
6/16/2021,20,36
6/17/2021,24,39
6/18/2021,27,38
6/19/2021,8,17
6/20/2021,5,15
6/21/2021,21,42
6/22/2021,26,45
6/23/2021,24,43
6/24/2021,29,39
6/25/2021,23,40
6/26/2021,6,16
6/27/2021,5,14
6/28/2021,22,33
6/29/2021,20,36
6/30/2021,21,32
7/1/2021,19,34
7/2/2021,22,35
7/3/2021,7,18
7/4/2021,5,16
7/5/2021,11,23
7/6/2021,39,57
7/7/2021,44,62
7/8/2021,39,55
7/9/2021,34,46
7/10/2021,8,20
7/11/2021,5,15
7/12/2021,26,40
7/13/2021,29,41
7/14/2021,28,43
7/15/2021,27,39
7/16/2021,24,38
7/17/2021,7,17
7/18/2021,6,14
7/19/2021,28,40
7/20/2021,31,58
7/21/2021,27,45
7/22/2021,24,39
7/23/2021,25,37
7/24/2021,8,18
7/25/2021,6,12
7/26/2021,25,40
7/27/2021,30,43
7/28/2021,29,45
7/29/2021,58,63
7/30/2021,89,100
7/31/2021,17,34
8/1/2021,12,23
8/2/2021,36,52
8/3/2021,31,51
8/4/2021,31,43
8/5/2021,27,44
8/6/2021,24,38
8/7/2021,6,16
8/8/2021,4,13
8/9/2021,23,37
8/10/2021,22,38
8/11/2021,24,41
8/12/2021,24,40
8/13/2021,21,34
8/14/2021,9,19
8/15/2021,5,14
8/16/2021,21,35
8/17/2021,25,39
8/18/2021,24,37
8/19/2021,27,41
8/20/2021,26,42
8/21/2021,8,18
8/22/2021,6,16
8/23/2021,26,38
8/24/2021,35,57
8/25/2021,23,35
8/26/2021,22,36
8/27/2021,22,34
8/28/2021,5,16
8/29/2021,4,13
8/30/2021,25,38
8/31/2021,27,40
9/1/2021,25,38
9/2/2021,24,36
9/3/2021,24,37
9/4/2021,5,13
9/5/2021,6,11
9/6/2021,7,14
9/7/2021,21,34
9/8/2021,21,36
9/9/2021,21,31
9/10/2021,20,34
9/11/2021,7,16
9/12/2021,5,13
9/13/2021,20,31
9/14/2021,18,29
9/15/2021,18,33
9/16/2021,17,29
9/17/2021,18,29
9/18/2021,4,14
9/19/2021,6,13
9/20/2021,21,35
9/21/2021,22,36
9/22/2021,17,32
9/23/2021,18,34
9/24/2021,18,28
9/25/2021,4,13
9/26/2021,5,10
9/27/2021,18,28
9/28/2021,22,33
9/29/2021,20,34
9/30/2021,19,32
10/1/2021,19,34
10/2/2021,6,16
10/3/2021,4,11
10/4/2021,23,39
10/5/2021,23,39
10/6/2021,23,36
10/7/2021,20,37
10/8/2021,18,31
10/9/2021,5,13
10/10/2021,3,12
10/11/2021,18,30
10/12/2021,17,33
10/13/2021,18,29
10/14/2021,19,34
10/15/2021,23,36
10/16/2021,7,18
10/17/2021,6,14
10/18/2021,20,35
10/19/2021,22,35
10/20/2021,21,35
10/21/2021,20,34
10/22/2021,19,35
10/23/2021,5,18
10/24/2021,6,11
10/25/2021,23,40
10/26/2021,27,41
10/27/2021,25,42
10/28/2021,58,64
10/29/2021,59,73
10/30/2021,9,23
10/31/2021,6,13
11/1/2021,20,39
11/2/2021,22,41
11/3/2021,24,37
11/4/2021,28,41
11/5/2021,27,44
11/6/2021,7,20
11/7/2021,5,15
11/8/2021,23,38
11/9/2021,24,43
11/10/2021,25,44
11/11/2021,22,39
11/12/2021,21,39
11/13/2021,7,19
11/14/2021,6,16
11/15/2021,19,37
11/16/2021,21,40
11/17/2021,21,40
11/18/2021,27,42
11/19/2021,31,47
11/20/2021,7,19
11/21/2021,6,17
11/22/2021,25,37
11/23/2021,23,38
11/24/2021,19,33
11/25/2021,8,22
11/26/2021,22,37
11/27/2021,7,18
11/28/2021,6,16
11/29/2021,25,42
11/30/2021,22,39
12/1/2021,25,38
12/2/2021,20,36
12/3/2021,19,36
12/4/2021,8,16
12/5/2021,6,14
12/6/2021,19,34
12/7/2021,26,45
12/8/2021,25,41
12/9/2021,21,37
12/10/2021,22,34
12/11/2021,6,20
12/12/2021,5,14
12/13/2021,19,31
12/14/2021,21,35
12/15/2021,20,36
12/16/2021,21,35
12/17/2021,20,35
12/18/2021,8,16
12/19/2021,5,14
12/20/2021,21,34
12/21/2021,20,36
12/22/2021,20,36
12/23/2021,20,36
12/24/2021,8,19
12/25/2021,5,15
12/26/2021,4,13
12/27/2021,20,32
12/28/2021,22,34
12/29/2021,19,36
12/30/2021,16,32
12/31/2021,14,31
1/1/2022,6,18
1/1/2022,2,7
1/2/2022,2,7
1/3/2022,9,13
1/4/2022,11,21
1/5/2022,6,12
1/6/2022,6,13
1/7/2022,8,14
1/8/2022,3,8
1/9/2022,2,6
1/10/2022,9,14
1/11/2022,8,14
1/12/2022,7,12
1/13/2022,6,11
1/14/2022,7,11
1/15/2022,2,7
1/16/2022,2,5
1/17/2022,3,7
1/18/2022,8,13
1/19/2022,7,12
1/20/2022,9,14
1/21/2022,15,21
1/22/2022,7,12
1/23/2022,4,9
1/24/2022,17,25
1/25/2022,12,20
1/26/2022,11,17
1/27/2022,10,18
1/28/2022,11,19
1/29/2022,4,9
1/30/2022,3,7
1/31/2022,11,16
2/1/2022,11,15
2/2/2022,17,23
2/3/2022,50,56
2/4/2022,47,64
2/5/2022,8,16
2/6/2022,3,11
2/7/2022,16,24
2/8/2022,13,20
2/9/2022,12,18
2/10/2022,9,13
2/11/2022,9,15
2/12/2022,3,8
2/13/2022,2,5
2/14/2022,9,14
2/15/2022,9,14
2/16/2022,8,14
2/17/2022,9,13
2/18/2022,9,17
2/19/2022,3,7
2/20/2022,2,5
2/21/2022,4,8
2/22/2022,9,18
2/23/2022,8,14
2/24/2022,13,23
2/25/2022,10,17
2/26/2022,3,7
2/27/2022,2,5
2/28/2022,8,15
3/1/2022,7,12
3/2/2022,8,13
3/3/2022,8,13
3/4/2022,8,14
3/5/2022,3,6
3/6/2022,1,5
3/7/2022,10,17
3/8/2022,10,17
3/9/2022,18,30
3/10/2022,29,73
3/11/2022,15,37
3/12/2022,5,16
3/13/2022,3,11
3/14/2022,12,25
3/15/2022,11,22
3/16/2022,12,24
3/17/2022,12,23
3/18/2022,13,23
3/19/2022,4,11
3/20/2022,2,8
3/21/2022,11,23
3/22/2022,11,22
3/23/2022,10,20
3/24/2022,10,19
3/25/2022,9,20
3/26/2022,4,9
3/27/2022,3,7
3/28/2022,11,22
3/29/2022,11,22
3/30/2022,10,22
3/31/2022,9,19
4/1/2022,10,18
4/2/2022,3,9
4/3/2022,2,7
4/4/2022,10,20
4/5/2022,8,18
4/6/2022,10,19
4/7/2022,9,18
4/8/2022,8,17
4/9/2022,3,10
4/10/2022,2,6
4/11/2022,9,18
4/12/2022,9,18
4/13/2022,9,17
4/14/2022,9,17
4/15/2022,5,11
4/16/2022,2,7
4/17/2022,2,5
4/18/2022,9,17
4/19/2022,9,18
4/20/2022,10,19
4/21/2022,10,21
4/22/2022,10,19
4/23/2022,4,10
4/24/2022,3,7
4/25/2022,11,21
4/26/2022,13,24
4/27/2022,13,22
4/28/2022,37,42
4/29/2022,47,71
4/30/2022,12,30
5/1/2022,5,13
5/2/2022,23,39
5/3/2022,15,31
5/4/2022,15,27
5/5/2022,19,35
5/6/2022,18,30
5/7/2022,5,13
5/8/2022,3,10
5/9/2022,20,34
5/10/2022,17,34
5/11/2022,18,38
5/12/2022,18,35
5/13/2022,15,30
5/14/2022,5,12
5/15/2022,3,9
5/16/2022,13,24
5/17/2022,13,24
5/18/2022,14,29
5/19/2022,14,28
5/20/2022,13,27
5/21/2022,5,11
5/22/2022,3,8
5/23/2022,13,24
5/24/2022,15,28
5/25/2022,13,25
5/26/2022,14,27
5/27/2022,13,26
5/28/2022,4,10
5/29/2022,3,8
5/30/2022,4,11
5/31/2022,17,30
6/1/2022,17,31
6/2/2022,15,34
6/3/2022,19,45
6/4/2022,6,20
6/5/2022,5,14
6/6/2022,41,100
6/7/2022,28,65
6/8/2022,19,44
6/9/2022,16,36
6/10/2022,19,40
6/11/2022,5,16
6/12/2022,4,11
6/13/2022,22,43
6/14/2022,18,39
6/15/2022,16,36
6/16/2022,17,38
6/17/2022,13,29
6/18/2022,4,13
6/19/2022,3,9
6/20/2022,7,15
6/21/2022,14,28
6/22/2022,13,26
6/23/2022,12,25
6/24/2022,13,26
6/25/2022,4,11
6/26/2022,3,8
6/27/2022,12,24
6/28/2022,12,25
6/29/2022,11,22
6/30/2022,11,25
7/1/2022,11,22
7/2/2022,4,9
7/3/2022,2,7
7/4/2022,3,8
7/5/2022,12,21
7/6/2022,11,22
7/7/2022,11,23
7/8/2022,11,21
7/9/2022,4,9
7/10/2022,2,7
7/11/2022,10,20
7/12/2022,11,21
7/13/2022,11,22
7/14/2022,11,22
7/15/2022,11,21
7/16/2022,3,9
7/17/2022,3,6
7/18/2022,10,21
7/19/2022,10,23
7/20/2022,13,23
7/21/2022,14,27
7/22/2022,13,24
7/23/2022,3,10
7/24/2022,3,7
7/25/2022,13,21
7/26/2022,15,26
7/27/2022,16,26
7/28/2022,32,39
7/29/2022,37,47
7/30/2022,7,14
7/31/2022,4,10
8/1/2022,18,29
8/2/2022,14,27
8/3/2022,14,29
8/4/2022,15,30
8/5/2022,15,28
8/6/2022,4,11
8/7/2022,3,8
8/8/2022,14,25
8/9/2022,12,23
8/10/2022,14,27
8/11/2022,13,25
8/12/2022,13,23
8/13/2022,4,10
8/14/2022,2,7
8/15/2022,14,23
8/16/2022,13,23
8/17/2022,12,21
8/18/2022,10,20
8/19/2022,10,21
8/20/2022,3,8
8/21/2022,2,6
8/22/2022,11,19
8/23/2022,10,21
8/24/2022,10,19
8/25/2022,9,21
8/26/2022,11,22
8/27/2022,4,7
8/28/2022,2,6
8/29/2022,10,18
8/30/2022,9,19
8/31/2022,9,16
9/1/2022,10,19
9/1/2022,15,30
9/2/2022,13,25
9/3/2022,4,9
9/4/2022,3,8
9/5/2022,4,10
9/6/2022,14,25
9/7/2022,13,24
9/8/2022,12,23
9/9/2022,13,25
9/10/2022,3,11
9/11/2022,3,8
9/12/2022,14,26
9/13/2022,18,31
9/14/2022,16,30
9/15/2022,14,28
9/16/2022,15,30
9/17/2022,4,10
9/18/2022,3,9
9/19/2022,13,22
9/20/2022,13,26
9/21/2022,14,29
9/22/2022,15,27
9/23/2022,15,31
9/24/2022,5,12
9/25/2022,3,9
9/26/2022,14,28
9/27/2022,13,27
9/28/2022,12,27
9/29/2022,13,28
9/30/2022,13,23
10/1/2022,5,11
10/2/2022,3,8
10/3/2022,14,28
10/4/2022,15,28
10/5/2022,13,27
10/6/2022,12,23
10/7/2022,13,27
10/8/2022,4,10
10/9/2022,3,9
10/10/2022,12,22
10/11/2022,12,24
10/12/2022,12,26
10/13/2022,15,28
10/14/2022,14,25
10/15/2022,5,12
10/16/2022,3,9
10/17/2022,14,24
10/18/2022,15,27
10/19/2022,14,24
10/20/2022,13,22
10/21/2022,14,23
10/22/2022,4,9
10/23/2022,4,8
10/24/2022,14,24
10/25/2022,17,27
10/26/2022,22,33
10/27/2022,67,75
10/28/2022,69,100
10/29/2022,11,22
10/30/2022,5,14
10/31/2022,21,38
11/1/2022,27,40
11/2/2022,27,45
11/3/2022,30,50
11/4/2022,24,44
11/5/2022,8,17
11/6/2022,5,12
11/7/2022,21,37
11/8/2022,19,37
11/9/2022,19,40
11/10/2022,30,60
11/11/2022,24,46
11/12/2022,7,20
11/13/2022,5,15
11/14/2022,23,42
11/15/2022,24,44
11/16/2022,20,37
11/17/2022,18,32
11/18/2022,19,31
11/19/2022,5,16
11/20/2022,4,10
11/21/2022,15,29
11/22/2022,15,29
11/23/2022,15,27
11/24/2022,6,14
11/25/2022,10,21
11/26/2022,4,10
11/27/2022,4,10
11/28/2022,14,26
11/29/2022,14,27
11/30/2022,16,27
12/1/2022,15,28
12/2/2022,14,26
12/3/2022,5,10
12/4/2022,3,8
12/5/2022,15,24
12/6/2022,15,27
12/7/2022,15,28
12/8/2022,15,29
12/9/2022,13,23
12/10/2022,5,10
12/11/2022,3,8
12/12/2022,13,26
12/13/2022,17,30
12/14/2022,15,27
12/15/2022,16,28
12/16/2022,15,26
12/17/2022,5,12
12/18/2022,3,9
12/19/2022,16,28
12/20/2022,17,30
12/21/2022,18,31
12/22/2022,18,29
12/23/2022,14,26
12/24/2022,5,12
12/25/2022,3,9
12/26/2022,6,13
12/27/2022,16,29
12/28/2022,15,32
12/29/2022,15,28
12/30/2022,14,26
12/31/2022,5,12
1/1/2023,4,10
1/2/2023,5,15
1/3/2023,17,28
1/4/2023,18,29
1/5/2023,20,35
1/6/2023,18,32
1/7/2023,6,12
1/8/2023,4,10
1/9/2023,15,28
1/10/2023,14,29
1/11/2023,18,31
1/12/2023,20,33
1/13/2023,19,31
1/14/2023,6,14
1/15/2023,4,10
1/16/2023,7,16
1/17/2023,17,32
1/18/2023,20,31
1/19/2023,16,27
1/20/2023,16,29
1/21/2023,5,13
1/22/2023,4,9
1/23/2023,18,30
1/24/2023,17,31
1/25/2023,19,30
1/26/2023,19,30
1/27/2023,20,33
1/28/2023,6,14
1/29/2023,5,10
1/30/2023,18,29
1/31/2023,20,32
2/1/2023,21,36
2/2/2023,59,67
2/3/2023,48,60
2/4/2023,8,17
2/5/2023,5,11
2/6/2023,20,34
2/7/2023,21,35
2/8/2023,20,31
2/9/2023,18,31
2/10/2023,17,28
2/11/2023,5,11
2/12/2023,3,9
2/13/2023,15,27
2/14/2023,16,29
2/15/2023,17,29
2/16/2023,15,27
2/17/2023,14,25
2/18/2023,5,10
2/19/2023,3,9
2/20/2023,7,15
2/21/2023,14,27
2/22/2023,14,28
2/23/2023,15,24
2/24/2023,12,23
2/25/2023,5,9
2/26/2023,3,8
2/27/2023,13,23
2/28/2023,13,25
3/1/2023,13,21
