Date,GOOGL,google stock
1/1/2014,86,9
1/2/2014,83,11
1/3/2014,80,12
1/4/2014,89,9
1/5/2014,85,8
1/6/2014,79,12
1/7/2014,80,12
1/8/2014,78,13
1/9/2014,82,13
1/10/2014,88,13
1/11/2014,89,9
1/12/2014,88,8
1/13/2014,87,11
1/14/2014,91,16
1/15/2014,86,15
1/16/2014,90,14
1/17/2014,87,15
1/18/2014,85,9
1/19/2014,87,8
1/20/2014,84,10
1/21/2014,87,12
1/22/2014,87,14
1/23/2014,87,12
1/24/2014,88,13
1/25/2014,84,10
1/26/2014,86,6
1/27/2014,88,12
1/28/2014,86,14
1/29/2014,86,15
1/30/2014,87,18
1/31/2014,89,20
2/1/2014,85,10
2/2/2014,89,7
2/3/2014,86,14
2/4/2014,85,16
2/5/2014,90,16
2/6/2014,82,12
2/7/2014,93,15
2/8/2014,81,7
2/9/2014,83,7
2/10/2014,84,11
2/11/2014,88,13
2/12/2014,88,13
2/13/2014,87,14
2/14/2014,91,12
2/15/2014,84,7
2/16/2014,85,8
2/17/2014,86,11
2/18/2014,88,13
2/19/2014,83,13
2/20/2014,86,13
2/21/2014,83,13
2/22/2014,89,8
2/23/2014,87,9
2/24/2014,88,13
2/25/2014,86,14
2/26/2014,90,17
2/27/2014,93,14
2/28/2014,86,14
3/1/2014,85,9
3/2/2014,89,9
3/3/2014,81,12
3/4/2014,87,15
3/5/2014,88,13
3/6/2014,86,12
3/7/2014,89,14
3/8/2014,86,8
3/9/2014,84,8
3/10/2014,89,14
3/11/2014,88,13
3/12/2014,90,13
3/13/2014,88,15
3/14/2014,87,11
3/15/2014,86,8
3/16/2014,86,7
3/17/2014,85,11
3/18/2014,91,13
3/19/2014,88,10
3/20/2014,89,14
3/21/2014,85,11
3/22/2014,81,9
3/23/2014,83,7
3/24/2014,81,13
3/25/2014,85,14
3/26/2014,86,14
3/27/2014,81,15
3/28/2014,82,13
3/29/2014,82,9
3/30/2014,85,8
3/31/2014,91,15
4/1/2014,87,14
4/2/2014,87,15
4/3/2014,100,28
4/4/2014,94,26
4/5/2014,85,13
4/6/2014,85,10
4/7/2014,89,16
4/8/2014,87,17
4/9/2014,86,15
4/10/2014,90,17
4/11/2014,90,17
4/12/2014,90,10
4/13/2014,89,9
4/14/2014,89,15
4/15/2014,87,16
4/16/2014,92,17
4/17/2014,95,22
4/18/2014,86,13
4/19/2014,87,8
4/20/2014,89,8
4/21/2014,86,14
4/22/2014,92,14
4/23/2014,93,14
4/24/2014,88,17
4/25/2014,86,15
4/26/2014,86,8
4/27/2014,87,8
4/28/2014,88,15
4/29/2014,87,13
4/30/2014,97,13
5/1/2014,92,12
5/2/2014,89,12
5/3/2014,83,5
5/4/2014,86,6
5/5/2014,84,12
5/6/2014,88,12
5/7/2014,86,13
5/8/2014,93,13
5/9/2014,89,12
5/10/2014,83,7
5/11/2014,92,6
5/12/2014,89,11
5/13/2014,86,11
5/14/2014,89,11
5/15/2014,88,11
5/16/2014,84,10
5/17/2014,87,7
5/18/2014,82,6
5/19/2014,92,11
5/20/2014,86,13
5/21/2014,96,12
5/22/2014,94,12
5/23/2014,90,11
5/24/2014,89,7
5/25/2014,90,6
5/26/2014,88,8
5/27/2014,90,11
5/28/2014,87,12
5/29/2014,92,12
5/30/2014,93,12
5/31/2014,86,6
6/1/2014,90,6
6/2/2014,92,11
6/3/2014,94,10
6/4/2014,92,10
6/5/2014,90,12
6/6/2014,92,12
6/7/2014,90,7
6/8/2014,90,8
6/9/2014,87,13
6/10/2014,87,12
6/11/2014,89,13
6/12/2014,85,11
6/13/2014,87,11
6/14/2014,93,7
6/15/2014,93,6
6/16/2014,90,9
6/17/2014,85,10
6/18/2014,87,10
6/19/2014,89,11
6/20/2014,82,9
6/21/2014,82,8
6/22/2014,85,6
6/23/2014,84,12
6/24/2014,87,11
6/25/2014,86,12
6/26/2014,83,11
6/27/2014,83,9
6/28/2014,80,7
6/29/2014,81,7
6/30/2014,78,10
7/1/2014,79,10
7/2/2014,83,12
7/3/2014,79,10
7/4/2014,78,8
7/5/2014,84,5
7/6/2014,85,6
7/7/2014,84,10
7/8/2014,80,11
7/9/2014,82,9
7/10/2014,78,10
7/11/2014,81,8
7/12/2014,85,6
7/13/2014,86,6
7/14/2014,83,10
7/15/2014,81,9
7/16/2014,78,12
7/17/2014,82,12
7/18/2014,86,13
7/19/2014,79,8
7/20/2014,87,6
7/21/2014,83,11
7/22/2014,81,11
7/23/2014,83,12
7/24/2014,80,11
7/25/2014,82,12
7/26/2014,83,8
7/27/2014,86,6
7/28/2014,81,9
7/29/2014,79,12
7/30/2014,84,11
7/31/2014,84,10
8/1/2014,83,11
8/2/2014,88,6
8/3/2014,90,6
8/4/2014,81,10
8/5/2014,82,11
8/6/2014,80,12
8/7/2014,76,9
8/8/2014,82,10
8/9/2014,89,6
8/10/2014,86,6
8/11/2014,85,9
8/12/2014,78,9
8/13/2014,79,10
8/14/2014,80,9
8/15/2014,85,9
8/16/2014,89,6
8/17/2014,85,6
8/18/2014,80,9
8/19/2014,79,11
8/20/2014,77,12
8/21/2014,80,11
8/22/2014,76,10
8/23/2014,80,8
8/24/2014,76,8
8/25/2014,75,11
8/26/2014,81,12
8/27/2014,78,11
8/28/2014,78,10
8/29/2014,77,10
8/30/2014,82,7
8/31/2014,76,7
9/1/2014,75,8
9/1/2014,90,9
9/2/2014,88,12
9/3/2014,97,13
9/4/2014,89,13
9/5/2014,94,13
9/6/2014,93,8
9/7/2014,95,7
9/8/2014,88,14
9/9/2014,97,16
9/10/2014,93,16
9/11/2014,92,15
9/12/2014,97,13
9/13/2014,91,9
9/14/2014,92,8
9/15/2014,94,15
9/16/2014,93,15
9/17/2014,95,12
9/18/2014,96,15
9/19/2014,94,21
9/20/2014,100,10
9/21/2014,97,10
9/22/2014,95,17
9/23/2014,90,14
9/24/2014,93,15
9/25/2014,87,14
9/26/2014,93,14
9/27/2014,89,10
9/28/2014,96,9
9/29/2014,90,14
9/30/2014,99,15
10/1/2014,91,14
10/2/2014,90,15
10/3/2014,91,13
10/4/2014,82,7
10/5/2014,87,9
10/6/2014,88,12
10/7/2014,95,15
10/8/2014,99,15
10/9/2014,95,15
10/10/2014,96,16
10/11/2014,94,8
10/12/2014,87,8
10/13/2014,92,16
10/14/2014,94,17
10/15/2014,93,19
10/16/2014,96,21
10/17/2014,91,17
10/18/2014,97,11
10/19/2014,92,8
10/20/2014,93,15
10/21/2014,89,16
10/22/2014,87,15
10/23/2014,90,17
10/24/2014,93,14
10/25/2014,87,8
10/26/2014,89,8
10/27/2014,95,14
10/28/2014,93,15
10/29/2014,94,17
10/30/2014,94,16
10/31/2014,95,14
11/1/2014,94,8
11/2/2014,95,9
11/3/2014,93,15
11/4/2014,89,14
11/5/2014,90,15
11/6/2014,92,15
11/7/2014,88,16
11/8/2014,92,9
11/9/2014,90,8
11/10/2014,87,15
11/11/2014,92,16
11/12/2014,88,18
11/13/2014,98,15
11/14/2014,95,15
11/15/2014,93,10
11/16/2014,87,7
11/17/2014,88,14
11/18/2014,89,16
11/19/2014,91,14
11/20/2014,90,12
11/21/2014,87,15
11/22/2014,89,10
11/23/2014,89,8
11/24/2014,90,13
11/25/2014,89,13
11/26/2014,87,13
11/27/2014,93,11
11/28/2014,87,10
11/29/2014,89,8
11/30/2014,87,9
12/1/2014,86,13
12/2/2014,88,14
12/3/2014,90,14
12/4/2014,87,14
12/5/2014,92,15
12/6/2014,89,9
12/7/2014,88,8
12/8/2014,86,14
12/9/2014,83,13
12/10/2014,93,15
12/11/2014,93,15
12/12/2014,91,13
12/13/2014,90,8
12/14/2014,94,7
12/15/2014,93,13
12/16/2014,93,17
12/17/2014,90,15
12/18/2014,90,13
12/19/2014,93,14
12/20/2014,96,7
12/21/2014,92,5
12/22/2014,88,11
12/23/2014,86,13
12/24/2014,95,12
12/25/2014,95,9
12/26/2014,93,10
12/27/2014,93,10
12/28/2014,90,8
12/29/2014,92,11
12/30/2014,88,12
12/31/2014,86,13
1/1/2015,91,9
1/2/2015,80,11
1/3/2015,85,8
1/4/2015,86,8
1/5/2015,84,13
1/6/2015,89,16
1/7/2015,88,16
1/8/2015,91,15
1/9/2015,87,15
1/10/2015,89,7
1/11/2015,86,8
1/12/2015,86,12
1/13/2015,87,15
1/14/2015,89,15
1/15/2015,94,14
1/16/2015,93,15
1/17/2015,86,10
1/18/2015,92,8
1/19/2015,87,12
1/20/2015,91,15
1/21/2015,89,15
1/22/2015,87,14
1/23/2015,89,16
1/24/2015,92,10
1/25/2015,93,8
1/26/2015,85,14
1/27/2015,90,16
1/28/2015,91,17
1/29/2015,92,19
1/30/2015,99,19
1/31/2015,86,9
2/1/2015,84,8
2/2/2015,84,10
2/3/2015,91,14
2/4/2015,93,16
2/5/2015,90,17
2/6/2015,89,16
2/7/2015,87,9
2/8/2015,85,9
2/9/2015,88,14
2/10/2015,87,15
2/11/2015,91,16
2/12/2015,86,16
2/13/2015,91,16
2/14/2015,86,9
2/15/2015,88,8
2/16/2015,90,11
2/17/2015,88,12
2/18/2015,85,16
2/19/2015,86,14
2/20/2015,88,15
2/21/2015,86,10
2/22/2015,90,9
2/23/2015,86,12
2/24/2015,88,14
2/25/2015,81,14
2/26/2015,91,15
2/27/2015,93,15
2/28/2015,86,7
3/1/2015,87,8
3/2/2015,88,14
3/3/2015,96,18
3/4/2015,87,15
3/5/2015,90,15
3/6/2015,85,15
3/7/2015,81,8
3/8/2015,89,8
3/9/2015,85,13
3/10/2015,89,16
3/11/2015,94,15
3/12/2015,84,14
3/13/2015,87,15
3/14/2015,82,7
3/15/2015,86,7
3/16/2015,89,15
3/17/2015,89,13
3/18/2015,90,14
3/19/2015,87,14
3/20/2015,85,13
3/21/2015,87,7
3/22/2015,89,6
3/23/2015,83,12
3/24/2015,88,15
3/25/2015,68,12
3/26/2015,90,15
3/27/2015,87,13
3/28/2015,88,9
3/29/2015,86,8
3/30/2015,86,12
3/31/2015,89,13
4/1/2015,90,16
4/2/2015,84,15
4/3/2015,84,11
4/4/2015,82,7
4/5/2015,79,6
4/6/2015,87,12
4/7/2015,80,11
4/8/2015,80,14
4/9/2015,82,12
4/10/2015,83,13
4/11/2015,85,8
4/12/2015,82,9
4/13/2015,81,13
4/14/2015,88,15
4/15/2015,87,15
4/16/2015,87,15
4/17/2015,86,16
4/18/2015,79,7
4/19/2015,82,8
4/20/2015,80,15
4/21/2015,84,16
4/22/2015,94,16
4/23/2015,88,18
4/24/2015,90,19
4/25/2015,82,11
4/26/2015,79,9
4/27/2015,84,16
4/28/2015,86,15
4/29/2015,80,15
4/30/2015,81,16
5/1/2015,85,14
5/1/2015,96,16
5/2/2015,85,9
5/3/2015,83,8
5/4/2015,99,15
5/5/2015,90,17
5/6/2015,91,16
5/7/2015,98,16
5/8/2015,91,15
5/9/2015,85,7
5/10/2015,92,8
5/11/2015,91,16
5/12/2015,90,16
5/13/2015,93,16
5/14/2015,92,14
5/15/2015,90,14
5/16/2015,83,8
5/17/2015,84,8
5/18/2015,94,13
5/19/2015,87,13
5/20/2015,90,14
5/21/2015,97,14
5/22/2015,94,14
5/23/2015,83,8
5/24/2015,84,6
5/25/2015,87,8
5/26/2015,95,13
5/27/2015,87,12
5/28/2015,88,15
5/29/2015,88,16
5/30/2015,84,9
5/31/2015,86,7
6/1/2015,88,13
6/2/2015,92,12
6/3/2015,88,14
6/4/2015,85,12
6/5/2015,87,13
6/6/2015,80,6
6/7/2015,82,8
6/8/2015,88,11
6/9/2015,90,13
6/10/2015,86,12
6/11/2015,91,12
6/12/2015,86,12
6/13/2015,87,8
6/14/2015,85,8
6/15/2015,83,10
6/16/2015,84,13
6/17/2015,86,14
6/18/2015,87,13
6/19/2015,82,12
6/20/2015,82,9
6/21/2015,84,8
6/22/2015,84,10
6/23/2015,87,14
6/24/2015,84,12
6/25/2015,82,12
6/26/2015,86,13
6/27/2015,79,8
6/28/2015,84,8
6/29/2015,80,13
6/30/2015,84,14
7/1/2015,83,14
7/2/2015,92,13
7/3/2015,87,11
7/4/2015,83,7
7/5/2015,80,7
7/6/2015,86,13
7/7/2015,84,14
7/8/2015,81,18
7/9/2015,82,17
7/10/2015,81,15
7/11/2015,85,8
7/12/2015,82,6
7/13/2015,80,14
7/14/2015,78,14
7/15/2015,80,13
7/16/2015,89,20
7/17/2015,100,40
7/18/2015,92,23
7/19/2015,88,14
7/20/2015,94,19
7/21/2015,90,19
7/22/2015,87,19
7/23/2015,85,20
7/24/2015,90,23
7/25/2015,88,21
7/26/2015,83,9
7/27/2015,84,15
7/28/2015,83,16
7/29/2015,84,14
7/30/2015,85,14
7/31/2015,87,14
8/1/2015,85,8
8/2/2015,81,8
8/3/2015,84,13
8/4/2015,88,15
8/5/2015,81,16
8/6/2015,81,17
8/7/2015,83,13
8/8/2015,83,8
8/9/2015,80,7
8/10/2015,86,19
8/11/2015,96,33
8/12/2015,86,22
8/13/2015,85,14
8/14/2015,85,13
8/15/2015,85,9
8/16/2015,82,11
8/17/2015,90,13
8/18/2015,79,15
8/19/2015,85,15
8/20/2015,85,14
8/21/2015,87,21
8/22/2015,80,13
8/23/2015,87,11
8/24/2015,86,44
8/25/2015,86,37
8/26/2015,88,30
8/27/2015,84,23
8/28/2015,84,19
8/29/2015,82,11
8/30/2015,88,9
8/31/2015,86,17
9/1/2015,85,20
9/2/2015,94,25
9/3/2015,90,18
9/4/2015,93,19
9/5/2015,84,9
9/6/2015,79,9
9/7/2015,84,11
9/8/2015,90,17
9/9/2015,90,15
9/10/2015,91,19
9/11/2015,90,18
9/12/2015,81,9
9/13/2015,87,7
9/14/2015,86,16
9/15/2015,92,15
9/16/2015,88,15
9/17/2015,89,17
9/18/2015,94,19
9/19/2015,80,10
9/20/2015,87,9
9/21/2015,89,17
9/22/2015,90,16
9/23/2015,91,19
9/24/2015,89,18
9/25/2015,90,17
9/26/2015,80,11
9/27/2015,82,9
9/28/2015,91,16
9/29/2015,90,18
9/30/2015,92,18
10/1/2015,88,14
10/2/2015,90,17
10/3/2015,85,9
10/4/2015,79,8
10/5/2015,91,17
10/6/2015,97,18
10/7/2015,91,16
10/8/2015,91,16
10/9/2015,89,16
10/10/2015,85,9
10/11/2015,81,7
10/12/2015,88,16
10/13/2015,85,16
10/14/2015,92,16
10/15/2015,90,18
10/16/2015,87,18
10/17/2015,83,9
10/18/2015,88,7
10/19/2015,90,16
10/20/2015,90,18
10/21/2015,90,17
10/22/2015,95,24
10/23/2015,100,30
10/24/2015,88,14
10/25/2015,79,10
10/26/2015,84,20
10/27/2015,88,20
10/28/2015,89,18
10/29/2015,92,19
10/30/2015,94,18
10/31/2015,91,9
11/1/2015,92,8
11/2/2015,98,18
11/3/2015,86,18
11/4/2015,90,21
11/5/2015,90,20
11/6/2015,91,18
11/7/2015,80,11
11/8/2015,86,9
11/9/2015,96,16
11/10/2015,89,16
11/11/2015,87,16
11/12/2015,91,15
11/13/2015,91,19
11/14/2015,81,9
11/15/2015,78,9
11/16/2015,91,18
11/17/2015,93,18
11/18/2015,91,16
11/19/2015,90,19
11/20/2015,91,20
11/21/2015,82,9
11/22/2015,81,8
11/23/2015,87,16
11/24/2015,91,16
11/25/2015,85,12
11/26/2015,87,8
11/27/2015,84,10
11/28/2015,80,8
11/29/2015,78,8
11/30/2015,87,15
12/1/2015,86,17
12/2/2015,86,18
12/3/2015,94,20
12/4/2015,88,18
12/5/2015,84,10
12/6/2015,82,9
12/7/2015,89,16
12/8/2015,84,17
12/9/2015,85,16
12/10/2015,92,18
12/11/2015,87,18
12/12/2015,82,9
12/13/2015,78,9
12/14/2015,89,18
12/15/2015,89,17
12/16/2015,87,15
12/17/2015,93,18
12/18/2015,88,17
12/19/2015,86,8
12/20/2015,79,7
12/21/2015,81,15
12/22/2015,81,15
12/23/2015,81,14
12/24/2015,81,14
12/25/2015,84,9
12/26/2015,86,8
12/27/2015,80,9
12/28/2015,74,13
12/29/2015,79,16
12/30/2015,76,15
12/31/2015,85,12
1/1/2016,77,9
1/1/2016,76,9
1/2/2016,75,8
1/3/2016,69,7
1/4/2016,80,17
1/5/2016,77,15
1/6/2016,79,17
1/7/2016,80,20
1/8/2016,80,19
1/9/2016,70,11
1/10/2016,75,7
1/11/2016,81,16
1/12/2016,86,15
1/13/2016,79,21
1/14/2016,82,17
1/15/2016,83,19
1/16/2016,73,10
1/17/2016,69,8
1/18/2016,80,15
1/19/2016,79,16
1/20/2016,82,20
1/21/2016,80,18
1/22/2016,82,18
1/23/2016,69,10
1/24/2016,75,6
1/25/2016,83,15
1/26/2016,78,18
1/27/2016,82,20
1/28/2016,87,20
1/29/2016,86,22
1/30/2016,78,10
1/31/2016,73,9
2/1/2016,87,21
2/2/2016,100,29
2/3/2016,85,24
2/4/2016,85,24
2/5/2016,84,22
2/6/2016,80,13
2/7/2016,72,8
2/8/2016,86,21
2/9/2016,85,20
2/10/2016,81,18
2/11/2016,84,22
2/12/2016,81,16
2/13/2016,71,10
2/14/2016,73,7
2/15/2016,78,12
2/16/2016,85,15
2/17/2016,81,19
2/18/2016,81,17
2/19/2016,82,15
2/20/2016,76,7
2/21/2016,74,8
2/22/2016,84,17
2/23/2016,81,15
2/24/2016,82,16
2/25/2016,84,16
2/26/2016,84,18
2/27/2016,72,9
2/28/2016,70,7
2/29/2016,85,16
3/1/2016,82,16
3/2/2016,80,16
3/3/2016,86,16
3/4/2016,84,15
3/5/2016,73,8
3/6/2016,78,7
3/7/2016,83,17
3/8/2016,84,17
3/9/2016,85,18
3/10/2016,82,14
3/11/2016,76,14
3/12/2016,74,7
3/13/2016,74,8
3/14/2016,79,13
3/15/2016,80,15
3/16/2016,82,17
3/17/2016,81,16
3/18/2016,80,16
3/19/2016,71,8
3/20/2016,74,6
3/21/2016,79,18
3/22/2016,78,21
3/23/2016,81,18
3/24/2016,76,15
3/25/2016,80,10
3/26/2016,72,8
3/27/2016,70,9
3/28/2016,78,13
3/29/2016,77,16
3/30/2016,78,14
3/31/2016,76,15
4/1/2016,75,17
4/2/2016,73,8
4/3/2016,75,7
4/4/2016,76,15
4/5/2016,81,16
4/6/2016,84,17
4/7/2016,79,15
4/8/2016,73,15
4/9/2016,72,8
4/10/2016,68,6
4/11/2016,82,14
4/12/2016,76,15
4/13/2016,81,16
4/14/2016,79,16
4/15/2016,79,14
4/16/2016,74,7
4/17/2016,63,7
4/18/2016,80,13
4/19/2016,76,17
4/20/2016,77,16
4/21/2016,82,20
4/22/2016,87,22
4/23/2016,76,9
4/24/2016,73,6
4/25/2016,80,16
4/26/2016,79,16
4/27/2016,82,20
4/28/2016,80,19
4/29/2016,81,18
4/30/2016,70,7
5/1/2016,73,8
5/2/2016,81,17
5/3/2016,77,16
5/4/2016,78,16
5/5/2016,76,15
5/6/2016,76,16
5/7/2016,68,8
5/8/2016,72,7
5/9/2016,79,12
5/10/2016,75,16
5/11/2016,84,17
5/12/2016,77,15
5/13/2016,81,14
5/14/2016,70,8
5/15/2016,72,7
5/16/2016,76,15
5/17/2016,78,15
5/18/2016,81,16
5/19/2016,80,15
5/20/2016,71,15
5/21/2016,69,8
5/22/2016,69,6
5/23/2016,72,12
5/24/2016,80,15
5/25/2016,80,14
5/26/2016,74,15
5/27/2016,81,14
5/28/2016,68,8
5/29/2016,72,6
5/30/2016,71,7
5/31/2016,80,11
6/1/2016,72,15
6/2/2016,74,14
6/3/2016,73,13
6/4/2016,67,8
6/5/2016,70,5
6/6/2016,71,12
6/7/2016,75,12
6/8/2016,70,12
6/9/2016,74,13
6/10/2016,69,11
6/11/2016,65,7
6/12/2016,65,5
6/13/2016,66,12
6/14/2016,75,12
6/15/2016,69,11
6/16/2016,71,12
6/17/2016,70,14
6/18/2016,63,6
6/19/2016,64,6
6/20/2016,70,11
6/21/2016,75,11
6/22/2016,68,10
6/23/2016,67,13
6/24/2016,70,31
6/25/2016,67,11
6/26/2016,68,8
6/27/2016,68,21
6/28/2016,69,16
6/29/2016,69,15
6/30/2016,71,14
7/1/2016,67,12
7/2/2016,66,7
7/3/2016,65,7
7/4/2016,67,7
7/5/2016,70,12
7/6/2016,74,9
7/7/2016,72,11
7/8/2016,71,13
7/9/2016,71,8
7/10/2016,68,7
7/11/2016,71,14
7/12/2016,71,16
7/13/2016,70,15
7/14/2016,70,13
7/15/2016,69,11
7/16/2016,65,8
7/17/2016,66,6
7/18/2016,70,15
7/19/2016,67,12
7/20/2016,68,15
7/21/2016,69,15
7/22/2016,69,14
7/23/2016,66,7
7/24/2016,67,5
7/25/2016,72,12
7/26/2016,70,14
7/27/2016,67,13
7/28/2016,82,20
7/29/2016,78,21
7/30/2016,71,9
7/31/2016,67,6
8/1/2016,69,12
8/2/2016,69,14
8/3/2016,71,11
8/4/2016,72,12
8/5/2016,74,12
8/6/2016,60,5
8/7/2016,69,6
8/8/2016,71,14
8/9/2016,67,13
8/10/2016,68,11
8/11/2016,67,12
8/12/2016,67,12
8/13/2016,69,6
8/14/2016,63,6
8/15/2016,69,12
8/16/2016,67,11
8/17/2016,67,10
8/18/2016,66,11
8/19/2016,68,10
8/20/2016,69,6
8/21/2016,61,6
8/22/2016,73,11
8/23/2016,70,13
8/24/2016,68,11
8/25/2016,64,12
8/26/2016,68,10
8/27/2016,57,7
8/28/2016,58,6
8/29/2016,68,10
8/30/2016,67,13
8/31/2016,64,11
9/1/2016,72,11
9/1/2016,90,14
9/2/2016,90,15
9/3/2016,75,8
9/4/2016,78,6
9/5/2016,84,10
9/6/2016,95,18
9/7/2016,88,18
9/8/2016,88,20
9/9/2016,89,18
9/10/2016,72,9
9/11/2016,78,9
9/12/2016,83,18
9/13/2016,90,17
9/14/2016,90,17
9/15/2016,91,18
9/16/2016,87,15
9/17/2016,79,8
9/18/2016,75,8
9/19/2016,90,16
9/20/2016,89,18
9/21/2016,100,17
9/22/2016,90,23
9/23/2016,90,20
9/24/2016,80,10
9/25/2016,79,10
9/26/2016,87,15
9/27/2016,95,17
9/28/2016,89,19
9/29/2016,87,20
9/30/2016,88,18
10/1/2016,81,10
10/2/2016,83,9
10/3/2016,92,18
10/4/2016,93,24
10/5/2016,97,25
10/6/2016,92,21
10/7/2016,87,19
10/8/2016,76,8
10/9/2016,81,9
10/10/2016,89,18
10/11/2016,95,21
10/12/2016,91,20
10/13/2016,91,20
10/14/2016,92,17
10/15/2016,78,11
10/16/2016,81,7
10/17/2016,90,16
10/18/2016,95,20
10/19/2016,93,20
10/20/2016,88,18
10/21/2016,93,20
10/22/2016,84,10
10/23/2016,81,9
10/24/2016,97,19
10/25/2016,90,21
10/26/2016,91,21
10/27/2016,100,27
10/28/2016,95,25
10/29/2016,81,11
10/30/2016,80,10
10/31/2016,89,17
11/1/2016,92,20
11/2/2016,92,22
11/3/2016,90,21
11/4/2016,89,19
11/5/2016,80,9
11/6/2016,83,9
11/7/2016,84,21
11/8/2016,87,19
11/9/2016,88,47
11/10/2016,92,29
11/11/2016,85,23
11/12/2016,77,10
11/13/2016,82,11
11/14/2016,95,23
11/15/2016,91,26
11/16/2016,94,23
11/17/2016,88,20
11/18/2016,87,21
11/19/2016,78,8
11/20/2016,79,11
11/21/2016,86,20
11/22/2016,84,21
11/23/2016,83,17
11/24/2016,83,12
11/25/2016,82,15
11/26/2016,74,8
11/27/2016,77,8
11/28/2016,80,21
11/29/2016,93,22
11/30/2016,90,20
12/1/2016,91,21
12/2/2016,85,19
12/3/2016,80,10
12/4/2016,77,10
12/5/2016,85,18
12/6/2016,85,21
12/7/2016,94,21
12/8/2016,88,23
12/9/2016,82,20
12/10/2016,77,10
12/11/2016,73,8
12/12/2016,87,21
12/13/2016,84,23
12/14/2016,90,21
12/15/2016,90,19
12/16/2016,86,19
12/17/2016,79,10
12/18/2016,68,8
12/19/2016,90,17
12/20/2016,81,17
12/21/2016,83,17
12/22/2016,81,17
12/23/2016,77,13
12/24/2016,73,10
12/25/2016,76,8
12/26/2016,78,11
12/27/2016,77,14
12/28/2016,76,15
12/29/2016,76,16
12/30/2016,76,13
12/31/2016,70,8
1/1/2017,70,9
1/2/2017,73,12
1/3/2017,79,17
1/4/2017,78,20
1/5/2017,78,20
1/6/2017,78,20
1/7/2017,75,9
1/8/2017,73,10
1/9/2017,80,20
1/10/2017,88,20
1/11/2017,81,21
1/12/2017,82,20
1/13/2017,80,20
1/14/2017,74,12
1/15/2017,72,11
1/16/2017,76,15
1/17/2017,82,20
1/18/2017,87,22
1/19/2017,80,18
1/20/2017,86,21
1/21/2017,74,9
1/22/2017,71,10
1/23/2017,83,20
1/24/2017,80,23
1/25/2017,87,23
1/26/2017,96,30
1/27/2017,84,25
1/28/2017,74,12
1/29/2017,73,11
1/30/2017,82,21
1/31/2017,87,26
2/1/2017,85,25
2/2/2017,85,24
2/3/2017,84,25
2/4/2017,71,9
2/5/2017,75,11
2/6/2017,77,20
2/7/2017,80,23
2/8/2017,87,25
2/9/2017,76,23
2/10/2017,86,20
2/11/2017,66,12
2/12/2017,70,10
2/13/2017,85,22
2/14/2017,82,23
2/15/2017,81,23
2/16/2017,83,23
2/17/2017,75,21
2/18/2017,73,12
2/19/2017,66,12
2/20/2017,76,16
2/21/2017,80,23
2/22/2017,80,23
2/23/2017,90,21
2/24/2017,78,22
2/25/2017,67,13
2/26/2017,72,12
2/27/2017,78,22
2/28/2017,75,24
3/1/2017,81,27
3/2/2017,75,32
3/3/2017,83,28
3/4/2017,68,14
3/5/2017,70,12
3/6/2017,84,22
3/7/2017,77,27
3/8/2017,86,21
3/9/2017,81,24
3/10/2017,78,21
3/11/2017,59,11
3/12/2017,70,12
3/13/2017,77,21
3/14/2017,80,19
3/15/2017,88,23
3/16/2017,81,22
3/17/2017,78,22
3/18/2017,74,11
3/19/2017,70,9
3/20/2017,80,20
3/21/2017,80,25
3/22/2017,81,22
3/23/2017,81,23
3/24/2017,78,20
3/25/2017,69,12
3/26/2017,69,12
3/27/2017,84,21
3/28/2017,75,24
3/29/2017,77,25
3/30/2017,78,23
3/31/2017,77,22
4/1/2017,72,13
4/2/2017,58,12
4/3/2017,80,21
4/4/2017,75,22
4/5/2017,77,22
4/6/2017,76,22
4/7/2017,77,21
4/8/2017,64,10
4/9/2017,63,10
4/10/2017,74,18
4/11/2017,76,30
4/12/2017,74,25
4/13/2017,75,23
4/14/2017,73,16
4/15/2017,59,10
4/16/2017,62,9
4/17/2017,71,16
4/18/2017,71,18
4/19/2017,75,21
4/20/2017,74,21
4/21/2017,76,20
4/22/2017,62,12
4/23/2017,71,12
4/24/2017,79,20
4/25/2017,80,24
4/26/2017,85,22
4/27/2017,89,31
4/28/2017,91,36
4/29/2017,65,12
4/30/2017,62,13
5/1/2017,78,25
5/1/2017,90,29
5/2/2017,96,30
5/3/2017,93,28
5/4/2017,99,31
5/5/2017,90,28
5/6/2017,74,15
5/7/2017,74,15
5/8/2017,86,25
5/9/2017,100,28
5/10/2017,92,28
5/11/2017,90,29
5/12/2017,89,25
5/13/2017,75,14
5/14/2017,74,12
5/15/2017,89,26
5/16/2017,91,29
5/17/2017,96,31
5/18/2017,91,29
5/19/2017,88,25
5/20/2017,79,13
5/21/2017,78,13
5/22/2017,93,24
5/23/2017,87,23
5/24/2017,91,28
5/25/2017,93,31
5/26/2017,87,26
5/27/2017,62,11
5/28/2017,67,10
5/29/2017,76,13
5/30/2017,83,23
5/31/2017,88,25
6/1/2017,89,26
6/2/2017,87,23
6/3/2017,68,13
6/4/2017,68,11
6/5/2017,87,26
6/6/2017,84,28
6/7/2017,83,24
6/8/2017,84,23
6/9/2017,83,27
6/10/2017,66,12
6/11/2017,69,11
6/12/2017,85,27
6/13/2017,84,26
6/14/2017,84,27
6/15/2017,83,26
6/16/2017,83,29
6/17/2017,71,16
6/18/2017,71,12
6/19/2017,79,27
6/20/2017,82,21
6/21/2017,76,23
6/22/2017,80,25
6/23/2017,80,21
6/24/2017,64,13
6/25/2017,64,13
6/26/2017,80,20
6/27/2017,93,39
6/28/2017,85,30
6/29/2017,82,30
6/30/2017,81,23
7/1/2017,72,12
7/2/2017,67,11
7/3/2017,82,24
7/4/2017,83,29
7/5/2017,80,22
7/6/2017,77,23
7/7/2017,81,23
7/8/2017,67,11
7/9/2017,72,11
7/10/2017,86,20
7/11/2017,83,20
7/12/2017,80,24
7/13/2017,70,23
7/14/2017,71,21
7/15/2017,67,13
7/16/2017,66,11
7/17/2017,82,22
7/18/2017,83,25
7/19/2017,79,25
7/20/2017,74,23
7/21/2017,71,24
7/22/2017,67,10
7/23/2017,70,9
7/24/2017,92,30
7/25/2017,85,36
7/26/2017,80,28
7/27/2017,80,32
7/28/2017,79,29
7/29/2017,69,14
7/30/2017,67,11
7/31/2017,77,21
8/1/2017,74,30
8/2/2017,70,28
8/3/2017,79,27
8/4/2017,79,25
8/5/2017,67,13
8/6/2017,66,10
8/7/2017,75,23
8/8/2017,78,27
8/9/2017,83,23
8/10/2017,74,26
8/11/2017,77,28
8/12/2017,67,13
8/13/2017,62,12
8/14/2017,81,23
8/15/2017,75,24
8/16/2017,74,22
8/17/2017,76,25
8/18/2017,72,21
8/19/2017,62,12
8/20/2017,66,8
8/21/2017,79,21
8/22/2017,78,28
8/23/2017,80,23
8/24/2017,80,23
8/25/2017,76,22
8/26/2017,72,11
8/27/2017,63,12
8/28/2017,83,19
8/29/2017,71,22
8/30/2017,76,25
8/31/2017,80,22
9/1/2017,78,23
9/2/2017,60,15
9/3/2017,62,11
9/4/2017,76,10
9/5/2017,79,23
9/6/2017,80,24
9/7/2017,79,24
9/8/2017,76,23
9/9/2017,67,13
9/10/2017,66,10
9/11/2017,88,24
9/12/2017,80,25
9/13/2017,84,27
9/14/2017,83,28
9/15/2017,81,26
9/16/2017,66,14
9/17/2017,63,10
9/18/2017,82,25
9/19/2017,85,26
9/20/2017,84,26
9/21/2017,84,25
9/22/2017,86,23
9/23/2017,65,12
9/24/2017,68,10
9/25/2017,81,25
9/26/2017,84,24
9/27/2017,90,29
9/28/2017,87,28
9/29/2017,86,26
9/30/2017,66,11
10/1/2017,64,12
10/2/2017,79,23
10/3/2017,83,29
10/4/2017,86,33
10/5/2017,87,36
10/6/2017,85,29
10/7/2017,63,12
10/8/2017,69,12
10/9/2017,79,23
10/10/2017,83,29
10/11/2017,88,28
10/12/2017,86,32
10/13/2017,83,25
10/14/2017,70,14
10/15/2017,68,13
10/16/2017,82,26
10/17/2017,85,30
10/18/2017,83,28
10/19/2017,84,29
10/20/2017,79,29
10/21/2017,66,14
10/22/2017,66,10
10/23/2017,81,24
10/24/2017,85,28
10/25/2017,86,29
10/26/2017,91,37
10/27/2017,93,46
10/28/2017,71,18
10/29/2017,64,15
10/30/2017,80,29
10/31/2017,82,31
11/1/2017,83,28
11/2/2017,82,31
11/3/2017,83,33
11/4/2017,63,17
11/5/2017,71,15
11/6/2017,84,30
11/7/2017,86,32
11/8/2017,83,36
11/9/2017,85,34
11/10/2017,78,27
11/11/2017,69,15
11/12/2017,66,13
11/13/2017,87,31
11/14/2017,84,28
11/15/2017,84,31
11/16/2017,84,30
11/17/2017,85,30
11/18/2017,67,13
11/19/2017,73,15
11/20/2017,83,26
11/21/2017,84,30
11/22/2017,78,24
11/23/2017,75,19
11/24/2017,76,22
11/25/2017,66,13
11/26/2017,72,13
11/27/2017,82,28
11/28/2017,85,35
11/29/2017,85,40
11/30/2017,82,38
12/1/2017,82,33
12/2/2017,66,15
12/3/2017,71,14
12/4/2017,84,34
12/5/2017,87,32
12/6/2017,81,31
12/7/2017,86,33
12/8/2017,82,28
12/9/2017,66,16
12/10/2017,67,12
12/11/2017,85,31
12/12/2017,80,29
12/13/2017,79,29
12/14/2017,77,32
12/15/2017,80,27
12/16/2017,68,17
12/17/2017,67,16
12/18/2017,80,28
12/19/2017,84,30
12/20/2017,81,29
12/21/2017,75,29
12/22/2017,68,26
12/23/2017,64,15
12/24/2017,62,14
12/25/2017,63,12
12/26/2017,66,21
12/27/2017,62,24
12/28/2017,61,24
12/29/2017,65,24
12/30/2017,63,16
12/31/2017,58,11
1/1/2018,60,14
1/1/2018,67,16
1/2/2018,82,33
1/3/2018,79,37
1/4/2018,77,33
1/5/2018,80,34
1/6/2018,67,21
1/7/2018,71,18
1/8/2018,83,28
1/9/2018,92,36
1/10/2018,86,35
1/11/2018,89,37
1/12/2018,90,35
1/13/2018,67,19
1/14/2018,67,16
1/15/2018,82,24
1/16/2018,86,32
1/17/2018,83,33
1/18/2018,89,34
1/19/2018,85,35
1/20/2018,66,18
1/21/2018,67,15
1/22/2018,88,35
1/23/2018,85,38
1/24/2018,82,34
1/25/2018,87,36
1/26/2018,85,37
1/27/2018,70,18
1/28/2018,72,18
1/29/2018,88,37
1/30/2018,92,41
1/31/2018,88,37
2/1/2018,94,47
2/2/2018,100,56
2/3/2018,74,27
2/4/2018,67,17
2/5/2018,87,48
2/6/2018,94,78
2/7/2018,92,51
2/8/2018,90,52
2/9/2018,99,57
2/10/2018,70,22
2/11/2018,75,16
2/12/2018,88,36
2/13/2018,88,37
2/14/2018,90,39
2/15/2018,87,37
2/16/2018,84,34
2/17/2018,69,17
2/18/2018,65,12
2/19/2018,78,22
2/20/2018,88,33
2/21/2018,91,33
2/22/2018,89,34
2/23/2018,86,32
2/24/2018,70,18
2/25/2018,64,10
2/26/2018,87,33
2/27/2018,89,34
2/28/2018,84,33
3/1/2018,87,37
3/2/2018,86,33
3/3/2018,63,16
3/4/2018,67,13
3/5/2018,88,31
3/6/2018,88,31
3/7/2018,86,36
3/8/2018,89,32
3/9/2018,81,36
3/10/2018,67,17
3/11/2018,65,15
3/12/2018,82,31
3/13/2018,86,30
3/14/2018,85,31
3/15/2018,84,32
3/16/2018,80,31
3/17/2018,73,17
3/18/2018,64,13
3/19/2018,86,38
3/20/2018,85,43
3/21/2018,85,38
3/22/2018,89,42
3/23/2018,90,41
3/24/2018,70,19
3/25/2018,60,15
3/26/2018,87,38
3/27/2018,83,39
3/28/2018,88,45
3/29/2018,85,38
3/30/2018,72,22
3/31/2018,63,13
4/1/2018,66,11
4/2/2018,77,37
4/3/2018,86,43
4/4/2018,84,41
4/5/2018,86,35
4/6/2018,87,29
4/7/2018,63,15
4/8/2018,66,12
4/9/2018,90,35
4/10/2018,81,33
4/11/2018,79,30
4/12/2018,84,33
4/13/2018,83,31
4/14/2018,65,14
4/15/2018,64,11
4/16/2018,81,28
4/17/2018,81,34
4/18/2018,85,29
4/19/2018,91,30
4/20/2018,83,27
4/21/2018,63,13
4/22/2018,61,10
4/23/2018,97,37
4/24/2018,92,46
4/25/2018,87,35
4/26/2018,89,34
4/27/2018,87,32
4/28/2018,61,12
4/29/2018,65,10
4/30/2018,78,27
5/1/2018,82,30
5/2/2018,79,29
5/3/2018,86,32
5/4/2018,81,29
5/5/2018,63,14
5/6/2018,69,13
5/7/2018,88,27
5/8/2018,86,31
5/9/2018,87,34
5/10/2018,86,36
5/11/2018,81,31
5/12/2018,56,16
5/13/2018,66,13
5/14/2018,81,28
5/15/2018,82,31
5/16/2018,90,25
5/17/2018,84,31
5/18/2018,77,25
5/19/2018,61,12
5/20/2018,60,11
5/21/2018,76,26
5/22/2018,87,28
5/23/2018,82,26
5/24/2018,79,24
5/25/2018,72,23
5/26/2018,58,11
5/27/2018,59,10
5/28/2018,68,14
5/29/2018,79,25
5/30/2018,81,26
5/31/2018,76,30
6/1/2018,71,28
6/2/2018,61,14
6/3/2018,63,12
6/4/2018,84,26
6/5/2018,79,29
6/6/2018,74,26
6/7/2018,80,27
6/8/2018,70,25
6/9/2018,61,10
6/10/2018,64,11
6/11/2018,82,22
6/12/2018,76,23
6/13/2018,66,25
6/14/2018,66,25
6/15/2018,68,21
6/16/2018,63,11
6/17/2018,62,11
6/18/2018,77,24
6/19/2018,75,29
6/20/2018,74,28
6/21/2018,76,26
6/22/2018,68,23
6/23/2018,64,12
6/24/2018,57,10
6/25/2018,75,23
6/26/2018,72,22
6/27/2018,66,23
6/28/2018,66,23
6/29/2018,69,22
6/30/2018,59,11
7/1/2018,54,9
7/2/2018,64,18
7/3/2018,66,21
7/4/2018,67,16
7/5/2018,67,22
7/6/2018,68,18
7/7/2018,57,11
7/8/2018,54,10
7/9/2018,75,23
7/10/2018,72,20
7/11/2018,63,22
7/12/2018,68,25
7/13/2018,66,24
7/14/2018,57,11
7/15/2018,58,9
7/16/2018,77,25
7/17/2018,70,26
7/18/2018,82,38
7/19/2018,70,28
7/20/2018,72,24
7/21/2018,62,12
7/22/2018,59,11
7/23/2018,86,35
7/24/2018,91,44
7/25/2018,79,34
7/26/2018,76,47
7/27/2018,71,40
7/28/2018,60,17
7/29/2018,61,13
7/30/2018,65,30
7/31/2018,74,30
8/1/2018,70,34
8/2/2018,70,30
8/3/2018,62,31
8/4/2018,61,15
8/5/2018,58,12
8/6/2018,72,24
8/7/2018,73,29
8/8/2018,72,27
8/9/2018,67,27
8/10/2018,67,20
8/11/2018,60,12
8/12/2018,56,11
8/13/2018,68,24
8/14/2018,71,22
8/15/2018,66,25
8/16/2018,68,30
8/17/2018,60,25
8/18/2018,58,11
8/19/2018,57,10
8/20/2018,63,21
8/21/2018,64,25
8/22/2018,64,26
8/23/2018,73,27
8/24/2018,67,23
8/25/2018,60,13
8/26/2018,57,11
8/27/2018,72,27
8/28/2018,79,32
8/29/2018,80,31
8/30/2018,78,30
8/31/2018,76,27
9/1/2018,58,12
9/1/2018,63,13
9/2/2018,60,12
9/3/2018,64,15
9/4/2018,81,32
9/5/2018,84,41
9/6/2018,85,36
9/7/2018,76,32
9/8/2018,60,15
9/9/2018,59,14
9/10/2018,88,29
9/11/2018,84,28
9/12/2018,85,31
9/13/2018,86,35
9/14/2018,82,30
9/15/2018,63,12
9/16/2018,60,11
9/17/2018,83,29
9/18/2018,88,33
9/19/2018,80,31
9/20/2018,82,33
9/21/2018,86,35
9/22/2018,64,12
9/23/2018,63,13
9/24/2018,89,30
9/25/2018,83,31
9/26/2018,86,30
9/27/2018,95,36
9/28/2018,84,31
9/29/2018,66,12
9/30/2018,64,12
10/1/2018,83,32
10/2/2018,85,34
10/3/2018,79,32
10/4/2018,84,35
10/5/2018,81,31
10/6/2018,64,14
10/7/2018,57,10
10/8/2018,83,28
10/9/2018,80,37
10/10/2018,82,41
10/11/2018,90,49
10/12/2018,87,40
10/13/2018,63,15
10/14/2018,62,13
10/15/2018,90,31
10/16/2018,88,38
10/17/2018,88,38
10/18/2018,88,35
10/19/2018,87,29
10/20/2018,62,13
10/21/2018,61,12
10/22/2018,83,30
10/23/2018,86,32
10/24/2018,85,38
10/25/2018,100,54
10/26/2018,88,47
10/27/2018,59,16
10/28/2018,65,14
10/29/2018,84,37
10/30/2018,84,42
10/31/2018,84,34
11/1/2018,81,45
11/2/2018,84,35
11/3/2018,63,16
11/4/2018,59,11
11/5/2018,85,30
11/6/2018,82,26
11/7/2018,75,31
11/8/2018,81,33
11/9/2018,76,33
11/10/2018,60,13
11/11/2018,62,11
11/12/2018,73,30
11/13/2018,84,35
11/14/2018,84,27
11/15/2018,82,29
11/16/2018,74,29
11/17/2018,59,15
11/18/2018,64,12
11/19/2018,83,28
11/20/2018,82,38
11/21/2018,73,32
11/22/2018,67,20
11/23/2018,64,21
11/24/2018,58,13
11/25/2018,66,11
11/26/2018,80,29
11/27/2018,85,31
11/28/2018,79,35
11/29/2018,84,32
11/30/2018,81,31
12/1/2018,58,12
12/2/2018,60,12
12/3/2018,90,33
12/4/2018,79,33
12/5/2018,76,28
12/6/2018,86,35
12/7/2018,76,28
12/8/2018,64,15
12/9/2018,66,14
12/10/2018,80,29
12/11/2018,82,29
12/12/2018,88,32
12/13/2018,85,30
12/14/2018,75,28
12/15/2018,58,12
12/16/2018,55,11
12/17/2018,74,26
12/18/2018,78,29
12/19/2018,73,28
12/20/2018,74,34
12/21/2018,74,32
12/22/2018,57,18
12/23/2018,57,12
12/24/2018,63,30
12/25/2018,55,20
12/26/2018,60,31
12/27/2018,62,30
12/28/2018,61,26
12/29/2018,55,13
12/30/2018,54,8
12/31/2018,59,21
1/1/2019,61,15
1/2/2019,63,26
1/3/2019,71,37
1/4/2019,71,33
1/5/2019,55,16
1/6/2019,56,12
1/7/2019,74,31
1/8/2019,79,29
1/9/2019,86,28
1/10/2019,78,30
1/11/2019,81,30
1/12/2019,60,15
1/13/2019,59,12
1/14/2019,76,22
1/15/2019,78,26
1/16/2019,81,29
1/17/2019,72,26
1/18/2019,71,27
1/19/2019,57,14
1/20/2019,53,13
1/21/2019,68,18
1/22/2019,70,28
1/23/2019,82,27
1/24/2019,83,28
1/25/2019,74,24
1/26/2019,56,11
1/27/2019,57,11
1/28/2019,77,24
1/29/2019,70,27
1/30/2019,77,28
1/31/2019,78,32
2/1/2019,74,32
2/2/2019,59,16
2/3/2019,62,11
2/4/2019,90,41
2/5/2019,92,45
2/6/2019,80,30
2/7/2019,85,33
2/8/2019,83,25
2/9/2019,53,15
2/10/2019,60,11
2/11/2019,75,27
2/12/2019,78,26
2/13/2019,77,30
2/14/2019,79,31
2/15/2019,69,30
2/16/2019,61,10
2/17/2019,55,12
2/18/2019,68,18
2/19/2019,76,29
2/20/2019,78,25
2/21/2019,81,28
2/22/2019,74,29
2/23/2019,59,12
2/24/2019,55,10
2/25/2019,76,29
2/26/2019,77,26
2/27/2019,76,31
2/28/2019,76,28
3/1/2019,74,28
3/2/2019,61,10
3/3/2019,54,11
3/4/2019,80,25
3/5/2019,85,30
3/6/2019,75,31
3/7/2019,81,30
3/8/2019,73,26
3/9/2019,51,13
3/10/2019,52,11
3/11/2019,74,26
3/12/2019,78,26
3/13/2019,76,29
3/14/2019,75,27
3/15/2019,68,28
3/16/2019,54,11
3/17/2019,49,11
3/18/2019,81,31
3/19/2019,82,32
3/20/2019,86,38
3/21/2019,87,34
3/22/2019,75,26
3/23/2019,56,15
3/24/2019,54,11
3/25/2019,73,29
3/26/2019,83,31
3/27/2019,73,28
3/28/2019,80,27
3/29/2019,72,31
3/30/2019,55,14
3/31/2019,54,12
4/1/2019,78,31
4/2/2019,75,31
4/3/2019,71,28
4/4/2019,78,28
4/5/2019,70,24
4/6/2019,57,13
4/7/2019,52,10
4/8/2019,77,26
4/9/2019,77,29
4/10/2019,77,31
4/11/2019,79,26
4/12/2019,69,32
4/13/2019,54,11
4/14/2019,55,13
4/15/2019,72,23
4/16/2019,69,28
4/17/2019,72,31
4/18/2019,70,27
4/19/2019,58,20
4/20/2019,53,12
4/21/2019,50,9
4/22/2019,64,25
4/23/2019,79,31
4/24/2019,73,33
4/25/2019,73,34
4/26/2019,67,30
4/27/2019,50,13
4/28/2019,56,13
4/29/2019,86,47
4/30/2019,91,66
5/1/2019,82,51
5/1/2019,91,57
5/2/2019,89,42
5/3/2019,80,43
5/4/2019,62,19
5/5/2019,55,14
5/6/2019,78,37
5/7/2019,79,35
5/8/2019,78,35
5/9/2019,78,39
5/10/2019,78,42
5/11/2019,58,15
5/12/2019,58,14
5/13/2019,89,43
5/14/2019,79,44
5/15/2019,81,39
5/16/2019,76,34
5/17/2019,75,32
5/18/2019,61,15
5/19/2019,63,12
5/20/2019,87,41
5/21/2019,86,41
5/22/2019,90,34
5/23/2019,78,35
5/24/2019,78,28
5/25/2019,62,17
5/26/2019,71,14
5/27/2019,77,16
5/28/2019,90,27
5/29/2019,91,30
5/30/2019,80,29
5/31/2019,83,32
6/1/2019,69,14
6/2/2019,66,14
6/3/2019,100,45
6/4/2019,95,45
6/5/2019,91,34
6/6/2019,75,34
6/7/2019,78,35
6/8/2019,69,16
6/9/2019,66,14
6/10/2019,76,30
6/11/2019,70,32
6/12/2019,71,32
6/13/2019,69,27
6/14/2019,71,25
6/15/2019,54,13
6/16/2019,64,11
6/17/2019,73,28
6/18/2019,72,30
6/19/2019,71,31
6/20/2019,78,34
6/21/2019,71,28
6/22/2019,63,11
6/23/2019,62,15
6/24/2019,73,27
6/25/2019,74,30
6/26/2019,74,30
6/27/2019,69,25
6/28/2019,72,26
6/29/2019,59,13
6/30/2019,56,11
7/1/2019,68,26
7/2/2019,68,26
7/3/2019,74,26
7/4/2019,65,16
7/5/2019,71,22
7/6/2019,54,14
7/7/2019,56,14
7/8/2019,64,25
7/9/2019,65,28
7/10/2019,69,30
7/11/2019,67,28
7/12/2019,70,30
7/13/2019,57,14
7/14/2019,60,12
7/15/2019,75,29
7/16/2019,67,26
7/17/2019,69,27
7/18/2019,68,25
7/19/2019,65,26
7/20/2019,61,11
7/21/2019,55,10
7/22/2019,68,23
7/23/2019,65,23
7/24/2019,61,29
7/25/2019,73,43
7/26/2019,75,53
7/27/2019,59,19
7/28/2019,54,17
7/29/2019,71,29
7/30/2019,67,30
7/31/2019,69,31
8/1/2019,68,29
8/2/2019,62,27
8/3/2019,59,14
8/4/2019,54,10
8/5/2019,70,30
8/6/2019,66,34
8/7/2019,62,28
8/8/2019,62,32
8/9/2019,65,27
8/10/2019,52,10
8/11/2019,55,10
8/12/2019,63,30
8/13/2019,67,31
8/14/2019,66,33
8/15/2019,64,39
8/16/2019,68,34
8/17/2019,52,16
8/18/2019,56,12
8/19/2019,66,30
8/20/2019,74,30
8/21/2019,75,25
8/22/2019,69,29
8/23/2019,67,27
8/24/2019,56,14
8/25/2019,59,12
8/26/2019,73,28
8/27/2019,73,26
8/28/2019,70,29
8/29/2019,74,29
8/30/2019,70,27
8/31/2019,55,11
9/1/2019,52,10
9/2/2019,67,14
9/3/2019,66,27
9/4/2019,71,26
9/5/2019,70,28
9/6/2019,69,29
9/7/2019,55,14
9/8/2019,52,12
9/9/2019,75,34
9/10/2019,74,36
9/11/2019,73,31
9/12/2019,82,32
9/13/2019,75,32
9/14/2019,57,14
9/15/2019,54,13
9/16/2019,82,28
9/17/2019,85,33
9/18/2019,74,31
9/19/2019,71,30
9/20/2019,77,29
9/21/2019,55,11
9/22/2019,59,11
9/23/2019,82,27
9/24/2019,80,31
9/25/2019,75,31
9/26/2019,74,31
9/27/2019,87,33
9/28/2019,55,14
9/29/2019,56,13
9/30/2019,74,27
10/1/2019,73,31
10/2/2019,79,33
10/3/2019,75,34
10/4/2019,75,29
10/5/2019,59,14
10/6/2019,53,12
10/7/2019,73,29
10/8/2019,73,28
10/9/2019,67,27
10/10/2019,74,30
10/11/2019,74,31
10/12/2019,54,10
10/13/2019,55,13
10/14/2019,71,23
10/15/2019,71,32
10/16/2019,75,29
10/17/2019,81,30
10/18/2019,71,31
10/19/2019,55,15
10/20/2019,56,11
10/21/2019,70,30
10/22/2019,71,32
10/23/2019,75,36
10/24/2019,72,38
10/25/2019,73,36
10/26/2019,55,16
10/27/2019,56,13
10/28/2019,90,51
10/29/2019,89,51
10/30/2019,75,39
10/31/2019,71,35
11/1/2019,65,37
11/2/2019,50,16
11/3/2019,54,16
11/4/2019,70,36
11/5/2019,72,35
11/6/2019,72,39
11/7/2019,72,42
11/8/2019,69,34
11/9/2019,54,16
11/10/2019,54,13
11/11/2019,68,30
11/12/2019,82,33
11/13/2019,79,33
11/14/2019,75,32
11/15/2019,72,34
11/16/2019,55,17
11/17/2019,51,15
11/18/2019,71,32
11/19/2019,74,36
11/20/2019,73,32
11/21/2019,72,32
11/22/2019,72,32
11/23/2019,50,14
11/24/2019,50,17
11/25/2019,71,32
11/26/2019,70,33
11/27/2019,62,26
11/28/2019,57,20
11/29/2019,60,22
11/30/2019,50,15
12/1/2019,53,13
12/2/2019,71,29
12/3/2019,70,38
12/4/2019,81,40
12/5/2019,67,36
12/6/2019,73,35
12/7/2019,49,17
12/8/2019,53,14
12/9/2019,70,25
12/10/2019,72,32
12/11/2019,70,32
12/12/2019,69,31
12/13/2019,72,29
12/14/2019,54,12
12/15/2019,57,12
12/16/2019,65,34
12/17/2019,67,31
12/18/2019,68,33
12/19/2019,68,34
12/20/2019,63,27
12/21/2019,53,14
12/22/2019,51,12
12/23/2019,56,25
12/24/2019,50,26
12/25/2019,52,16
12/26/2019,63,26
12/27/2019,57,28
12/28/2019,50,18
12/29/2019,49,14
12/30/2019,54,28
12/31/2019,59,29
1/1/2020,49,15
1/1/2020,33,10
1/2/2020,39,22
1/3/2020,38,21
1/4/2020,36,11
1/5/2020,33,10
1/6/2020,41,22
1/7/2020,50,24
1/8/2020,49,30
1/9/2020,49,29
1/10/2020,47,23
1/11/2020,35,13
1/12/2020,36,8
1/13/2020,51,25
1/14/2020,46,24
1/15/2020,53,25
1/16/2020,55,28
1/17/2020,48,29
1/18/2020,34,12
1/19/2020,36,10
1/20/2020,45,16
1/21/2020,45,25
1/22/2020,53,26
1/23/2020,49,26
1/24/2020,47,25
1/25/2020,35,11
1/26/2020,35,10
1/27/2020,51,25
1/28/2020,54,29
1/29/2020,51,28
1/30/2020,47,30
1/31/2020,48,35
2/1/2020,34,14
2/2/2020,38,13
2/3/2020,59,41
2/4/2020,56,46
2/5/2020,54,38
2/6/2020,49,36
2/7/2020,49,32
2/8/2020,34,15
2/9/2020,35,14
2/10/2020,50,29
2/11/2020,53,35
2/12/2020,52,30
2/13/2020,49,31
2/14/2020,46,32
2/15/2020,33,15
2/16/2020,40,13
2/17/2020,41,19
2/18/2020,45,31
2/19/2020,52,30
2/20/2020,45,28
2/21/2020,46,29
2/22/2020,36,15
2/23/2020,34,10
2/24/2020,47,36
2/25/2020,50,40
2/26/2020,52,38
2/27/2020,49,46
2/28/2020,48,64
2/29/2020,36,26
3/1/2020,36,18
3/2/2020,55,44
3/3/2020,53,43
3/4/2020,51,36
3/5/2020,51,38
3/6/2020,48,43
3/7/2020,34,16
3/8/2020,35,19
3/9/2020,52,77
3/10/2020,51,63
3/11/2020,51,55
3/12/2020,50,94
3/13/2020,46,90
3/14/2020,37,35
3/15/2020,36,30
3/16/2020,50,86
3/17/2020,53,74
3/18/2020,54,79
3/19/2020,52,74
3/20/2020,54,60
3/21/2020,38,40
3/22/2020,39,32
3/23/2020,56,67
3/24/2020,60,63
3/25/2020,54,58
3/26/2020,56,53
3/27/2020,50,46
3/28/2020,39,26
3/29/2020,39,23
3/30/2020,55,48
3/31/2020,54,47
4/1/2020,53,47
4/2/2020,55,43
4/3/2020,49,38
4/4/2020,38,26
4/5/2020,36,20
4/6/2020,51,42
4/7/2020,52,40
4/8/2020,54,40
4/9/2020,49,40
4/10/2020,42,31
4/11/2020,33,18
4/12/2020,35,17
4/13/2020,44,40
4/14/2020,55,43
4/15/2020,56,44
4/16/2020,53,40
4/17/2020,53,47
4/18/2020,36,21
4/19/2020,39,20
4/20/2020,51,41
4/21/2020,57,40
4/22/2020,51,40
4/23/2020,52,39
4/24/2020,49,39
4/25/2020,36,22
4/26/2020,34,20
4/27/2020,53,60
4/28/2020,59,80
4/29/2020,61,100
4/30/2020,52,87
5/1/2020,44,71
5/2/2020,37,25
5/3/2020,36,19
5/4/2020,52,43
5/5/2020,46,61
5/6/2020,50,68
5/7/2020,47,66
5/8/2020,44,65
5/9/2020,36,24
5/10/2020,36,20
5/11/2020,49,35
5/12/2020,49,35
5/13/2020,47,35
5/14/2020,49,36
5/15/2020,43,34
5/16/2020,33,19
5/17/2020,33,17
5/18/2020,50,35
5/19/2020,47,38
5/20/2020,48,38
5/21/2020,43,36
5/22/2020,42,31
5/23/2020,33,17
5/24/2020,34,16
5/25/2020,42,18
5/26/2020,45,35
5/27/2020,50,34
5/28/2020,50,33
5/29/2020,46,32
5/30/2020,38,15
5/31/2020,33,13
6/1/2020,40,29
6/2/2020,42,32
6/3/2020,43,33
6/4/2020,39,32
6/5/2020,39,39
6/6/2020,35,21
6/7/2020,31,16
6/8/2020,40,37
6/9/2020,45,40
6/10/2020,44,39
6/11/2020,42,44
6/12/2020,41,35
6/13/2020,31,16
6/14/2020,34,13
6/15/2020,40,31
6/16/2020,41,31
6/17/2020,41,31
6/18/2020,42,32
6/19/2020,42,30
6/20/2020,32,18
6/21/2020,30,13
6/22/2020,38,30
6/23/2020,42,32
6/24/2020,39,31
6/25/2020,38,30
6/26/2020,41,31
6/27/2020,32,18
6/28/2020,30,15
6/29/2020,43,32
6/30/2020,41,31
7/1/2020,39,28
7/2/2020,40,32
7/3/2020,36,22
7/4/2020,29,14
7/5/2020,34,13
7/6/2020,39,32
7/7/2020,40,35
7/8/2020,40,33
7/9/2020,38,32
7/10/2020,38,34
7/11/2020,29,18
7/12/2020,34,15
7/13/2020,40,34
7/14/2020,40,35
7/15/2020,39,34
7/16/2020,41,33
7/17/2020,38,28
7/18/2020,31,17
7/19/2020,34,14
7/20/2020,45,30
7/21/2020,43,33
7/22/2020,42,31
7/23/2020,39,34
7/24/2020,41,33
7/25/2020,33,16
7/26/2020,30,13
7/27/2020,42,29
7/28/2020,41,31
7/29/2020,39,37
7/30/2020,47,53
7/31/2020,47,49
8/1/2020,34,19
8/2/2020,33,15
8/3/2020,46,37
8/4/2020,45,34
8/5/2020,43,34
8/6/2020,42,39
8/7/2020,41,30
8/8/2020,32,16
8/9/2020,36,12
8/10/2020,42,33
8/11/2020,46,31
8/12/2020,42,35
8/13/2020,41,32
8/14/2020,42,29
8/15/2020,31,15
8/16/2020,34,15
8/17/2020,44,27
8/18/2020,43,34
8/19/2020,46,33
8/20/2020,46,35
8/21/2020,44,35
8/22/2020,34,19
8/23/2020,34,14
8/24/2020,52,35
8/25/2020,51,31
8/26/2020,50,37
8/27/2020,51,37
8/28/2020,45,32
8/29/2020,33,18
8/30/2020,36,14
8/31/2020,50,38
9/1/2020,50,39
9/1/2020,70,55
9/2/2020,73,56
9/3/2020,71,58
9/4/2020,66,60
9/5/2020,44,22
9/6/2020,45,19
9/7/2020,54,23
9/8/2020,77,53
9/9/2020,73,50
9/10/2020,74,49
9/11/2020,71,45
9/12/2020,48,21
9/13/2020,47,18
9/14/2020,75,45
9/15/2020,75,50
9/16/2020,70,47
9/17/2020,72,43
9/18/2020,72,45
9/19/2020,44,24
9/20/2020,44,21
9/21/2020,71,49
9/22/2020,71,47
9/23/2020,73,60
9/24/2020,73,48
9/25/2020,65,38
9/26/2020,47,20
9/27/2020,52,30
9/28/2020,63,40
9/29/2020,62,40
9/30/2020,65,39
10/1/2020,64,39
10/2/2020,62,40
10/3/2020,44,19
10/4/2020,42,14
10/5/2020,64,36
10/6/2020,57,38
10/7/2020,61,38
10/8/2020,64,41
10/9/2020,52,32
10/10/2020,44,17
10/11/2020,42,17
10/12/2020,59,38
10/13/2020,59,41
10/14/2020,60,35
10/15/2020,58,34
10/16/2020,56,35
10/17/2020,47,18
10/18/2020,44,16
10/19/2020,60,33
10/20/2020,63,51
10/21/2020,61,50
10/22/2020,59,34
10/23/2020,60,34
10/24/2020,43,17
10/25/2020,43,15
10/26/2020,55,34
10/27/2020,57,37
10/28/2020,56,41
10/29/2020,63,56
10/30/2020,65,60
10/31/2020,44,24
11/1/2020,43,17
11/2/2020,58,41
11/3/2020,54,37
11/4/2020,55,39
11/5/2020,52,39
11/6/2020,49,37
11/7/2020,44,22
11/8/2020,39,16
11/9/2020,58,51
11/10/2020,56,46
11/11/2020,55,42
11/12/2020,56,39
11/13/2020,53,41
11/14/2020,45,23
11/15/2020,44,15
11/16/2020,57,44
11/17/2020,57,42
11/18/2020,53,41
11/19/2020,60,40
11/20/2020,54,41
11/21/2020,43,24
11/22/2020,48,18
11/23/2020,56,42
11/24/2020,57,45
11/25/2020,55,43
11/26/2020,49,30
11/27/2020,46,34
11/28/2020,41,20
11/29/2020,43,20
11/30/2020,58,36
12/1/2020,54,45
12/2/2020,58,42
12/3/2020,57,42
12/4/2020,55,38
12/5/2020,45,25
12/6/2020,42,20
12/7/2020,54,41
12/8/2020,55,45
12/9/2020,59,43
12/10/2020,59,51
12/11/2020,53,38
12/12/2020,46,25
12/13/2020,40,20
12/14/2020,66,54
12/15/2020,60,41
12/16/2020,57,39
12/17/2020,52,40
12/18/2020,52,40
12/19/2020,42,25
12/20/2020,44,17
12/21/2020,52,40
12/22/2020,51,44
12/23/2020,44,39
12/24/2020,43,36
12/25/2020,39,20
12/26/2020,44,19
12/27/2020,40,20
12/28/2020,45,37
12/29/2020,46,41
12/30/2020,48,40
12/31/2020,46,39
1/1/2021,41,19
1/2/2021,40,23
1/3/2021,40,19
1/4/2021,54,40
1/5/2021,52,44
1/6/2021,52,46
1/7/2021,52,50
1/8/2021,52,50
1/9/2021,40,33
1/10/2021,39,31
1/11/2021,59,51
1/12/2021,57,58
1/13/2021,53,52
1/14/2021,55,59
1/15/2021,50,51
1/16/2021,41,28
1/17/2021,38,21
1/18/2021,54,28
1/19/2021,56,49
1/20/2021,57,50
1/21/2021,56,49
1/22/2021,55,49
1/23/2021,42,30
1/24/2021,41,21
1/25/2021,57,52
1/26/2021,55,58
1/27/2021,56,80
1/28/2021,55,95
1/29/2021,51,91
1/30/2021,41,43
1/31/2021,42,36
2/1/2021,59,75
2/2/2021,63,93
2/3/2021,77,100
2/4/2021,62,81
2/5/2021,54,62
2/6/2021,41,31
2/7/2021,44,25
2/8/2021,58,53
2/9/2021,53,54
2/10/2021,58,59
2/11/2021,52,56
2/12/2021,49,50
2/13/2021,43,30
2/14/2021,40,21
2/15/2021,51,33
2/16/2021,51,49
2/17/2021,53,49
2/18/2021,55,48
2/19/2021,50,47
2/20/2021,41,25
2/21/2021,39,21
2/22/2021,58,49
2/23/2021,55,60
2/24/2021,52,50
2/25/2021,52,55
2/26/2021,50,53
2/27/2021,42,26
2/28/2021,41,21
3/1/2021,58,43
3/2/2021,55,45
3/3/2021,54,50
3/4/2021,54,48
3/5/2021,50,48
3/6/2021,39,25
3/7/2021,39,21
3/8/2021,54,49
3/9/2021,58,52
3/10/2021,51,52
3/11/2021,53,47
3/12/2021,52,48
3/13/2021,39,25
3/14/2021,40,22
3/15/2021,49,42
3/16/2021,45,39
3/17/2021,51,42
3/18/2021,48,42
3/19/2021,50,41
3/20/2021,40,19
3/21/2021,41,19
3/22/2021,54,38
3/23/2021,55,43
3/24/2021,54,41
3/25/2021,51,41
3/26/2021,49,38
3/27/2021,40,18
3/28/2021,42,16
3/29/2021,54,36
3/30/2021,50,40
3/31/2021,51,38
4/1/2021,50,43
4/2/2021,43,28
4/3/2021,38,20
4/4/2021,38,16
4/5/2021,50,43
4/6/2021,52,40
4/7/2021,51,39
4/8/2021,53,36
4/9/2021,50,36
4/10/2021,35,19
4/11/2021,42,17
4/12/2021,54,36
4/13/2021,51,41
4/14/2021,55,48
4/15/2021,51,39
4/16/2021,54,41
4/17/2021,38,24
4/18/2021,38,17
4/19/2021,54,42
4/20/2021,56,37
4/21/2021,52,38
4/22/2021,51,38
4/23/2021,53,38
4/24/2021,41,19
4/25/2021,39,16
4/26/2021,56,39
4/27/2021,62,56
4/28/2021,64,63
4/29/2021,53,49
4/30/2021,58,41
5/1/2021,40,21
5/1/2021,62,32
5/2/2021,58,28
5/3/2021,76,63
5/4/2021,84,67
5/5/2021,82,64
5/6/2021,85,66
5/7/2021,80,61
5/8/2021,64,32
5/9/2021,59,27
5/10/2021,80,60
5/11/2021,76,64
5/12/2021,80,63
5/13/2021,78,68
5/14/2021,81,61
5/15/2021,63,30
5/16/2021,62,27
5/17/2021,89,55
5/18/2021,80,51
5/19/2021,85,62
5/20/2021,89,56
5/21/2021,82,58
5/22/2021,57,26
5/23/2021,62,22
5/24/2021,85,55
5/25/2021,86,54
5/26/2021,88,53
5/27/2021,80,61
5/28/2021,76,60
5/29/2021,61,30
5/30/2021,64,27
5/31/2021,75,33
6/1/2021,86,62
6/2/2021,76,66
6/3/2021,72,67
6/4/2021,72,60
6/5/2021,64,30
6/6/2021,59,24
6/7/2021,73,57
6/8/2021,79,61
6/9/2021,77,58
6/10/2021,79,55
6/11/2021,76,53
6/12/2021,60,30
6/13/2021,58,22
6/14/2021,82,55
6/15/2021,74,64
6/16/2021,75,53
6/17/2021,73,57
6/18/2021,70,53
6/19/2021,63,22
6/20/2021,62,21
6/21/2021,78,51
6/22/2021,86,58
6/23/2021,70,51
6/24/2021,77,58
6/25/2021,78,51
6/26/2021,59,29
6/27/2021,63,25
6/28/2021,75,54
6/29/2021,76,53
6/30/2021,79,49
7/1/2021,74,50
7/2/2021,76,49
7/3/2021,52,29
7/4/2021,62,24
7/5/2021,74,36
7/6/2021,74,53
7/7/2021,76,55
7/8/2021,84,56
7/9/2021,78,54
7/10/2021,67,23
7/11/2021,58,26
7/12/2021,80,50
7/13/2021,79,55
7/14/2021,71,54
7/15/2021,79,56
7/16/2021,76,49
7/17/2021,63,23
7/18/2021,57,22
7/19/2021,69,55
7/20/2021,71,55
7/21/2021,73,55
7/22/2021,72,49
7/23/2021,84,65
7/24/2021,62,32
7/25/2021,56,23
7/26/2021,81,59
7/27/2021,92,83
7/28/2021,97,92
7/29/2021,86,66
7/30/2021,75,57
7/31/2021,57,22
8/1/2021,58,20
8/2/2021,82,52
8/3/2021,81,52
8/4/2021,77,56
8/5/2021,75,53
8/6/2021,68,54
8/7/2021,57,22
8/8/2021,55,24
8/9/2021,74,49
8/10/2021,79,51
8/11/2021,79,55
8/12/2021,73,53
8/13/2021,72,47
8/14/2021,61,28
8/15/2021,58,21
8/16/2021,80,49
8/17/2021,75,53
8/18/2021,77,52
8/19/2021,77,55
8/20/2021,77,48
8/21/2021,60,24
8/22/2021,62,19
8/23/2021,82,55
8/24/2021,90,70
8/25/2021,79,51
8/26/2021,86,54
8/27/2021,81,53
8/28/2021,62,29
8/29/2021,58,20
8/30/2021,86,58
8/31/2021,86,60
9/1/2021,81,57
9/2/2021,79,59
9/3/2021,79,52
9/4/2021,57,22
9/5/2021,62,18
9/6/2021,72,29
9/7/2021,80,54
9/8/2021,81,53
9/9/2021,84,49
9/10/2021,83,52
9/11/2021,68,21
9/12/2021,57,19
9/13/2021,88,52
9/14/2021,77,48
9/15/2021,84,54
9/16/2021,77,47
9/17/2021,85,47
9/18/2021,62,25
9/19/2021,64,17
9/20/2021,86,70
9/21/2021,85,60
9/22/2021,83,55
9/23/2021,77,47
9/24/2021,79,45
9/25/2021,56,22
9/26/2021,69,22
9/27/2021,93,88
9/28/2021,87,62
9/29/2021,91,54
9/30/2021,86,57
10/1/2021,76,50
10/2/2021,57,24
10/3/2021,59,17
10/4/2021,91,74
10/5/2021,92,62
10/6/2021,79,55
10/7/2021,90,55
10/8/2021,79,50
10/9/2021,66,22
10/10/2021,64,20
10/11/2021,82,47
10/12/2021,89,57
10/13/2021,84,52
10/14/2021,89,53
10/15/2021,86,50
10/16/2021,67,24
10/17/2021,60,23
10/18/2021,84,52
10/19/2021,89,63
10/20/2021,91,57
10/21/2021,85,60
10/22/2021,91,67
10/23/2021,64,29
10/24/2021,63,19
10/25/2021,88,63
10/26/2021,97,93
10/27/2021,100,82
10/28/2021,92,86
10/29/2021,84,70
10/30/2021,68,30
10/31/2021,63,26
11/1/2021,90,59
11/2/2021,85,67
11/3/2021,88,62
11/4/2021,91,71
11/5/2021,86,71
11/6/2021,60,32
11/7/2021,60,26
11/8/2021,90,67
11/9/2021,87,71
11/10/2021,87,77
11/11/2021,82,68
11/12/2021,85,58
11/13/2021,67,35
11/14/2021,68,25
11/15/2021,85,65
11/16/2021,85,60
11/17/2021,91,64
11/18/2021,82,68
11/19/2021,87,68
11/20/2021,63,30
11/21/2021,61,23
11/22/2021,86,64
11/23/2021,89,60
11/24/2021,87,57
11/25/2021,74,33
11/26/2021,86,59
11/27/2021,70,27
11/28/2021,67,26
11/29/2021,86,67
11/30/2021,85,63
12/1/2021,89,63
12/2/2021,90,62
12/3/2021,77,61
12/4/2021,62,29
12/5/2021,60,22
12/6/2021,82,64
12/7/2021,89,67
12/8/2021,83,68
12/9/2021,90,61
12/10/2021,91,56
12/11/2021,67,29
12/12/2021,67,20
12/13/2021,83,56
12/14/2021,82,60
12/15/2021,86,59
12/16/2021,83,52
12/17/2021,73,52
12/18/2021,67,33
12/19/2021,59,19
12/20/2021,85,51
12/21/2021,80,54
12/22/2021,78,58
12/23/2021,72,55
12/24/2021,60,33
12/25/2021,58,23
12/26/2021,63,21
12/27/2021,72,51
12/28/2021,71,53
12/29/2021,73,52
12/30/2021,74,51
12/31/2021,63,51
1/1/2022,65,32
1/1/2022,13,7
1/2/2022,15,6
1/3/2022,17,13
1/4/2022,23,19
1/5/2022,14,12
1/6/2022,15,13
1/7/2022,16,14
1/8/2022,14,7
1/9/2022,14,7
1/10/2022,18,15
1/11/2022,17,15
1/12/2022,17,12
1/13/2022,14,11
1/14/2022,14,11
1/15/2022,13,7
1/16/2022,12,5
1/17/2022,14,8
1/18/2022,16,14
1/19/2022,16,13
1/20/2022,17,14
1/21/2022,16,15
1/22/2022,15,10
1/23/2022,13,8
1/24/2022,16,20
1/25/2022,16,16
1/26/2022,16,15
1/27/2022,17,15
1/28/2022,18,16
1/29/2022,13,7
1/30/2022,14,7
1/31/2022,19,15
2/1/2022,25,31
2/2/2022,33,100
2/3/2022,28,58
2/4/2022,22,33
2/5/2022,15,15
2/6/2022,14,11
2/7/2022,22,26
2/8/2022,22,26
2/9/2022,20,23
2/10/2022,16,18
2/11/2022,20,19
2/12/2022,15,10
2/13/2022,14,8
2/14/2022,17,20
2/15/2022,18,19
2/16/2022,19,18
2/17/2022,18,19
2/18/2022,16,21
2/19/2022,13,10
2/20/2022,12,8
2/21/2022,15,13
2/22/2022,19,21
2/23/2022,17,20
2/24/2022,21,30
2/25/2022,16,22
2/26/2022,14,10
2/27/2022,13,9
2/28/2022,19,21
3/1/2022,16,17
3/2/2022,19,17
3/3/2022,18,17
3/4/2022,17,17
3/5/2022,14,8
3/6/2022,14,8
3/7/2022,20,20
3/8/2022,16,21
3/9/2022,18,20
3/10/2022,17,25
3/11/2022,17,20
3/12/2022,13,11
3/13/2022,13,8
3/14/2022,19,20
3/15/2022,19,19
3/16/2022,18,20
3/17/2022,17,20
3/18/2022,16,18
3/19/2022,14,10
3/20/2022,14,8
3/21/2022,18,17
3/22/2022,17,17
3/23/2022,17,16
3/24/2022,17,16
3/25/2022,19,18
3/26/2022,12,9
3/27/2022,12,7
3/28/2022,19,20
3/29/2022,18,21
3/30/2022,18,19
3/31/2022,18,18
4/1/2022,16,18
4/2/2022,12,8
4/3/2022,12,7
4/4/2022,19,19
4/5/2022,18,19
4/6/2022,19,18
4/7/2022,19,18
4/8/2022,17,16
4/9/2022,12,8
4/10/2022,12,7
4/11/2022,18,17
4/12/2022,20,17
4/13/2022,17,17
4/14/2022,18,19
4/15/2022,15,12
4/16/2022,12,7
4/17/2022,12,6
4/18/2022,16,16
4/19/2022,19,19
4/20/2022,18,20
4/21/2022,19,21
4/22/2022,20,23
4/23/2022,13,11
4/24/2022,13,9
4/25/2022,22,24
4/26/2022,27,37
4/27/2022,24,37
4/28/2022,21,27
4/29/2022,19,25
4/30/2022,12,13
5/1/2022,13,8
5/2/2022,20,23
5/3/2022,20,21
5/4/2022,19,21
5/5/2022,20,22
5/6/2022,21,22
5/7/2022,13,10
5/8/2022,12,8
5/9/2022,22,24
5/10/2022,20,24
5/11/2022,19,27
5/12/2022,20,27
5/13/2022,18,22
5/14/2022,13,9
5/15/2022,13,8
5/16/2022,19,18
5/17/2022,20,20
5/18/2022,20,21
5/19/2022,21,21
5/20/2022,18,21
5/21/2022,14,9
5/22/2022,13,7
5/23/2022,19,17
5/24/2022,22,24
5/25/2022,18,20
5/26/2022,18,19
5/27/2022,16,18
5/28/2022,13,9
5/29/2022,12,6
5/30/2022,17,10
5/31/2022,18,18
6/1/2022,18,20
6/2/2022,17,19
6/3/2022,17,17
6/4/2022,12,8
6/5/2022,12,8
6/6/2022,17,25
6/7/2022,16,21
6/8/2022,17,18
6/9/2022,17,17
6/10/2022,17,19
6/11/2022,12,10
6/12/2022,13,7
6/13/2022,18,24
6/14/2022,17,21
6/15/2022,17,21
6/16/2022,17,22
6/17/2022,17,17
6/18/2022,11,8
6/19/2022,11,7
6/20/2022,16,11
6/21/2022,16,18
6/22/2022,16,16
6/23/2022,16,16
6/24/2022,16,17
6/25/2022,12,8
6/26/2022,12,7
6/27/2022,17,17
6/28/2022,16,16
6/29/2022,16,14
6/30/2022,14,17
7/1/2022,17,15
7/2/2022,12,7
7/3/2022,12,6
7/4/2022,14,8
7/5/2022,15,17
7/6/2022,16,17
7/7/2022,17,17
7/8/2022,14,16
7/9/2022,11,8
7/10/2022,11,7
7/11/2022,17,17
7/12/2022,14,18
7/13/2022,17,22
7/14/2022,16,21
7/15/2022,15,30
7/16/2022,13,12
7/17/2022,13,12
7/18/2022,21,38
7/19/2022,18,30
7/20/2022,17,26
7/21/2022,17,25
7/22/2022,18,25
7/23/2022,13,11
7/24/2022,13,9
7/25/2022,21,22
7/26/2022,23,33
7/27/2022,22,32
7/28/2022,19,28
7/29/2022,17,23
7/30/2022,12,8
7/31/2022,11,7
8/1/2022,17,19
8/2/2022,16,19
8/3/2022,16,19
8/4/2022,16,18
8/5/2022,15,18
8/6/2022,11,8
8/7/2022,11,7
8/8/2022,17,19
8/9/2022,15,18
8/10/2022,15,20
8/11/2022,17,18
8/12/2022,16,18
8/13/2022,11,8
8/14/2022,12,6
8/15/2022,16,18
8/16/2022,17,25
8/17/2022,16,17
8/18/2022,15,16
8/19/2022,16,16
8/20/2022,12,7
8/21/2022,13,6
8/22/2022,17,17
8/23/2022,17,17
8/24/2022,17,16
8/25/2022,15,16
8/26/2022,16,17
8/27/2022,11,7
8/28/2022,10,6
8/29/2022,16,16
8/30/2022,17,17
8/31/2022,16,16
9/1/2022,18,16
9/1/2022,36,33
9/2/2022,32,31
9/3/2022,22,12
9/4/2022,22,10
9/5/2022,30,14
9/6/2022,34,28
9/7/2022,33,32
9/8/2022,34,30
9/9/2022,33,30
9/10/2022,23,12
9/11/2022,23,11
9/12/2022,36,33
9/13/2022,40,36
9/14/2022,36,37
9/15/2022,38,36
9/16/2022,34,37
9/17/2022,24,14
9/18/2022,24,13
9/19/2022,36,34
9/20/2022,35,33
9/21/2022,40,40
9/22/2022,37,37
9/23/2022,36,36
9/24/2022,23,16
9/25/2022,24,12
9/26/2022,38,34
9/27/2022,36,33
9/28/2022,35,33
9/29/2022,33,33
9/30/2022,35,34
10/1/2022,23,16
10/2/2022,22,13
10/3/2022,37,36
10/4/2022,35,35
10/5/2022,33,34
10/6/2022,33,31
10/7/2022,35,33
10/8/2022,23,14
10/9/2022,23,13
10/10/2022,36,30
10/11/2022,34,32
10/12/2022,33,32
10/13/2022,36,35
10/14/2022,34,31
10/15/2022,23,16
10/16/2022,23,13
10/17/2022,34,30
10/18/2022,35,32
10/19/2022,33,29
10/20/2022,34,32
10/21/2022,33,29
10/22/2022,23,12
10/23/2022,23,12
10/24/2022,34,31
10/25/2022,45,54
10/26/2022,50,71
10/27/2022,42,66
10/28/2022,36,56
10/29/2022,24,20
10/30/2022,24,16
10/31/2022,36,35
11/1/2022,38,42
11/2/2022,36,46
11/3/2022,41,51
11/4/2022,35,47
11/5/2022,25,18
11/6/2022,22,13
11/7/2022,40,41
11/8/2022,36,36
11/9/2022,35,37
11/10/2022,36,47
11/11/2022,32,39
11/12/2022,26,19
11/13/2022,24,14
11/14/2022,35,39
11/15/2022,38,38
11/16/2022,36,34
11/17/2022,34,32
11/18/2022,35,30
11/19/2022,24,15
11/20/2022,22,10
11/21/2022,33,29
11/22/2022,34,28
11/23/2022,31,30
11/24/2022,27,17
11/25/2022,26,22
11/26/2022,22,10
11/27/2022,23,11
11/28/2022,33,28
11/29/2022,32,26
11/30/2022,30,29
12/1/2022,32,32
12/2/2022,32,28
12/3/2022,22,12
12/4/2022,24,10
12/5/2022,34,26
12/6/2022,31,30
12/7/2022,33,27
12/8/2022,34,28
12/9/2022,31,24
12/10/2022,21,11
12/11/2022,22,10
12/12/2022,33,28
12/13/2022,33,31
12/14/2022,32,29
12/15/2022,31,31
12/16/2022,33,27
12/17/2022,20,13
12/18/2022,21,10
12/19/2022,33,26
12/20/2022,32,28
12/21/2022,29,27
12/22/2022,29,28
12/23/2022,24,24
12/24/2022,20,12
12/25/2022,23,10
12/26/2022,24,15
12/27/2022,26,28
12/28/2022,28,32
12/29/2022,28,30
12/30/2022,26,25
12/31/2022,23,15
1/1/2023,21,12
1/2/2023,26,17
1/3/2023,31,30
1/4/2023,33,32
1/5/2023,29,30
1/6/2023,32,32
1/7/2023,22,14
1/8/2023,22,13
1/9/2023,34,31
1/10/2023,31,29
1/11/2023,36,31
1/12/2023,33,31
1/13/2023,30,32
1/14/2023,24,14
1/15/2023,24,11
1/16/2023,31,19
1/17/2023,32,30
1/18/2023,33,31
1/19/2023,34,30
1/20/2023,35,46
1/21/2023,24,19
1/22/2023,22,14
1/23/2023,33,38
1/24/2023,38,44
1/25/2023,34,38
1/26/2023,38,42
1/27/2023,33,39
1/28/2023,24,19
1/29/2023,23,14
1/30/2023,35,34
1/31/2023,34,36
2/1/2023,36,37
2/2/2023,49,71
2/3/2023,45,63
2/4/2023,24,18
2/5/2023,23,13
2/6/2023,38,38
2/7/2023,34,42
2/8/2023,46,66
2/9/2023,48,100
2/10/2023,39,70
2/11/2023,23,25
2/12/2023,23,20
2/13/2023,41,43
2/14/2023,35,46
2/15/2023,37,42
2/16/2023,36,36
2/17/2023,33,35
2/18/2023,24,15
2/19/2023,23,12
2/20/2023,31,21
2/21/2023,35,36
2/22/2023,36,34
2/23/2023,34,34
2/24/2023,31,31
2/25/2023,24,17
2/26/2023,24,14
2/27/2023,41,31
2/28/2023,34,34
3/1/2023,32,30
