Date,META,facebook stock
1/1/2014,58,8
1/2/2014,67,14
1/3/2014,69,13
1/4/2014,58,8
1/5/2014,58,8
1/6/2014,67,13
1/7/2014,77,15
1/8/2014,77,13
1/9/2014,86,15
1/10/2014,80,13
1/11/2014,55,7
1/12/2014,59,9
1/13/2014,80,13
1/14/2014,78,14
1/15/2014,77,13
1/16/2014,84,14
1/17/2014,74,13
1/18/2014,59,10
1/19/2014,61,8
1/20/2014,77,9
1/21/2014,76,11
1/22/2014,77,14
1/23/2014,83,15
1/24/2014,78,13
1/25/2014,61,8
1/26/2014,60,6
1/27/2014,75,13
1/28/2014,79,13
1/29/2014,78,16
1/30/2014,85,30
1/31/2014,80,23
2/1/2014,63,11
2/2/2014,61,7
2/3/2014,74,17
2/4/2014,80,19
2/5/2014,80,16
2/6/2014,94,14
2/7/2014,82,18
2/8/2014,59,10
2/9/2014,61,8
2/10/2014,80,14
2/11/2014,79,15
2/12/2014,81,16
2/13/2014,85,18
2/14/2014,72,17
2/15/2014,54,10
2/16/2014,58,6
2/17/2014,83,10
2/18/2014,82,13
2/19/2014,77,18
2/20/2014,86,36
2/21/2014,83,21
2/22/2014,62,13
2/23/2014,61,11
2/24/2014,85,19
2/25/2014,82,22
2/26/2014,76,19
2/27/2014,89,17
2/28/2014,81,17
3/1/2014,60,10
3/2/2014,60,9
3/3/2014,72,13
3/4/2014,75,17
3/5/2014,85,18
3/6/2014,100,16
3/7/2014,81,17
3/8/2014,65,9
3/9/2014,63,8
3/10/2014,88,15
3/11/2014,84,16
3/12/2014,81,16
3/13/2014,84,16
3/14/2014,79,15
3/15/2014,60,10
3/16/2014,65,6
3/17/2014,81,13
3/18/2014,85,14
3/19/2014,79,14
3/20/2014,88,13
3/21/2014,80,13
3/22/2014,59,8
3/23/2014,59,7
3/24/2014,76,13
3/25/2014,79,19
3/26/2014,81,26
3/27/2014,87,22
3/28/2014,79,21
3/29/2014,63,10
3/30/2014,61,8
3/31/2014,77,15
4/1/2014,80,16
4/2/2014,79,17
4/3/2014,91,15
4/4/2014,82,19
4/5/2014,61,10
4/6/2014,66,8
4/7/2014,81,14
4/8/2014,81,15
4/9/2014,78,15
4/10/2014,89,18
4/11/2014,78,16
4/12/2014,67,10
4/13/2014,60,6
4/14/2014,78,16
4/15/2014,75,15
4/16/2014,84,17
4/17/2014,90,15
4/18/2014,65,11
4/19/2014,58,9
4/20/2014,57,7
4/21/2014,73,14
4/22/2014,77,13
4/23/2014,81,21
4/24/2014,91,27
4/25/2014,80,18
4/26/2014,61,8
4/27/2014,60,7
4/28/2014,80,15
4/29/2014,72,14
4/30/2014,76,16
5/1/2014,78,14
5/2/2014,73,14
5/3/2014,60,8
5/4/2014,64,8
5/5/2014,76,11
5/6/2014,79,13
5/7/2014,78,13
5/8/2014,92,14
5/9/2014,79,13
5/10/2014,60,7
5/11/2014,62,7
5/12/2014,85,10
5/13/2014,85,15
5/14/2014,82,12
5/15/2014,92,13
5/16/2014,78,11
5/17/2014,59,6
5/18/2014,61,6
5/19/2014,85,12
5/20/2014,83,11
5/21/2014,83,12
5/22/2014,88,12
5/23/2014,80,10
5/24/2014,61,7
5/25/2014,60,6
5/26/2014,86,7
5/27/2014,83,11
5/28/2014,83,13
5/29/2014,84,12
5/30/2014,81,12
5/31/2014,66,7
6/1/2014,66,6
6/2/2014,77,12
6/3/2014,80,11
6/4/2014,82,11
6/5/2014,84,12
6/6/2014,73,12
6/7/2014,60,6
6/8/2014,62,7
6/9/2014,80,11
6/10/2014,82,12
6/11/2014,81,14
6/12/2014,87,11
6/13/2014,75,12
6/14/2014,58,7
6/15/2014,60,6
6/16/2014,78,11
6/17/2014,80,10
6/18/2014,86,10
6/19/2014,89,13
6/20/2014,74,13
6/21/2014,63,8
6/22/2014,64,6
6/23/2014,75,9
6/24/2014,82,13
6/25/2014,83,12
6/26/2014,87,11
6/27/2014,72,11
6/28/2014,58,9
6/29/2014,66,5
6/30/2014,72,9
7/1/2014,76,11
7/2/2014,79,12
7/3/2014,89,11
7/4/2014,72,7
7/5/2014,65,4
7/6/2014,58,6
7/7/2014,76,10
7/8/2014,70,14
7/9/2014,69,12
7/10/2014,87,11
7/11/2014,80,11
7/12/2014,60,6
7/13/2014,58,5
7/14/2014,70,12
7/15/2014,82,13
7/16/2014,77,10
7/17/2014,86,12
7/18/2014,70,12
7/19/2014,56,7
7/20/2014,60,8
7/21/2014,79,11
7/22/2014,81,14
7/23/2014,80,18
7/24/2014,96,30
7/25/2014,74,26
7/26/2014,63,12
7/27/2014,62,9
7/28/2014,81,13
7/29/2014,80,15
7/30/2014,81,15
7/31/2014,85,14
8/1/2014,71,16
8/2/2014,57,11
8/3/2014,67,7
8/4/2014,77,13
8/5/2014,79,13
8/6/2014,79,13
8/7/2014,85,11
8/8/2014,75,12
8/9/2014,62,7
8/10/2014,64,7
8/11/2014,85,11
8/12/2014,80,11
8/13/2014,91,11
8/14/2014,95,11
8/15/2014,75,11
8/16/2014,64,6
8/17/2014,67,7
8/18/2014,71,11
8/19/2014,81,11
8/20/2014,87,13
8/21/2014,93,11
8/22/2014,78,11
8/23/2014,60,8
8/24/2014,69,6
8/25/2014,79,11
8/26/2014,79,12
8/27/2014,86,14
8/28/2014,86,11
8/29/2014,74,11
8/30/2014,62,8
8/31/2014,61,7
9/1/2014,77,6
9/1/2014,55,5
9/2/2014,56,7
9/3/2014,58,9
9/4/2014,64,9
9/5/2014,56,11
9/6/2014,42,6
9/7/2014,44,4
9/8/2014,56,9
9/9/2014,56,11
9/10/2014,60,10
9/11/2014,64,10
9/12/2014,60,9
9/13/2014,43,6
9/14/2014,46,3
9/15/2014,60,9
9/16/2014,60,11
9/17/2014,59,10
9/18/2014,63,9
9/19/2014,56,13
9/20/2014,46,6
9/21/2014,42,5
9/22/2014,60,8
9/23/2014,57,10
9/24/2014,57,11
9/25/2014,62,10
9/26/2014,54,8
9/27/2014,47,7
9/28/2014,47,5
9/29/2014,57,8
9/30/2014,60,10
10/1/2014,56,9
10/2/2014,63,9
10/3/2014,54,9
10/4/2014,47,4
10/5/2014,46,5
10/6/2014,55,9
10/7/2014,59,7
10/8/2014,58,8
10/9/2014,64,9
10/10/2014,57,9
10/11/2014,47,6
10/12/2014,42,5
10/13/2014,58,8
10/14/2014,59,10
10/15/2014,57,9
10/16/2014,63,11
10/17/2014,55,8
10/18/2014,44,5
10/19/2014,44,3
10/20/2014,58,9
10/21/2014,55,8
10/22/2014,58,9
10/23/2014,62,10
10/24/2014,57,10
10/25/2014,42,6
10/26/2014,44,3
10/27/2014,57,9
10/28/2014,58,14
10/29/2014,57,15
10/30/2014,66,11
10/31/2014,58,10
11/1/2014,45,6
11/2/2014,50,4
11/3/2014,59,9
11/4/2014,57,10
11/5/2014,62,9
11/6/2014,65,9
11/7/2014,56,10
11/8/2014,44,6
11/9/2014,51,4
11/10/2014,58,8
11/11/2014,58,9
11/12/2014,59,10
11/13/2014,64,8
11/14/2014,57,8
11/15/2014,48,5
11/16/2014,47,3
11/17/2014,55,8
11/18/2014,61,9
11/19/2014,61,8
11/20/2014,63,7
11/21/2014,57,9
11/22/2014,47,6
11/23/2014,45,4
11/24/2014,60,6
11/25/2014,56,7
11/26/2014,59,7
11/27/2014,63,6
11/28/2014,53,7
11/29/2014,47,5
11/30/2014,57,4
12/1/2014,56,7
12/2/2014,58,8
12/3/2014,61,9
12/4/2014,68,8
12/5/2014,57,7
12/6/2014,46,5
12/7/2014,100,4
12/8/2014,80,7
12/9/2014,63,9
12/10/2014,62,8
12/11/2014,65,9
12/12/2014,56,8
12/13/2014,45,5
12/14/2014,50,4
12/15/2014,55,6
12/16/2014,55,7
12/17/2014,56,7
12/18/2014,61,9
12/19/2014,47,8
12/20/2014,45,5
12/21/2014,42,4
12/22/2014,47,7
12/23/2014,43,8
12/24/2014,40,9
12/25/2014,46,4
12/26/2014,45,8
12/27/2014,42,5
12/28/2014,38,4
12/29/2014,48,8
12/30/2014,44,9
12/31/2014,41,8
1/1/2015,50,5
1/2/2015,53,7
1/3/2015,43,6
1/4/2015,47,4
1/5/2015,57,7
1/6/2015,53,8
1/7/2015,52,8
1/8/2015,63,9
1/9/2015,57,9
1/10/2015,43,4
1/11/2015,45,4
1/12/2015,52,6
1/13/2015,52,8
1/14/2015,58,8
1/15/2015,57,9
1/16/2015,60,9
1/17/2015,42,5
1/18/2015,44,4
1/19/2015,56,5
1/20/2015,60,6
1/21/2015,60,7
1/22/2015,63,7
1/23/2015,55,8
1/24/2015,45,5
1/25/2015,43,4
1/26/2015,57,6
1/27/2015,55,10
1/28/2015,58,11
1/29/2015,58,11
1/30/2015,60,9
1/31/2015,46,6
2/1/2015,48,6
2/2/2015,55,8
2/3/2015,59,8
2/4/2015,62,8
2/5/2015,66,8
2/6/2015,56,8
2/7/2015,45,5
2/8/2015,40,5
2/9/2015,61,7
2/10/2015,63,7
2/11/2015,59,7
2/12/2015,66,9
2/13/2015,58,8
2/14/2015,44,4
2/15/2015,44,5
2/16/2015,58,7
2/17/2015,61,8
2/18/2015,60,7
2/19/2015,64,8
2/20/2015,64,9
2/21/2015,49,6
2/22/2015,46,4
2/23/2015,60,8
2/24/2015,59,8
2/25/2015,60,7
2/26/2015,66,7
2/27/2015,57,9
2/28/2015,56,4
3/1/2015,56,4
3/2/2015,62,7
3/3/2015,62,8
3/4/2015,58,8
3/5/2015,71,9
3/6/2015,60,8
3/7/2015,47,6
3/8/2015,44,3
3/9/2015,62,8
3/10/2015,60,8
3/11/2015,57,8
3/12/2015,65,6
3/13/2015,57,7
3/14/2015,47,5
3/15/2015,44,3
3/16/2015,59,7
3/17/2015,59,7
3/18/2015,63,9
3/19/2015,69,9
3/20/2015,60,9
3/21/2015,46,6
3/22/2015,45,4
3/23/2015,57,7
3/24/2015,59,9
3/25/2015,62,8
3/26/2015,68,10
3/27/2015,62,8
3/28/2015,45,5
3/29/2015,48,4
3/30/2015,59,9
3/31/2015,57,7
4/1/2015,56,8
4/2/2015,61,7
4/3/2015,48,5
4/4/2015,46,5
4/5/2015,44,4
4/6/2015,57,7
4/7/2015,61,8
4/8/2015,56,8
4/9/2015,70,7
4/10/2015,62,8
4/11/2015,44,4
4/12/2015,47,4
4/13/2015,61,7
4/14/2015,61,7
4/15/2015,57,8
4/16/2015,72,8
4/17/2015,59,6
4/18/2015,42,5
4/19/2015,53,4
4/20/2015,59,7
4/21/2015,61,9
4/22/2015,60,10
4/23/2015,66,11
4/24/2015,58,8
4/25/2015,47,5
4/26/2015,46,4
4/27/2015,60,8
4/28/2015,65,10
4/29/2015,60,8
4/30/2015,70,8
5/1/2015,53,9
5/1/2015,68,11
5/2/2015,58,5
5/3/2015,57,4
5/4/2015,76,10
5/5/2015,81,11
5/6/2015,73,10
5/7/2015,92,11
5/8/2015,77,9
5/9/2015,59,7
5/10/2015,55,5
5/11/2015,78,10
5/12/2015,77,10
5/13/2015,76,9
5/14/2015,80,11
5/15/2015,71,10
5/16/2015,63,8
5/17/2015,63,5
5/18/2015,72,10
5/19/2015,75,10
5/20/2015,76,8
5/21/2015,88,9
5/22/2015,76,9
5/23/2015,56,4
5/24/2015,58,4
5/25/2015,73,5
5/26/2015,75,8
5/27/2015,79,9
5/28/2015,86,9
5/29/2015,75,8
5/30/2015,61,5
5/31/2015,71,5
6/1/2015,70,6
6/2/2015,78,10
6/3/2015,76,8
6/4/2015,83,7
6/5/2015,75,8
6/6/2015,54,5
6/7/2015,59,5
6/8/2015,68,6
6/9/2015,76,8
6/10/2015,74,8
6/11/2015,81,9
6/12/2015,75,10
6/13/2015,60,6
6/14/2015,57,5
6/15/2015,68,8
6/16/2015,72,7
6/17/2015,77,8
6/18/2015,81,9
6/19/2015,69,9
6/20/2015,59,5
6/21/2015,61,4
6/22/2015,73,9
6/23/2015,75,11
6/24/2015,74,15
6/25/2015,78,11
6/26/2015,73,11
6/27/2015,60,7
6/28/2015,60,5
6/29/2015,67,10
6/30/2015,70,9
7/1/2015,74,11
7/2/2015,86,10
7/3/2015,70,8
7/4/2015,57,5
7/5/2015,58,5
7/6/2015,72,8
7/7/2015,76,10
7/8/2015,71,13
7/9/2015,75,12
7/10/2015,67,10
7/11/2015,56,7
7/12/2015,59,4
7/13/2015,67,9
7/14/2015,71,12
7/15/2015,73,11
7/16/2015,83,11
7/17/2015,72,17
7/18/2015,59,9
7/19/2015,56,6
7/20/2015,69,14
7/21/2015,72,16
7/22/2015,72,15
7/23/2015,78,14
7/24/2015,71,13
7/25/2015,55,7
7/26/2015,56,6
7/27/2015,74,12
7/28/2015,69,15
7/29/2015,77,19
7/30/2015,85,20
7/31/2015,82,14
8/1/2015,72,10
8/2/2015,65,8
8/3/2015,83,11
8/4/2015,94,13
8/5/2015,100,13
8/6/2015,96,13
8/7/2015,90,12
8/8/2015,75,8
8/9/2015,65,7
8/10/2015,78,13
8/11/2015,78,13
8/12/2015,79,13
8/13/2015,87,14
8/14/2015,73,12
8/15/2015,61,7
8/16/2015,58,6
8/17/2015,74,13
8/18/2015,85,12
8/19/2015,72,11
8/20/2015,90,13
8/21/2015,76,19
8/22/2015,58,10
8/23/2015,60,8
8/24/2015,71,32
8/25/2015,86,30
8/26/2015,79,21
8/27/2015,86,19
8/28/2015,76,17
8/29/2015,61,10
8/30/2015,59,8
8/31/2015,75,15
9/1/2015,83,17
9/2/2015,79,12
9/3/2015,95,12
9/4/2015,75,12
9/5/2015,62,7
9/6/2015,67,6
9/7/2015,69,7
9/8/2015,78,11
9/9/2015,81,11
9/10/2015,91,12
9/11/2015,78,12
9/12/2015,59,6
9/13/2015,63,6
9/14/2015,75,10
9/15/2015,77,12
9/16/2015,80,11
9/17/2015,89,12
9/18/2015,78,12
9/19/2015,59,7
9/20/2015,63,6
9/21/2015,78,11
9/22/2015,76,13
9/23/2015,78,12
9/24/2015,86,10
9/25/2015,78,13
9/26/2015,66,6
9/27/2015,66,6
9/28/2015,77,13
9/29/2015,81,12
9/30/2015,84,12
10/1/2015,86,11
10/2/2015,68,10
10/3/2015,65,6
10/4/2015,63,6
10/5/2015,80,10
10/6/2015,74,12
10/7/2015,81,11
10/8/2015,85,12
10/9/2015,78,11
10/10/2015,68,6
10/11/2015,64,5
10/12/2015,72,11
10/13/2015,84,12
10/14/2015,84,12
10/15/2015,88,11
10/16/2015,77,11
10/17/2015,67,7
10/18/2015,69,6
10/19/2015,85,11
10/20/2015,77,11
10/21/2015,83,12
10/22/2015,93,13
10/23/2015,79,14
10/24/2015,65,7
10/25/2015,79,7
10/26/2015,99,12
10/27/2015,82,13
10/28/2015,87,14
10/29/2015,91,15
10/30/2015,70,14
10/31/2015,71,6
11/1/2015,67,6
11/2/2015,86,10
11/3/2015,82,15
11/4/2015,78,20
11/5/2015,82,26
11/6/2015,80,18
11/7/2015,62,11
11/8/2015,70,8
11/9/2015,74,14
11/10/2015,72,12
11/11/2015,82,12
11/12/2015,88,12
11/13/2015,74,13
11/14/2015,69,7
11/15/2015,66,6
11/16/2015,73,12
11/17/2015,74,13
11/18/2015,80,14
11/19/2015,92,12
11/20/2015,76,14
11/21/2015,55,8
11/22/2015,61,7
11/23/2015,75,12
11/24/2015,85,13
11/25/2015,81,11
11/26/2015,85,6
11/27/2015,69,9
11/28/2015,69,6
11/29/2015,72,7
11/30/2015,72,10
12/1/2015,77,14
12/2/2015,83,19
12/3/2015,89,15
12/4/2015,77,12
12/5/2015,63,9
12/6/2015,67,7
12/7/2015,69,12
12/8/2015,70,15
12/9/2015,71,19
12/10/2015,85,14
12/11/2015,69,12
12/12/2015,61,8
12/13/2015,64,8
12/14/2015,83,13
12/15/2015,76,19
12/16/2015,81,17
12/17/2015,92,14
12/18/2015,71,13
12/19/2015,58,10
12/20/2015,56,6
12/21/2015,66,12
12/22/2015,66,13
12/23/2015,66,20
12/24/2015,81,23
12/25/2015,55,18
12/26/2015,55,13
12/27/2015,58,42
12/28/2015,64,33
12/29/2015,69,13
12/30/2015,66,12
12/31/2015,77,11
1/1/2016,56,6
1/1/2016,60,7
1/2/2016,62,7
1/3/2016,59,6
1/4/2016,76,14
1/5/2016,77,13
1/6/2016,76,14
1/7/2016,83,18
1/8/2016,75,16
1/9/2016,63,11
1/10/2016,60,6
1/11/2016,73,12
1/12/2016,78,13
1/13/2016,76,15
1/14/2016,92,17
1/15/2016,75,15
1/16/2016,59,9
1/17/2016,60,8
1/18/2016,79,9
1/19/2016,74,12
1/20/2016,79,17
1/21/2016,94,16
1/22/2016,81,12
1/23/2016,71,8
1/24/2016,62,7
1/25/2016,78,12
1/26/2016,86,13
1/27/2016,86,24
1/28/2016,82,36
1/29/2016,80,27
1/30/2016,61,10
1/31/2016,64,7
2/1/2016,76,19
2/2/2016,79,19
2/3/2016,80,19
2/4/2016,87,20
2/5/2016,73,21
2/6/2016,62,9
2/7/2016,62,7
2/8/2016,78,17
2/9/2016,80,18
2/10/2016,91,16
2/11/2016,95,16
2/12/2016,84,18
2/13/2016,71,8
2/14/2016,89,6
2/15/2016,87,10
2/16/2016,82,12
2/17/2016,91,14
2/18/2016,100,13
2/19/2016,84,12
2/20/2016,60,7
2/21/2016,75,6
2/22/2016,83,13
2/23/2016,88,15
2/24/2016,85,14
2/25/2016,90,13
2/26/2016,79,14
2/27/2016,64,7
2/28/2016,70,6
2/29/2016,84,12
3/1/2016,82,14
3/2/2016,82,13
3/3/2016,93,13
3/4/2016,77,12
3/5/2016,68,7
3/6/2016,67,5
3/7/2016,80,12
3/8/2016,77,14
3/9/2016,76,11
3/10/2016,93,10
3/11/2016,80,13
3/12/2016,60,8
3/13/2016,59,5
3/14/2016,82,11
3/15/2016,82,11
3/16/2016,81,14
3/17/2016,86,14
3/18/2016,73,14
3/19/2016,61,8
3/20/2016,60,5
3/21/2016,77,14
3/22/2016,76,13
3/23/2016,84,11
3/24/2016,82,10
3/25/2016,76,10
3/26/2016,58,7
3/27/2016,67,6
3/28/2016,84,14
3/29/2016,79,12
3/30/2016,82,13
3/31/2016,92,14
4/1/2016,81,12
4/2/2016,65,7
4/3/2016,69,5
4/4/2016,86,15
4/5/2016,84,14
4/6/2016,80,12
4/7/2016,89,15
4/8/2016,83,13
4/9/2016,64,6
4/10/2016,63,6
4/11/2016,80,13
4/12/2016,81,13
4/13/2016,83,17
4/14/2016,95,13
4/15/2016,79,12
4/16/2016,70,8
4/17/2016,65,5
4/18/2016,87,10
4/19/2016,81,14
4/20/2016,89,13
4/21/2016,91,12
4/22/2016,77,14
4/23/2016,62,7
4/24/2016,63,5
4/25/2016,84,11
4/26/2016,83,14
4/27/2016,93,28
4/28/2016,94,43
4/29/2016,80,25
4/30/2016,67,10
5/1/2016,72,7
5/2/2016,78,16
5/3/2016,84,15
5/4/2016,86,15
5/5/2016,97,14
5/6/2016,80,14
5/7/2016,63,9
5/8/2016,63,6
5/9/2016,77,14
5/10/2016,86,16
5/11/2016,88,16
5/12/2016,98,15
5/13/2016,80,14
5/14/2016,74,8
5/15/2016,63,7
5/16/2016,82,14
5/17/2016,84,13
5/18/2016,89,14
5/19/2016,96,14
5/20/2016,87,14
5/21/2016,68,7
5/22/2016,61,5
5/23/2016,87,11
5/24/2016,93,14
5/25/2016,94,11
5/26/2016,100,12
5/27/2016,78,13
5/28/2016,62,7
5/29/2016,66,6
5/30/2016,79,7
5/31/2016,85,11
6/1/2016,91,14
6/2/2016,99,12
6/3/2016,84,11
6/4/2016,67,7
6/5/2016,61,7
6/6/2016,78,11
6/7/2016,89,12
6/8/2016,84,11
6/9/2016,95,11
6/10/2016,81,11
6/11/2016,64,5
6/12/2016,62,6
6/13/2016,77,13
6/14/2016,86,12
6/15/2016,84,12
6/16/2016,85,11
6/17/2016,83,11
6/18/2016,63,6
6/19/2016,61,4
6/20/2016,72,11
6/21/2016,74,13
6/22/2016,81,14
6/23/2016,87,13
6/24/2016,77,25
6/25/2016,64,12
6/26/2016,61,8
6/27/2016,76,14
6/28/2016,85,15
6/29/2016,79,14
6/30/2016,92,14
7/1/2016,81,14
7/2/2016,62,6
7/3/2016,63,4
7/4/2016,78,5
7/5/2016,80,8
7/6/2016,78,11
7/7/2016,82,13
7/8/2016,78,13
7/9/2016,62,7
7/10/2016,55,5
7/11/2016,77,12
7/12/2016,73,14
7/13/2016,77,11
7/14/2016,81,13
7/15/2016,74,12
7/16/2016,57,5
7/17/2016,60,6
7/18/2016,78,13
7/19/2016,79,13
7/20/2016,77,15
7/21/2016,76,13
7/22/2016,72,14
7/23/2016,62,8
7/24/2016,59,5
7/25/2016,86,12
7/26/2016,77,16
7/27/2016,75,27
7/28/2016,84,34
7/29/2016,75,23
7/30/2016,62,8
7/31/2016,60,8
8/1/2016,76,13
8/2/2016,79,12
8/3/2016,78,14
8/4/2016,88,14
8/5/2016,76,15
8/6/2016,64,5
8/7/2016,62,5
8/8/2016,76,12
8/9/2016,70,13
8/10/2016,75,12
8/11/2016,80,12
8/12/2016,74,12
8/13/2016,62,5
8/14/2016,60,4
8/15/2016,67,11
8/16/2016,80,10
8/17/2016,77,10
8/18/2016,88,12
8/19/2016,78,9
8/20/2016,57,5
8/21/2016,60,5
8/22/2016,74,10
8/23/2016,83,10
8/24/2016,78,10
8/25/2016,86,10
8/26/2016,81,10
8/27/2016,63,6
8/28/2016,64,6
8/29/2016,83,10
8/30/2016,75,11
8/31/2016,76,11
9/1/2016,89,11
9/1/2016,40,5
9/2/2016,36,5
9/3/2016,27,3
9/4/2016,28,2
9/5/2016,34,2
9/6/2016,37,6
9/7/2016,33,7
9/8/2016,41,6
9/9/2016,36,6
9/10/2016,29,3
9/11/2016,29,2
9/12/2016,36,6
9/13/2016,37,6
9/14/2016,36,5
9/15/2016,38,5
9/16/2016,34,6
9/17/2016,26,4
9/18/2016,28,3
9/19/2016,37,4
9/20/2016,33,6
9/21/2016,36,5
9/22/2016,40,6
9/23/2016,32,8
9/24/2016,27,3
9/25/2016,29,3
9/26/2016,34,6
9/27/2016,35,5
9/28/2016,37,5
9/29/2016,43,6
9/30/2016,34,5
10/1/2016,26,2
10/2/2016,28,2
10/3/2016,35,5
10/4/2016,36,6
10/5/2016,36,6
10/6/2016,42,5
10/7/2016,35,5
10/8/2016,29,3
10/9/2016,25,2
10/10/2016,35,5
10/11/2016,37,6
10/12/2016,35,6
10/13/2016,41,5
10/14/2016,34,4
10/15/2016,28,3
10/16/2016,28,2
10/17/2016,32,4
10/18/2016,35,5
10/19/2016,36,6
10/20/2016,43,5
10/21/2016,34,5
10/22/2016,27,3
10/23/2016,28,2
10/24/2016,36,6
10/25/2016,36,6
10/26/2016,38,6
10/27/2016,41,5
10/28/2016,33,5
10/29/2016,27,3
10/30/2016,27,2
10/31/2016,35,5
11/1/2016,35,6
11/2/2016,35,10
11/3/2016,39,14
11/4/2016,36,8
11/5/2016,28,4
11/6/2016,35,2
11/7/2016,35,7
11/8/2016,37,6
11/9/2016,31,14
11/10/2016,39,11
11/11/2016,35,8
11/12/2016,27,4
11/13/2016,28,3
11/14/2016,34,7
11/15/2016,35,7
11/16/2016,36,6
11/17/2016,43,6
11/18/2016,36,6
11/19/2016,27,4
11/20/2016,29,3
11/21/2016,35,6
11/22/2016,36,7
11/23/2016,36,6
11/24/2016,41,3
11/25/2016,34,4
11/26/2016,25,3
11/27/2016,28,2
11/28/2016,35,5
11/29/2016,36,5
11/30/2016,37,6
12/1/2016,44,7
12/2/2016,35,6
12/3/2016,32,3
12/4/2016,42,3
12/5/2016,38,5
12/6/2016,36,6
12/7/2016,37,6
12/8/2016,42,6
12/9/2016,35,5
12/10/2016,31,3
12/11/2016,35,2
12/12/2016,38,6
12/13/2016,39,6
12/14/2016,35,6
12/15/2016,42,5
12/16/2016,33,6
12/17/2016,28,3
12/18/2016,26,3
12/19/2016,33,5
12/20/2016,33,6
12/21/2016,35,6
12/22/2016,38,5
12/23/2016,29,5
12/24/2016,23,2
12/25/2016,23,1
12/26/2016,26,3
12/27/2016,30,5
12/28/2016,30,5
12/29/2016,39,5
12/30/2016,27,5
12/31/2016,23,3
1/1/2017,25,3
1/2/2017,30,3
1/3/2017,33,5
1/4/2017,34,6
1/5/2017,41,5
1/6/2017,34,7
1/7/2017,30,3
1/8/2017,28,3
1/9/2017,33,5
1/10/2017,35,6
1/11/2017,35,5
1/12/2017,40,6
1/13/2017,33,7
1/14/2017,30,3
1/15/2017,27,3
1/16/2017,34,4
1/17/2017,38,5
1/18/2017,36,6
1/19/2017,40,7
1/20/2017,36,6
1/21/2017,31,3
1/22/2017,31,3
1/23/2017,38,6
1/24/2017,39,6
1/25/2017,38,7
1/26/2017,42,8
1/27/2017,36,7
1/28/2017,30,4
1/29/2017,29,3
1/30/2017,34,6
1/31/2017,35,7
2/1/2017,40,10
2/2/2017,42,13
2/3/2017,35,9
2/4/2017,29,5
2/5/2017,30,3
2/6/2017,34,6
2/7/2017,44,6
2/8/2017,48,7
2/9/2017,58,7
2/10/2017,82,6
2/11/2017,77,3
2/12/2017,100,3
2/13/2017,57,5
2/14/2017,49,7
2/15/2017,45,7
2/16/2017,52,7
2/17/2017,46,6
2/18/2017,38,4
2/19/2017,37,3
2/20/2017,43,4
2/21/2017,41,6
2/22/2017,42,6
2/23/2017,47,6
2/24/2017,42,7
2/25/2017,37,3
2/26/2017,37,2
2/27/2017,39,5
2/28/2017,41,6
3/1/2017,43,10
3/2/2017,50,13
3/3/2017,43,10
3/4/2017,36,5
3/5/2017,35,4
3/6/2017,41,7
3/7/2017,40,7
3/8/2017,39,7
3/9/2017,44,8
3/10/2017,39,8
3/11/2017,35,4
3/12/2017,33,3
3/13/2017,40,5
3/14/2017,42,7
3/15/2017,44,7
3/16/2017,45,7
3/17/2017,39,7
3/18/2017,31,4
3/19/2017,33,3
3/20/2017,36,6
3/21/2017,42,7
3/22/2017,40,6
3/23/2017,44,6
3/24/2017,39,6
3/25/2017,40,3
3/26/2017,37,2
3/27/2017,39,6
3/28/2017,40,7
3/29/2017,41,8
3/30/2017,45,7
3/31/2017,42,7
4/1/2017,37,2
4/2/2017,36,3
4/3/2017,42,6
4/4/2017,41,6
4/5/2017,41,7
4/6/2017,47,6
4/7/2017,41,6
4/8/2017,38,3
4/9/2017,34,2
4/10/2017,41,6
4/11/2017,41,7
4/12/2017,43,8
4/13/2017,41,7
4/14/2017,37,5
4/15/2017,37,3
4/16/2017,33,3
4/17/2017,39,7
4/18/2017,42,7
4/19/2017,41,7
4/20/2017,48,7
4/21/2017,39,6
4/22/2017,38,3
4/23/2017,36,3
4/24/2017,39,6
4/25/2017,43,9
4/26/2017,41,7
4/27/2017,46,8
4/28/2017,39,8
4/29/2017,37,3
4/30/2017,35,4
5/1/2017,42,8
5/1/2017,92,18
5/2/2017,93,18
5/3/2017,91,28
5/4/2017,95,22
5/5/2017,89,17
5/6/2017,78,9
5/7/2017,74,6
5/8/2017,86,14
5/9/2017,88,17
5/10/2017,89,16
5/11/2017,94,18
5/12/2017,82,16
5/13/2017,83,9
5/14/2017,66,6
5/15/2017,87,15
5/16/2017,81,17
5/17/2017,83,17
5/18/2017,99,17
5/19/2017,84,16
5/20/2017,88,7
5/21/2017,76,7
5/22/2017,89,13
5/23/2017,89,15
5/24/2017,83,15
5/25/2017,100,16
5/26/2017,81,13
5/27/2017,75,7
5/28/2017,68,7
5/29/2017,79,7
5/30/2017,80,12
5/31/2017,92,16
6/1/2017,96,16
6/2/2017,87,14
6/3/2017,69,7
6/4/2017,62,6
6/5/2017,93,14
6/6/2017,82,14
6/7/2017,85,14
6/8/2017,93,15
6/9/2017,75,18
6/10/2017,59,8
6/11/2017,62,6
6/12/2017,74,16
6/13/2017,85,17
6/14/2017,82,17
6/15/2017,92,16
6/16/2017,74,15
6/17/2017,61,9
6/18/2017,64,5
6/19/2017,78,16
6/20/2017,77,15
6/21/2017,81,12
6/22/2017,98,16
6/23/2017,81,16
6/24/2017,65,7
6/25/2017,62,6
6/26/2017,77,13
6/27/2017,77,15
6/28/2017,83,15
6/29/2017,95,16
6/30/2017,77,14
7/1/2017,65,7
7/2/2017,64,7
7/3/2017,79,9
7/4/2017,79,7
7/5/2017,73,13
7/6/2017,87,14
7/7/2017,76,13
7/8/2017,64,5
7/9/2017,64,6
7/10/2017,78,11
7/11/2017,87,14
7/12/2017,79,16
7/13/2017,94,17
7/14/2017,78,17
7/15/2017,59,8
7/16/2017,63,6
7/17/2017,73,16
7/18/2017,79,19
7/19/2017,81,17
7/20/2017,89,18
7/21/2017,73,17
7/22/2017,66,9
7/23/2017,63,7
7/24/2017,80,16
7/25/2017,92,19
7/26/2017,84,32
7/27/2017,91,42
7/28/2017,78,27
7/29/2017,69,12
7/30/2017,68,7
7/31/2017,84,19
8/1/2017,86,22
8/2/2017,80,21
8/3/2017,92,19
8/4/2017,74,18
8/5/2017,70,9
8/6/2017,62,8
8/7/2017,79,17
8/8/2017,81,19
8/9/2017,80,18
8/10/2017,94,17
8/11/2017,84,18
8/12/2017,77,11
8/13/2017,71,6
8/14/2017,93,16
8/15/2017,91,17
8/16/2017,90,14
8/17/2017,96,16
8/18/2017,76,17
8/19/2017,75,8
8/20/2017,68,6
8/21/2017,76,15
8/22/2017,88,16
8/23/2017,90,15
8/24/2017,94,16
8/25/2017,83,14
8/26/2017,67,7
8/27/2017,66,4
8/28/2017,79,13
8/29/2017,81,13
8/30/2017,84,15
8/31/2017,92,15
9/1/2017,80,17
9/2/2017,62,6
9/3/2017,63,5
9/4/2017,77,8
9/5/2017,79,14
9/6/2017,83,11
9/7/2017,89,15
9/8/2017,80,14
9/9/2017,57,6
9/10/2017,71,7
9/11/2017,81,13
9/12/2017,78,14
9/13/2017,83,16
9/14/2017,96,15
9/15/2017,85,14
9/16/2017,67,7
9/17/2017,67,6
9/18/2017,85,12
9/19/2017,90,17
9/20/2017,78,16
9/21/2017,93,15
9/22/2017,76,12
9/23/2017,65,9
9/24/2017,68,5
9/25/2017,85,19
9/26/2017,84,19
9/27/2017,84,18
9/28/2017,94,16
9/29/2017,77,16
9/30/2017,70,7
10/1/2017,72,6
10/2/2017,77,14
10/3/2017,86,17
10/4/2017,85,17
10/5/2017,97,17
10/6/2017,81,16
10/7/2017,65,7
10/8/2017,68,7
10/9/2017,81,14
10/10/2017,84,16
10/11/2017,80,15
10/12/2017,92,14
10/13/2017,78,13
10/14/2017,68,6
10/15/2017,71,6
10/16/2017,80,14
10/17/2017,83,15
10/18/2017,92,16
10/19/2017,94,16
10/20/2017,78,16
10/21/2017,72,8
10/22/2017,68,5
10/23/2017,79,13
10/24/2017,83,16
10/25/2017,88,15
10/26/2017,92,16
10/27/2017,78,21
10/28/2017,63,10
10/29/2017,75,6
10/30/2017,82,18
10/31/2017,83,20
11/1/2017,75,31
11/2/2017,90,31
11/3/2017,79,20
11/4/2017,70,9
11/5/2017,70,7
11/6/2017,79,17
11/7/2017,86,19
11/8/2017,89,18
11/9/2017,97,15
11/10/2017,84,16
11/11/2017,71,8
11/12/2017,83,9
11/13/2017,87,17
11/14/2017,86,14
11/15/2017,83,14
11/16/2017,94,17
11/17/2017,81,15
11/18/2017,64,9
11/19/2017,67,6
11/20/2017,77,14
11/21/2017,79,16
11/22/2017,83,14
11/23/2017,91,9
11/24/2017,77,12
11/25/2017,62,8
11/26/2017,62,7
11/27/2017,74,14
11/28/2017,82,15
11/29/2017,83,21
11/30/2017,93,20
12/1/2017,74,18
12/2/2017,64,8
12/3/2017,100,6
12/4/2017,81,17
12/5/2017,81,19
12/6/2017,77,18
12/7/2017,88,18
12/8/2017,77,18
12/9/2017,66,9
12/10/2017,67,8
12/11/2017,74,14
12/12/2017,78,16
12/13/2017,76,16
12/14/2017,92,17
12/15/2017,75,15
12/16/2017,65,9
12/17/2017,68,8
12/18/2017,73,13
12/19/2017,74,15
12/20/2017,75,17
12/21/2017,92,17
12/22/2017,69,15
12/23/2017,53,9
12/24/2017,55,6
12/25/2017,57,6
12/26/2017,64,11
12/27/2017,69,14
12/28/2017,86,16
12/29/2017,74,15
12/30/2017,62,9
12/31/2017,61,5
1/1/2018,59,6
1/1/2018,12,1
1/2/2018,15,3
1/3/2018,15,4
1/4/2018,18,4
1/5/2018,17,4
1/6/2018,13,2
1/7/2018,14,2
1/8/2018,16,4
1/9/2018,17,4
1/10/2018,18,4
1/11/2018,19,4
1/12/2018,16,7
1/13/2018,13,4
1/14/2018,13,2
1/15/2018,16,3
1/16/2018,17,5
1/17/2018,18,5
1/18/2018,20,4
1/19/2018,17,4
1/20/2018,13,2
1/21/2018,14,2
1/22/2018,17,3
1/23/2018,17,5
1/24/2018,17,5
1/25/2018,20,4
1/26/2018,17,4
1/27/2018,15,2
1/28/2018,14,1
1/29/2018,17,4
1/30/2018,17,5
1/31/2018,18,6
2/1/2018,19,7
2/2/2018,18,6
2/3/2018,14,3
2/4/2018,13,2
2/5/2018,17,6
2/6/2018,22,8
2/7/2018,45,5
2/8/2018,40,5
2/9/2018,30,6
2/10/2018,31,2
2/11/2018,73,1
2/12/2018,28,4
2/13/2018,23,4
2/14/2018,20,4
2/15/2018,23,4
2/16/2018,20,4
2/17/2018,20,2
2/18/2018,25,1
2/19/2018,23,2
2/20/2018,22,4
2/21/2018,20,4
2/22/2018,24,3
2/23/2018,19,4
2/24/2018,17,2
2/25/2018,17,2
2/26/2018,18,4
2/27/2018,19,4
2/28/2018,19,4
3/1/2018,21,3
3/2/2018,17,4
3/3/2018,16,2
3/4/2018,15,1
3/5/2018,16,3
3/6/2018,17,4
3/7/2018,19,3
3/8/2018,21,3
3/9/2018,18,4
3/10/2018,15,2
3/11/2018,15,1
3/12/2018,19,3
3/13/2018,17,3
3/14/2018,18,3
3/15/2018,20,3
3/16/2018,18,3
3/17/2018,15,1
3/18/2018,15,1
3/19/2018,17,18
3/20/2018,17,33
3/21/2018,18,37
3/22/2018,21,27
3/23/2018,17,18
3/24/2018,15,11
3/25/2018,19,8
3/26/2018,19,25
3/27/2018,17,24
3/28/2018,18,20
3/29/2018,20,14
3/30/2018,15,8
3/31/2018,14,4
4/1/2018,14,4
4/2/2018,17,10
4/3/2018,18,9
4/4/2018,17,10
4/5/2018,21,10
4/6/2018,17,8
4/7/2018,15,4
4/8/2018,15,3
4/9/2018,18,7
4/10/2018,18,17
4/11/2018,17,18
4/12/2018,22,12
4/13/2018,19,8
4/14/2018,16,4
4/15/2018,16,3
4/16/2018,18,6
4/17/2018,19,6
4/18/2018,19,6
4/19/2018,21,5
4/20/2018,18,4
4/21/2018,16,2
4/22/2018,15,2
4/23/2018,17,5
4/24/2018,18,6
4/25/2018,18,8
4/26/2018,21,10
4/27/2018,17,7
4/28/2018,16,3
4/29/2018,15,2
4/30/2018,17,5
5/1/2018,18,5
5/2/2018,19,6
5/3/2018,21,5
5/4/2018,18,4
5/5/2018,19,2
5/6/2018,17,2
5/7/2018,18,4
5/8/2018,19,4
5/9/2018,18,5
5/10/2018,22,5
5/11/2018,19,5
5/12/2018,21,3
5/13/2018,20,2
5/14/2018,19,4
5/15/2018,18,4
5/16/2018,18,4
5/17/2018,21,4
5/18/2018,17,4
5/19/2018,16,2
5/20/2018,16,1
5/21/2018,18,3
5/22/2018,18,4
5/23/2018,18,4
5/24/2018,22,4
5/25/2018,18,3
5/26/2018,15,2
5/27/2018,16,1
5/28/2018,17,2
5/29/2018,17,3
5/30/2018,17,4
5/31/2018,20,4
6/1/2018,18,4
6/2/2018,16,2
6/3/2018,16,2
6/4/2018,17,4
6/5/2018,19,4
6/6/2018,17,5
6/7/2018,20,4
6/8/2018,17,4
6/9/2018,15,2
6/10/2018,14,2
6/11/2018,18,4
6/12/2018,19,4
6/13/2018,20,4
6/14/2018,21,4
6/15/2018,18,4
6/16/2018,14,2
6/17/2018,14,1
6/18/2018,18,3
6/19/2018,18,5
6/20/2018,17,5
6/21/2018,19,5
6/22/2018,17,4
6/23/2018,15,2
6/24/2018,14,2
6/25/2018,16,4
6/26/2018,17,4
6/27/2018,17,4
6/28/2018,20,4
6/29/2018,16,4
6/30/2018,14,2
7/1/2018,13,1
7/2/2018,15,3
7/3/2018,15,3
7/4/2018,17,2
7/5/2018,20,3
7/6/2018,16,4
7/7/2018,14,2
7/8/2018,15,2
7/9/2018,17,3
7/10/2018,17,4
7/11/2018,17,3
7/12/2018,20,4
7/13/2018,16,4
7/14/2018,15,2
7/15/2018,14,1
7/16/2018,17,4
7/17/2018,17,5
7/18/2018,18,4
7/19/2018,20,4
7/20/2018,17,4
7/21/2018,15,2
7/22/2018,15,1
7/23/2018,17,4
7/24/2018,18,5
7/25/2018,17,17
7/26/2018,20,100
7/27/2018,16,62
7/28/2018,14,19
7/29/2018,14,9
7/30/2018,17,19
7/31/2018,16,18
8/1/2018,18,13
8/2/2018,21,11
8/3/2018,18,9
8/4/2018,14,4
8/5/2018,14,2
8/6/2018,16,8
8/7/2018,16,9
8/8/2018,19,8
8/9/2018,21,7
8/10/2018,17,6
8/11/2018,15,3
8/12/2018,15,2
8/13/2018,18,5
8/14/2018,19,5
8/15/2018,18,6
8/16/2018,21,6
8/17/2018,18,6
8/18/2018,15,3
8/19/2018,14,2
8/20/2018,16,5
8/21/2018,18,5
8/22/2018,16,5
8/23/2018,19,5
8/24/2018,16,5
8/25/2018,13,2
8/26/2018,14,2
8/27/2018,17,4
8/28/2018,18,5
8/29/2018,17,5
8/30/2018,19,5
8/31/2018,17,5
9/1/2018,15,2
9/1/2018,63,7
9/2/2018,56,6
9/3/2018,68,8
9/4/2018,72,24
9/5/2018,67,29
9/6/2018,89,29
9/7/2018,76,25
9/8/2018,59,11
9/9/2018,55,7
9/10/2018,66,19
9/11/2018,72,20
9/12/2018,72,21
9/13/2018,80,22
9/14/2018,74,20
9/15/2018,63,10
9/16/2018,62,7
9/17/2018,67,17
9/18/2018,73,20
9/19/2018,76,19
9/20/2018,84,20
9/21/2018,68,20
9/22/2018,56,7
9/23/2018,53,7
9/24/2018,70,18
9/25/2018,73,23
9/26/2018,76,21
9/27/2018,83,22
9/28/2018,71,34
9/29/2018,59,15
9/30/2018,60,11
10/1/2018,65,23
10/2/2018,68,26
10/3/2018,74,21
10/4/2018,87,22
10/5/2018,71,19
10/6/2018,56,8
10/7/2018,56,6
10/8/2018,65,18
10/9/2018,73,21
10/10/2018,72,24
10/11/2018,79,32
10/12/2018,66,29
10/13/2018,59,10
10/14/2018,56,8
10/15/2018,66,18
10/16/2018,72,23
10/17/2018,72,24
10/18/2018,86,24
10/19/2018,74,17
10/20/2018,65,8
10/21/2018,59,7
10/22/2018,76,16
10/23/2018,75,19
10/24/2018,74,21
10/25/2018,80,26
10/26/2018,70,24
10/27/2018,60,10
10/28/2018,57,6
10/29/2018,71,19
10/30/2018,73,35
10/31/2018,68,35
11/1/2018,80,24
11/2/2018,67,20
11/3/2018,58,8
11/4/2018,65,7
11/5/2018,71,18
11/6/2018,72,18
11/7/2018,69,18
11/8/2018,79,20
11/9/2018,70,17
11/10/2018,62,7
11/11/2018,62,6
11/12/2018,69,16
11/13/2018,75,19
11/14/2018,76,17
11/15/2018,82,22
11/16/2018,68,20
11/17/2018,59,10
11/18/2018,58,8
11/19/2018,75,29
11/20/2018,71,35
11/21/2018,71,27
11/22/2018,81,11
11/23/2018,64,15
11/24/2018,67,9
11/25/2018,58,8
11/26/2018,71,18
11/27/2018,73,23
11/28/2018,72,22
11/29/2018,83,19
11/30/2018,70,18
12/1/2018,67,7
12/2/2018,100,7
12/3/2018,74,19
12/4/2018,75,23
12/5/2018,75,17
12/6/2018,83,23
12/7/2018,69,19
12/8/2018,60,10
12/9/2018,64,6
12/10/2018,76,16
12/11/2018,69,18
12/12/2018,75,17
12/13/2018,86,18
12/14/2018,70,19
12/15/2018,59,10
12/16/2018,60,5
12/17/2018,68,16
12/18/2018,71,19
12/19/2018,67,32
12/20/2018,78,33
12/21/2018,63,28
12/22/2018,52,14
12/23/2018,49,8
12/24/2018,59,21
12/25/2018,50,13
12/26/2018,55,23
12/27/2018,74,22
12/28/2018,63,18
12/29/2018,58,11
12/30/2018,59,6
12/31/2018,80,15
1/1/2019,63,8
1/2/2019,72,16
1/3/2019,73,25
1/4/2019,76,24
1/5/2019,61,10
1/6/2019,55,6
1/7/2019,66,16
1/8/2019,70,18
1/9/2019,74,18
1/10/2019,83,17
1/11/2019,67,15
1/12/2019,60,7
1/13/2019,62,5
1/14/2019,71,14
1/15/2019,72,19
1/16/2019,72,20
1/17/2019,85,17
1/18/2019,72,17
1/19/2019,57,8
1/20/2019,56,5
1/21/2019,64,11
1/22/2019,68,15
1/23/2019,73,15
1/24/2019,82,15
1/25/2019,68,17
1/26/2019,60,7
1/27/2019,58,6
1/28/2019,73,14
1/29/2019,73,16
1/30/2019,70,30
1/31/2019,87,42
2/1/2019,81,25
2/2/2019,59,9
2/3/2019,61,5
2/4/2019,71,16
2/5/2019,72,19
2/6/2019,74,18
2/7/2019,91,17
2/8/2019,80,16
2/9/2019,76,7
2/10/2019,68,6
2/11/2019,73,13
2/12/2019,76,14
2/13/2019,70,15
2/14/2019,86,13
2/15/2019,76,16
2/16/2019,61,7
2/17/2019,59,6
2/18/2019,71,9
2/19/2019,71,15
2/20/2019,70,12
2/21/2019,85,14
2/22/2019,66,15
2/23/2019,58,8
2/24/2019,66,6
2/25/2019,75,14
2/26/2019,75,15
2/27/2019,71,13
2/28/2019,88,12
3/1/2019,72,15
3/2/2019,61,6
3/3/2019,54,5
3/4/2019,62,14
3/5/2019,70,16
3/6/2019,71,16
3/7/2019,85,18
3/8/2019,68,13
3/9/2019,60,7
3/10/2019,60,4
3/11/2019,71,15
3/12/2019,73,16
3/13/2019,69,19
3/14/2019,85,25
3/15/2019,73,21
3/16/2019,58,7
3/17/2019,60,5
3/18/2019,68,17
3/19/2019,71,19
3/20/2019,73,16
3/21/2019,81,16
3/22/2019,69,16
3/23/2019,58,7
3/24/2019,61,5
3/25/2019,70,15
3/26/2019,71,17
3/27/2019,74,12
3/28/2019,90,15
3/29/2019,70,14
3/30/2019,59,7
3/31/2019,59,6
4/1/2019,70,14
4/2/2019,71,17
4/3/2019,73,18
4/4/2019,88,18
4/5/2019,70,16
4/6/2019,63,7
4/7/2019,63,7
4/8/2019,70,13
4/9/2019,71,16
4/10/2019,75,14
4/11/2019,84,15
4/12/2019,76,15
4/13/2019,63,7
4/14/2019,59,6
4/15/2019,63,15
4/16/2019,69,13
4/17/2019,70,16
4/18/2019,75,17
4/19/2019,65,11
4/20/2019,61,5
4/21/2019,60,5
4/22/2019,66,15
4/23/2019,72,18
4/24/2019,74,27
4/25/2019,87,35
4/26/2019,71,22
4/27/2019,58,9
4/28/2019,60,7
4/29/2019,71,17
4/30/2019,91,20
5/1/2019,60,17
5/1/2019,62,18
5/2/2019,73,16
5/3/2019,77,18
5/4/2019,60,7
5/5/2019,64,6
5/6/2019,74,15
5/7/2019,76,18
5/8/2019,75,15
5/9/2019,88,18
5/10/2019,74,21
5/11/2019,62,7
5/12/2019,58,6
5/13/2019,80,19
5/14/2019,72,18
5/15/2019,77,19
5/16/2019,90,17
5/17/2019,73,15
5/18/2019,61,7
5/19/2019,63,5
5/20/2019,70,12
5/21/2019,75,16
5/22/2019,77,14
5/23/2019,83,14
5/24/2019,67,13
5/25/2019,60,9
5/26/2019,60,6
5/27/2019,75,6
5/28/2019,76,14
5/29/2019,79,16
5/30/2019,94,14
5/31/2019,74,13
6/1/2019,59,5
6/2/2019,62,6
6/3/2019,70,21
6/4/2019,77,22
6/5/2019,76,17
6/6/2019,87,14
6/7/2019,67,16
6/8/2019,62,8
6/9/2019,59,6
6/10/2019,71,14
6/11/2019,71,15
6/12/2019,72,14
6/13/2019,88,14
6/14/2019,74,14
6/15/2019,62,7
6/16/2019,60,6
6/17/2019,73,17
6/18/2019,75,32
6/19/2019,79,25
6/20/2019,84,20
6/21/2019,69,20
6/22/2019,59,8
6/23/2019,60,6
6/24/2019,69,15
6/25/2019,75,17
6/26/2019,71,15
6/27/2019,83,15
6/28/2019,66,16
6/29/2019,60,8
6/30/2019,57,5
7/1/2019,73,15
7/2/2019,73,16
7/3/2019,71,19
7/4/2019,82,9
7/5/2019,69,13
7/6/2019,58,5
7/7/2019,57,5
7/8/2019,67,14
7/9/2019,69,15
7/10/2019,71,17
7/11/2019,85,18
7/12/2019,67,20
7/13/2019,60,11
7/14/2019,58,7
7/15/2019,69,16
7/16/2019,72,16
7/17/2019,73,17
7/18/2019,85,15
7/19/2019,67,16
7/20/2019,60,6
7/21/2019,59,5
7/22/2019,67,15
7/23/2019,69,16
7/24/2019,66,31
7/25/2019,87,29
7/26/2019,65,21
7/27/2019,58,9
7/28/2019,60,6
7/29/2019,68,14
7/30/2019,72,15
7/31/2019,76,16
8/1/2019,81,15
8/2/2019,70,17
8/3/2019,60,7
8/4/2019,60,7
8/5/2019,67,16
8/6/2019,71,20
8/7/2019,74,17
8/8/2019,73,14
8/9/2019,80,15
8/10/2019,64,6
8/11/2019,65,4
8/12/2019,74,14
8/13/2019,80,15
8/14/2019,77,18
8/15/2019,94,19
8/16/2019,77,16
8/17/2019,63,7
8/18/2019,60,5
8/19/2019,75,13
8/20/2019,78,14
8/21/2019,72,13
8/22/2019,89,12
8/23/2019,70,15
8/24/2019,60,7
8/25/2019,60,4
8/26/2019,75,13
8/27/2019,74,16
8/28/2019,77,12
8/29/2019,91,13
8/30/2019,75,11
8/31/2019,62,5
9/1/2019,62,4
9/2/2019,71,6
9/3/2019,74,11
9/4/2019,75,13
9/5/2019,90,15
9/6/2019,70,14
9/7/2019,62,5
9/8/2019,61,4
9/9/2019,74,11
9/10/2019,75,13
9/11/2019,74,14
9/12/2019,92,16
9/13/2019,77,12
9/14/2019,59,6
9/15/2019,57,5
9/16/2019,73,11
9/17/2019,74,12
9/18/2019,74,12
9/19/2019,90,12
9/20/2019,73,11
9/21/2019,61,6
9/22/2019,58,4
9/23/2019,71,11
9/24/2019,74,12
9/25/2019,79,12
9/26/2019,94,13
9/27/2019,75,10
9/28/2019,66,5
9/29/2019,60,4
9/30/2019,79,12
10/1/2019,73,13
10/2/2019,77,12
10/3/2019,92,12
10/4/2019,73,12
10/5/2019,61,6
10/6/2019,61,5
10/7/2019,72,10
10/8/2019,77,11
10/9/2019,75,10
10/10/2019,88,11
10/11/2019,79,13
10/12/2019,60,5
10/13/2019,62,5
10/14/2019,69,11
10/15/2019,78,14
10/16/2019,76,11
10/17/2019,91,12
10/18/2019,76,12
10/19/2019,65,5
10/20/2019,67,4
10/21/2019,75,13
10/22/2019,76,14
10/23/2019,77,15
10/24/2019,97,14
10/25/2019,75,13
10/26/2019,64,7
10/27/2019,83,4
10/28/2019,98,13
10/29/2019,79,12
10/30/2019,75,19
10/31/2019,92,21
11/1/2019,68,15
11/2/2019,59,6
11/3/2019,70,4
11/4/2019,72,13
11/5/2019,75,14
11/6/2019,80,13
11/7/2019,96,14
11/8/2019,73,12
11/9/2019,65,7
11/10/2019,64,5
11/11/2019,74,11
11/12/2019,72,14
11/13/2019,78,14
11/14/2019,94,14
11/15/2019,73,13
11/16/2019,65,5
11/17/2019,61,5
11/18/2019,76,13
11/19/2019,77,13
11/20/2019,78,15
11/21/2019,100,13
11/22/2019,76,14
11/23/2019,58,6
11/24/2019,57,6
11/25/2019,70,12
11/26/2019,74,15
11/27/2019,70,12
11/28/2019,84,9
11/29/2019,70,7
11/30/2019,62,5
12/1/2019,62,5
12/2/2019,69,11
12/3/2019,73,10
12/4/2019,74,12
12/5/2019,87,14
12/6/2019,69,13
12/7/2019,56,7
12/8/2019,58,4
12/9/2019,62,10
12/10/2019,69,13
12/11/2019,73,12
12/12/2019,92,12
12/13/2019,75,14
12/14/2019,65,6
12/15/2019,70,4
12/16/2019,72,13
12/17/2019,70,13
12/18/2019,73,12
12/19/2019,91,14
12/20/2019,74,13
12/21/2019,58,5
12/22/2019,55,4
12/23/2019,59,12
12/24/2019,66,12
12/25/2019,55,7
12/26/2019,67,12
12/27/2019,79,14
12/28/2019,64,8
12/29/2019,68,4
12/30/2019,72,12
12/31/2019,67,12
1/1/2020,63,8
1/1/2020,40,5
1/2/2020,48,9
1/3/2020,47,9
1/4/2020,39,4
1/5/2020,39,3
1/6/2020,41,8
1/7/2020,44,10
1/8/2020,47,10
1/9/2020,57,11
1/10/2020,48,11
1/11/2020,42,4
1/12/2020,40,4
1/13/2020,51,9
1/14/2020,49,9
1/15/2020,52,11
1/16/2020,58,10
1/17/2020,48,10
1/18/2020,43,6
1/19/2020,39,4
1/20/2020,47,5
1/21/2020,49,9
1/22/2020,48,10
1/23/2020,62,9
1/24/2020,50,9
1/25/2020,41,4
1/26/2020,39,3
1/27/2020,47,8
1/28/2020,51,10
1/29/2020,52,15
1/30/2020,60,23
1/31/2020,50,20
2/1/2020,45,6
2/2/2020,44,5
2/3/2020,48,12
2/4/2020,49,13
2/5/2020,55,13
2/6/2020,62,12
2/7/2020,55,11
2/8/2020,43,5
2/9/2020,46,4
2/10/2020,52,10
2/11/2020,52,12
2/12/2020,53,11
2/13/2020,64,11
2/14/2020,49,10
2/15/2020,48,5
2/16/2020,45,4
2/17/2020,54,6
2/18/2020,53,10
2/19/2020,56,11
2/20/2020,61,11
2/21/2020,55,10
2/22/2020,46,5
2/23/2020,45,4
2/24/2020,49,12
2/25/2020,50,14
2/26/2020,53,14
2/27/2020,64,16
2/28/2020,57,20
2/29/2020,45,9
3/1/2020,44,5
3/2/2020,53,15
3/3/2020,54,13
3/4/2020,59,12
3/5/2020,64,12
3/6/2020,51,14
3/7/2020,45,6
3/8/2020,41,5
3/9/2020,47,22
3/10/2020,49,18
3/11/2020,49,17
3/12/2020,56,27
3/13/2020,48,27
3/14/2020,40,12
3/15/2020,42,9
3/16/2020,41,26
3/17/2020,45,23
3/18/2020,47,28
3/19/2020,57,26
3/20/2020,47,21
3/21/2020,45,12
3/22/2020,41,8
3/23/2020,46,20
3/24/2020,50,21
3/25/2020,49,21
3/26/2020,51,19
3/27/2020,49,17
3/28/2020,45,10
3/29/2020,45,8
3/30/2020,48,16
3/31/2020,54,17
4/1/2020,49,15
4/2/2020,50,16
4/3/2020,49,15
4/4/2020,67,9
4/5/2020,100,6
4/6/2020,51,15
4/7/2020,51,15
4/8/2020,49,16
4/9/2020,50,16
4/10/2020,46,13
4/11/2020,47,6
4/12/2020,47,6
4/13/2020,49,14
4/14/2020,52,16
4/15/2020,52,14
4/16/2020,51,16
4/17/2020,51,17
4/18/2020,45,7
4/19/2020,49,7
4/20/2020,51,15
4/21/2020,53,15
4/22/2020,52,16
4/23/2020,53,16
4/24/2020,52,16
4/25/2020,49,9
4/26/2020,48,8
4/27/2020,52,15
4/28/2020,55,16
4/29/2020,54,25
4/30/2020,52,27
5/1/2020,57,18
5/2/2020,53,8
5/3/2020,49,6
5/4/2020,56,14
5/5/2020,55,14
5/6/2020,53,14
5/7/2020,54,15
5/8/2020,53,15
5/9/2020,50,8
5/10/2020,48,6
5/11/2020,53,13
5/12/2020,57,13
5/13/2020,54,15
5/14/2020,62,13
5/15/2020,53,13
5/16/2020,49,7
5/17/2020,49,6
5/18/2020,55,14
5/19/2020,53,16
5/20/2020,66,20
5/21/2020,62,21
5/22/2020,54,16
5/23/2020,49,9
5/24/2020,48,7
5/25/2020,55,8
5/26/2020,52,16
5/27/2020,53,17
5/28/2020,65,19
5/29/2020,54,16
5/30/2020,49,6
5/31/2020,47,6
6/1/2020,51,14
6/2/2020,54,15
6/3/2020,53,15
6/4/2020,62,14
6/5/2020,51,15
6/6/2020,44,8
6/7/2020,47,6
6/8/2020,52,15
6/9/2020,54,17
6/10/2020,55,16
6/11/2020,61,16
6/12/2020,53,15
6/13/2020,47,7
6/14/2020,43,5
6/15/2020,52,14
6/16/2020,54,13
6/17/2020,57,13
6/18/2020,63,12
6/19/2020,54,13
6/20/2020,51,6
6/21/2020,46,5
6/22/2020,50,13
6/23/2020,51,13
6/24/2020,53,15
6/25/2020,60,13
6/26/2020,55,20
6/27/2020,43,20
6/28/2020,46,16
6/29/2020,48,31
6/30/2020,54,27
7/1/2020,54,20
7/2/2020,61,18
7/3/2020,51,10
7/4/2020,48,7
7/5/2020,46,6
7/6/2020,48,15
7/7/2020,50,17
7/8/2020,55,17
7/9/2020,63,14
7/10/2020,49,13
7/11/2020,46,8
7/12/2020,47,7
7/13/2020,50,15
7/14/2020,51,15
7/15/2020,52,14
7/16/2020,57,14
7/17/2020,50,12
7/18/2020,47,7
7/19/2020,44,6
7/20/2020,47,13
7/21/2020,51,15
7/22/2020,52,13
7/23/2020,61,13
7/24/2020,55,14
7/25/2020,43,7
7/26/2020,43,5
7/27/2020,51,12
7/28/2020,53,13
7/29/2020,52,15
7/30/2020,61,22
7/31/2020,55,27
8/1/2020,44,9
8/2/2020,43,6
8/3/2020,48,16
8/4/2020,49,15
8/5/2020,53,13
8/6/2020,62,17
8/7/2020,49,19
8/8/2020,50,9
8/9/2020,44,6
8/10/2020,54,14
8/11/2020,51,14
8/12/2020,53,15
8/13/2020,61,13
8/14/2020,47,13
8/15/2020,43,6
8/16/2020,46,6
8/17/2020,49,11
8/18/2020,52,13
8/19/2020,53,13
8/20/2020,64,14
8/21/2020,53,14
8/22/2020,48,7
8/23/2020,46,5
8/24/2020,52,13
8/25/2020,51,15
8/26/2020,53,19
8/27/2020,66,20
8/28/2020,56,15
8/29/2020,50,7
8/30/2020,47,6
8/31/2020,52,14
9/1/2020,53,17
9/1/2020,49,16
9/2/2020,48,15
9/3/2020,56,16
9/4/2020,44,17
9/5/2020,45,6
9/6/2020,40,5
9/7/2020,46,5
9/8/2020,48,14
9/9/2020,49,15
9/10/2020,57,12
9/11/2020,49,12
9/12/2020,43,5
9/13/2020,41,4
9/14/2020,47,12
9/15/2020,46,13
9/16/2020,50,13
9/17/2020,61,13
9/18/2020,51,12
9/19/2020,43,6
9/20/2020,45,4
9/21/2020,47,12
9/22/2020,50,12
9/23/2020,50,11
9/24/2020,60,12
9/25/2020,49,10
9/26/2020,43,5
9/27/2020,36,4
9/28/2020,49,10
9/29/2020,52,10
9/30/2020,52,10
10/1/2020,64,11
10/2/2020,49,11
10/3/2020,39,5
10/4/2020,41,3
10/5/2020,47,10
10/6/2020,50,11
10/7/2020,49,10
10/8/2020,60,10
10/9/2020,48,8
10/10/2020,39,4
10/11/2020,49,4
10/12/2020,42,9
10/13/2020,44,10
10/14/2020,47,9
10/15/2020,59,10
10/16/2020,46,10
10/17/2020,37,4
10/18/2020,38,4
10/19/2020,44,8
10/20/2020,46,10
10/21/2020,48,11
10/22/2020,57,10
10/23/2020,45,9
10/24/2020,38,4
10/25/2020,39,3
10/26/2020,43,8
10/27/2020,44,10
10/28/2020,48,11
10/29/2020,54,17
10/30/2020,41,14
10/31/2020,37,6
11/1/2020,36,4
11/2/2020,40,10
11/3/2020,42,11
11/4/2020,36,10
11/5/2020,49,11
11/6/2020,40,9
11/7/2020,36,5
11/8/2020,33,5
11/9/2020,45,14
11/10/2020,45,14
11/11/2020,48,10
11/12/2020,58,10
11/13/2020,47,11
11/14/2020,40,5
11/15/2020,39,4
11/16/2020,41,11
11/17/2020,47,11
11/18/2020,48,13
11/19/2020,55,10
11/20/2020,44,11
11/21/2020,40,4
11/22/2020,38,3
11/23/2020,44,9
11/24/2020,41,12
11/25/2020,46,11
11/26/2020,54,6
11/27/2020,43,8
11/28/2020,39,4
11/29/2020,36,5
11/30/2020,44,9
12/1/2020,42,11
12/2/2020,45,11
12/3/2020,56,11
12/4/2020,43,11
12/5/2020,41,6
12/6/2020,44,4
12/7/2020,41,11
12/8/2020,40,12
12/9/2020,44,16
12/10/2020,52,20
12/11/2020,44,12
12/12/2020,38,6
12/13/2020,35,5
12/14/2020,40,9
12/15/2020,42,10
12/16/2020,43,11
12/17/2020,57,10
12/18/2020,43,10
12/19/2020,39,5
12/20/2020,35,4
12/21/2020,37,9
12/22/2020,41,11
12/23/2020,35,12
12/24/2020,57,10
12/25/2020,38,5
12/26/2020,38,4
12/27/2020,35,4
12/28/2020,39,9
12/29/2020,39,11
12/30/2020,43,11
12/31/2020,56,10
1/1/2021,39,5
1/2/2021,41,5
1/3/2021,39,4
1/4/2021,45,9
1/5/2021,48,11
1/6/2021,44,12
1/7/2021,53,13
1/8/2021,44,14
1/9/2021,41,12
1/10/2021,35,9
1/11/2021,39,25
1/12/2021,45,30
1/13/2021,50,26
1/14/2021,61,29
1/15/2021,49,28
1/16/2021,43,13
1/17/2021,43,8
1/18/2021,44,10
1/19/2021,46,15
1/20/2021,46,15
1/21/2021,53,15
1/22/2021,48,14
1/23/2021,41,8
1/24/2021,41,5
1/25/2021,46,13
1/26/2021,48,14
1/27/2021,49,21
1/28/2021,54,23
1/29/2021,46,21
1/30/2021,38,12
1/31/2021,42,8
2/1/2021,46,16
2/2/2021,46,17
2/3/2021,48,15
2/4/2021,53,14
2/5/2021,45,14
2/6/2021,41,7
2/7/2021,37,5
2/8/2021,43,11
2/9/2021,45,14
2/10/2021,46,14
2/11/2021,55,13
2/12/2021,47,11
2/13/2021,39,6
2/14/2021,37,4
2/15/2021,43,6
2/16/2021,43,11
2/17/2021,43,12
2/18/2021,60,12
2/19/2021,45,12
2/20/2021,41,6
2/21/2021,37,5
2/22/2021,49,10
2/23/2021,47,13
2/24/2021,48,12
2/25/2021,59,12
2/26/2021,48,12
2/27/2021,45,6
2/28/2021,45,4
3/1/2021,45,11
3/2/2021,46,12
3/3/2021,55,11
3/4/2021,73,12
3/5/2021,78,12
3/6/2021,100,7
3/7/2021,84,4
3/8/2021,51,11
3/9/2021,49,12
3/10/2021,50,12
3/11/2021,63,11
3/12/2021,52,11
3/13/2021,44,6
3/14/2021,44,4
3/15/2021,45,11
3/16/2021,54,10
3/17/2021,52,12
3/18/2021,62,9
3/19/2021,50,12
3/20/2021,44,6
3/21/2021,43,4
3/22/2021,48,11
3/23/2021,49,11
3/24/2021,51,11
3/25/2021,60,10
3/26/2021,48,9
3/27/2021,43,4
3/28/2021,39,4
3/29/2021,45,10
3/30/2021,49,11
3/31/2021,52,10
4/1/2021,60,11
4/2/2021,47,8
4/3/2021,45,5
4/4/2021,45,6
4/5/2021,48,13
4/6/2021,48,11
4/7/2021,47,11
4/8/2021,58,11
4/9/2021,48,9
4/10/2021,44,5
4/11/2021,46,3
4/12/2021,48,10
4/13/2021,50,10
4/14/2021,48,11
4/15/2021,59,10
4/16/2021,50,10
4/17/2021,43,5
4/18/2021,41,4
4/19/2021,49,9
4/20/2021,50,10
4/21/2021,49,9
4/22/2021,69,10
4/23/2021,62,10
4/24/2021,51,4
4/25/2021,50,4
4/26/2021,52,8
4/27/2021,52,10
4/28/2021,56,15
4/29/2021,63,18
4/30/2021,54,11
5/1/2021,48,5
5/1/2021,7,1
5/2/2021,7,1
5/3/2021,8,2
5/4/2021,7,1
5/5/2021,7,2
5/6/2021,9,2
5/7/2021,7,2
5/8/2021,7,1
5/9/2021,7,1
5/10/2021,7,1
5/11/2021,8,1
5/12/2021,8,2
5/13/2021,9,2
5/14/2021,7,1
5/15/2021,6,1
5/16/2021,6,1
5/17/2021,7,1
5/18/2021,7,1
5/19/2021,8,2
5/20/2021,9,1
5/21/2021,7,1
5/22/2021,7,1
5/23/2021,6,1
5/24/2021,7,1
5/25/2021,8,1
5/26/2021,7,2
5/27/2021,9,1
5/28/2021,7,1
5/29/2021,7,1
5/30/2021,6,0
5/31/2021,8,1
6/1/2021,8,1
6/2/2021,8,1
6/3/2021,9,1
6/4/2021,7,2
6/5/2021,7,1
6/6/2021,6,0
6/7/2021,7,1
6/8/2021,7,1
6/9/2021,8,1
6/10/2021,9,1
6/11/2021,7,1
6/12/2021,6,1
6/13/2021,6,0
6/14/2021,7,1
6/15/2021,7,1
6/16/2021,7,1
6/17/2021,9,1
6/18/2021,7,1
6/19/2021,7,1
6/20/2021,7,0
6/21/2021,8,1
6/22/2021,8,1
6/23/2021,7,1
6/24/2021,9,1
6/25/2021,7,1
6/26/2021,7,1
6/27/2021,7,1
6/28/2021,7,2
6/29/2021,7,2
6/30/2021,8,2
7/1/2021,9,1
7/2/2021,7,1
7/3/2021,6,1
7/4/2021,6,1
7/5/2021,7,1
7/6/2021,7,1
7/7/2021,7,1
7/8/2021,9,1
7/9/2021,7,1
7/10/2021,7,1
7/11/2021,6,0
7/12/2021,7,1
7/13/2021,7,1
7/14/2021,7,1
7/15/2021,9,1
7/16/2021,8,1
7/17/2021,7,1
7/18/2021,6,1
7/19/2021,7,1
7/20/2021,7,1
7/21/2021,7,1
7/22/2021,9,1
7/23/2021,7,2
7/24/2021,7,1
7/25/2021,6,1
7/26/2021,7,1
7/27/2021,7,1
7/28/2021,7,2
7/29/2021,9,2
7/30/2021,7,2
7/31/2021,6,1
8/1/2021,6,0
8/2/2021,7,1
8/3/2021,7,1
8/4/2021,7,1
8/5/2021,8,1
8/6/2021,7,1
8/7/2021,6,1
8/8/2021,6,1
8/9/2021,7,1
8/10/2021,7,1
8/11/2021,7,1
8/12/2021,9,1
8/13/2021,7,1
8/14/2021,6,1
8/15/2021,6,0
8/16/2021,7,1
8/17/2021,7,1
8/18/2021,7,1
8/19/2021,8,1
8/20/2021,7,1
8/21/2021,6,1
8/22/2021,6,0
8/23/2021,7,1
8/24/2021,7,2
8/25/2021,7,1
8/26/2021,9,1
8/27/2021,7,1
8/28/2021,6,1
8/29/2021,6,0
8/30/2021,7,1
8/31/2021,7,1
9/1/2021,7,1
9/2/2021,9,1
9/3/2021,7,1
9/4/2021,6,1
9/5/2021,6,0
9/6/2021,7,1
9/7/2021,7,1
9/8/2021,7,1
9/9/2021,9,1
9/10/2021,7,1
9/11/2021,6,1
9/12/2021,6,0
9/13/2021,7,1
9/14/2021,7,1
9/15/2021,7,1
9/16/2021,9,1
9/17/2021,7,1
9/18/2021,6,1
9/19/2021,6,0
9/20/2021,7,1
9/21/2021,7,1
9/22/2021,7,2
9/23/2021,9,1
9/24/2021,7,1
9/25/2021,6,1
9/26/2021,6,0
9/27/2021,7,1
9/28/2021,8,1
9/29/2021,7,1
9/30/2021,9,1
10/1/2021,8,1
10/2/2021,6,1
10/3/2021,6,0
10/4/2021,7,17
10/5/2021,7,11
10/6/2021,8,4
10/7/2021,9,2
10/8/2021,7,2
10/9/2021,6,1
10/10/2021,6,1
10/11/2021,7,1
10/12/2021,7,2
10/13/2021,7,2
10/14/2021,9,1
10/15/2021,7,2
10/16/2021,6,1
10/17/2021,6,1
10/18/2021,7,1
10/19/2021,7,1
10/20/2021,7,2
10/21/2021,9,2
10/22/2021,7,2
10/23/2021,6,1
10/24/2021,7,1
10/25/2021,7,3
10/26/2021,7,3
10/27/2021,8,2
10/28/2021,56,4
10/29/2021,100,5
10/30/2021,47,2
10/31/2021,28,1
11/1/2021,21,2
11/2/2021,19,2
11/3/2021,19,2
11/4/2021,26,2
11/5/2021,25,2
11/6/2021,23,1
11/7/2021,21,1
11/8/2021,20,2
11/9/2021,19,2
11/10/2021,18,2
11/11/2021,18,2
11/12/2021,18,2
11/13/2021,17,1
11/14/2021,16,1
11/15/2021,18,2
11/16/2021,16,2
11/17/2021,15,2
11/18/2021,17,2
11/19/2021,15,2
11/20/2021,14,1
11/21/2021,13,1
11/22/2021,14,2
11/23/2021,13,1
11/24/2021,13,1
11/25/2021,15,1
11/26/2021,12,1
11/27/2021,12,1
11/28/2021,12,1
11/29/2021,13,1
11/30/2021,13,2
12/1/2021,13,2
12/2/2021,13,1
12/3/2021,13,2
12/4/2021,12,1
12/5/2021,13,1
12/6/2021,12,2
12/7/2021,13,2
12/8/2021,14,1
12/9/2021,12,1
12/10/2021,13,1
12/11/2021,12,1
12/12/2021,11,0
12/13/2021,12,1
12/14/2021,12,1
12/15/2021,11,1
12/16/2021,15,1
12/17/2021,11,1
12/18/2021,11,1
12/19/2021,10,0
12/20/2021,11,1
12/21/2021,11,1
12/22/2021,11,2
12/23/2021,13,1
12/24/2021,9,1
12/25/2021,10,1
12/26/2021,10,0
12/27/2021,11,1
12/28/2021,11,1
12/29/2021,11,1
12/30/2021,13,1
12/31/2021,11,1
1/1/2022,12,1
1/1/2022,25,2
1/2/2022,26,2
1/3/2022,29,3
1/4/2022,40,4
1/5/2022,31,2
1/6/2022,29,3
1/7/2022,31,3
1/8/2022,29,2
1/9/2022,27,1
1/10/2022,28,3
1/11/2022,29,3
1/12/2022,30,3
1/13/2022,30,2
1/14/2022,26,2
1/15/2022,28,2
1/16/2022,24,1
1/17/2022,23,2
1/18/2022,25,3
1/19/2022,27,2
1/20/2022,31,3
1/21/2022,29,3
1/22/2022,31,2
1/23/2022,28,2
1/24/2022,27,4
1/25/2022,26,3
1/26/2022,28,3
1/27/2022,31,3
1/28/2022,30,3
1/29/2022,32,2
1/30/2022,30,1
1/31/2022,30,3
2/1/2022,32,3
2/2/2022,41,9
2/3/2022,100,37
2/4/2022,90,32
2/5/2022,47,11
2/6/2022,38,7
2/7/2022,57,12
2/8/2022,53,12
2/9/2022,46,9
2/10/2022,37,6
2/11/2022,36,7
2/12/2022,31,3
2/13/2022,29,3
2/14/2022,35,5
2/15/2022,37,6
2/16/2022,38,6
2/17/2022,43,5
2/18/2022,40,6
2/19/2022,31,3
2/20/2022,29,2
2/21/2022,33,3
2/22/2022,35,5
2/23/2022,35,5
2/24/2022,38,7
2/25/2022,30,4
2/26/2022,25,2
2/27/2022,23,2
2/28/2022,28,4
3/1/2022,26,4
3/2/2022,28,4
3/3/2022,35,4
3/4/2022,31,4
3/5/2022,25,2
3/6/2022,24,1
3/7/2022,30,4
3/8/2022,28,4
3/9/2022,27,4
3/10/2022,32,3
3/11/2022,40,3
3/12/2022,29,2
3/13/2022,27,1
3/14/2022,29,4
3/15/2022,30,3
3/16/2022,30,4
3/17/2022,35,4
3/18/2022,32,4
3/19/2022,27,2
3/20/2022,27,1
3/21/2022,31,3
3/22/2022,30,3
3/23/2022,30,3
3/24/2022,32,3
3/25/2022,28,3
3/26/2022,24,1
3/27/2022,24,1
3/28/2022,29,3
3/29/2022,29,3
3/30/2022,30,3
3/31/2022,34,3
4/1/2022,30,3
4/2/2022,26,1
4/3/2022,24,1
4/4/2022,31,3
4/5/2022,31,3
4/6/2022,30,3
4/7/2022,31,3
4/8/2022,28,3
4/9/2022,25,1
4/10/2022,24,1
4/11/2022,29,3
4/12/2022,27,3
4/13/2022,30,3
4/14/2022,34,3
4/15/2022,26,2
4/16/2022,24,1
4/17/2022,25,1
4/18/2022,28,3
4/19/2022,29,3
4/20/2022,36,4
4/21/2022,39,4
4/22/2022,30,4
4/23/2022,26,2
4/24/2022,26,1
4/25/2022,31,5
4/26/2022,34,5
4/27/2022,42,6
4/28/2022,49,7
4/29/2022,31,5
4/30/2022,26,2
5/1/2022,28,1
5/2/2022,31,3
5/3/2022,31,3
5/4/2022,32,3
5/5/2022,38,3
5/6/2022,31,4
5/7/2022,29,2
5/8/2022,24,1
5/9/2022,32,3
5/10/2022,31,4
5/11/2022,36,4
5/12/2022,35,4
5/13/2022,30,3
5/14/2022,26,1
5/15/2022,23,1
5/16/2022,28,3
5/17/2022,26,3
5/18/2022,30,3
5/19/2022,31,3
5/20/2022,29,3
5/21/2022,25,1
5/22/2022,23,1
5/23/2022,29,3
5/24/2022,31,4
5/25/2022,31,3
5/26/2022,35,3
5/27/2022,28,3
5/28/2022,24,1
5/29/2022,26,1
5/30/2022,24,1
5/31/2022,28,2
6/1/2022,29,3
6/2/2022,34,3
6/3/2022,28,3
6/4/2022,24,1
6/5/2022,27,1
6/6/2022,27,3
6/7/2022,29,2
6/8/2022,30,2
6/9/2022,36,2
6/10/2022,32,3
6/11/2022,29,1
6/12/2022,27,1
6/13/2022,31,3
6/14/2022,32,3
6/15/2022,31,3
6/16/2022,32,3
6/17/2022,32,3
6/18/2022,28,1
6/19/2022,25,1
6/20/2022,30,2
6/21/2022,35,3
6/22/2022,34,3
6/23/2022,38,3
6/24/2022,32,2
6/25/2022,29,1
6/26/2022,29,1
6/27/2022,30,2
6/28/2022,31,2
6/29/2022,31,2
6/30/2022,33,2
7/1/2022,32,2
7/2/2022,27,1
7/3/2022,29,1
7/4/2022,27,1
7/5/2022,31,2
7/6/2022,31,2
7/7/2022,34,2
7/8/2022,30,2
7/9/2022,28,1
7/10/2022,26,1
7/11/2022,31,2
7/12/2022,32,2
7/13/2022,29,2
7/14/2022,35,2
7/15/2022,31,2
7/16/2022,28,1
7/17/2022,25,1
7/18/2022,31,2
7/19/2022,32,2
7/20/2022,30,2
7/21/2022,31,3
7/22/2022,34,3
7/23/2022,28,1
7/24/2022,29,1
7/25/2022,29,2
7/26/2022,36,2
7/27/2022,52,3
7/28/2022,57,4
7/29/2022,36,3
7/30/2022,28,1
7/31/2022,29,1
8/1/2022,33,2
8/2/2022,31,2
8/3/2022,33,2
8/4/2022,36,2
8/5/2022,31,2
8/6/2022,24,1
8/7/2022,28,1
8/8/2022,33,2
8/9/2022,31,2
8/10/2022,33,2
8/11/2022,35,3
8/12/2022,31,2
8/13/2022,26,1
8/14/2022,26,1
8/15/2022,29,2
8/16/2022,29,2
8/17/2022,29,2
8/18/2022,33,2
8/19/2022,32,2
8/20/2022,28,1
8/21/2022,27,1
8/22/2022,30,2
8/23/2022,32,2
8/24/2022,33,2
8/25/2022,37,2
8/26/2022,33,2
8/27/2022,29,1
8/28/2022,27,1
8/29/2022,34,2
8/30/2022,33,2
8/31/2022,33,2
9/1/2022,36,2
9/1/2022,32,2
9/2/2022,25,2
9/3/2022,24,1
9/4/2022,24,1
9/5/2022,26,1
9/6/2022,27,2
9/7/2022,28,2
9/8/2022,29,1
9/9/2022,29,2
9/10/2022,25,1
9/11/2022,25,0
9/12/2022,27,1
9/13/2022,30,2
9/14/2022,33,2
9/15/2022,36,2
9/16/2022,29,2
9/17/2022,24,1
9/18/2022,25,1
9/19/2022,29,2
9/20/2022,29,2
9/21/2022,33,2
9/22/2022,36,2
9/23/2022,32,2
9/24/2022,27,1
9/25/2022,26,1
9/26/2022,30,2
9/27/2022,31,2
9/28/2022,34,2
9/29/2022,40,2
9/30/2022,35,3
10/1/2022,27,2
10/2/2022,24,1
10/3/2022,29,2
10/4/2022,31,2
10/5/2022,31,2
10/6/2022,33,2
10/7/2022,31,2
10/8/2022,27,1
10/9/2022,26,1
10/10/2022,31,1
10/11/2022,44,2
10/12/2022,43,2
10/13/2022,43,2
10/14/2022,34,2
10/15/2022,27,1
10/16/2022,29,1
10/17/2022,30,2
10/18/2022,32,2
10/19/2022,32,2
10/20/2022,38,2
10/21/2022,32,2
10/22/2022,28,1
10/23/2022,26,1
10/24/2022,33,2
10/25/2022,39,2
10/26/2022,54,3
10/27/2022,100,7
10/28/2022,70,6
10/29/2022,39,3
10/30/2022,29,2
10/31/2022,46,3
11/1/2022,43,3
11/2/2022,43,3
11/3/2022,49,3
11/4/2022,43,3
11/5/2022,33,1
11/6/2022,37,1
11/7/2022,58,3
11/8/2022,52,3
11/9/2022,92,4
11/10/2022,71,3
11/11/2022,50,3
11/12/2022,31,1
11/13/2022,29,1
11/14/2022,41,2
11/15/2022,42,2
11/16/2022,37,2
11/17/2022,42,2
11/18/2022,41,2
11/19/2022,30,1
11/20/2022,28,1
11/21/2022,33,1
11/22/2022,35,2
11/23/2022,35,2
11/24/2022,37,1
11/25/2022,36,1
11/26/2022,28,1
11/27/2022,28,1
11/28/2022,36,1
11/29/2022,35,2
11/30/2022,32,2
12/1/2022,38,1
12/2/2022,30,1
12/3/2022,27,1
12/4/2022,28,1
12/5/2022,31,2
12/6/2022,33,2
12/7/2022,33,2
12/8/2022,37,2
12/9/2022,30,1
12/10/2022,30,1
12/11/2022,28,1
12/12/2022,33,2
12/13/2022,32,1
12/14/2022,32,1
12/15/2022,40,2
12/16/2022,33,2
12/17/2022,29,1
12/18/2022,28,0
12/19/2022,33,1
12/20/2022,32,1
12/21/2022,34,2
12/22/2022,35,2
12/23/2022,32,1
12/24/2022,31,1
12/25/2022,54,0
12/26/2022,45,1
12/27/2022,39,2
12/28/2022,35,2
12/29/2022,39,2
12/30/2022,36,1
12/31/2022,28,1
1/1/2023,29,1
1/2/2023,31,1
1/3/2023,31,2
1/4/2023,35,2
1/5/2023,36,2
1/6/2023,33,1
1/7/2023,29,1
1/8/2023,27,1
1/9/2023,29,2
1/10/2023,31,1
1/11/2023,33,2
1/12/2023,36,2
1/13/2023,33,1
1/14/2023,27,1
1/15/2023,26,1
1/16/2023,28,1
1/17/2023,32,1
1/18/2023,32,1
1/19/2023,36,1
1/20/2023,32,2
1/21/2023,28,1
1/22/2023,26,1
1/23/2023,30,2
1/24/2023,33,2
1/25/2023,31,2
1/26/2023,39,2
1/27/2023,31,2
1/28/2023,27,1
1/29/2023,27,1
1/30/2023,33,1
1/31/2023,35,2
2/1/2023,50,2
2/2/2023,72,4
2/3/2023,51,3
2/4/2023,28,1
2/5/2023,28,1
2/6/2023,34,2
2/7/2023,39,2
2/8/2023,39,2
2/9/2023,39,2
2/10/2023,36,2
2/11/2023,28,1
2/12/2023,28,1
2/13/2023,36,1
2/14/2023,34,2
2/15/2023,36,1
2/16/2023,38,2
2/17/2023,35,1
2/18/2023,29,1
2/19/2023,29,1
2/20/2023,35,1
2/21/2023,34,1
2/22/2023,39,1
2/23/2023,39,1
2/24/2023,35,1
2/25/2023,30,1
2/26/2023,28,0
2/27/2023,35,1
2/28/2023,37,1
3/1/2023,36,1
