Date,MSFT,microsoft stock
1/1/2014,13,8
1/2/2014,28,11
1/3/2014,24,10
1/4/2014,17,3
1/5/2014,8,4
1/6/2014,27,12
1/7/2014,29,13
1/8/2014,29,15
1/9/2014,20,13
1/10/2014,12,13
1/11/2014,10,7
1/12/2014,7,8
1/13/2014,28,9
1/14/2014,33,12
1/15/2014,29,10
1/16/2014,33,14
1/17/2014,26,11
1/18/2014,12,8
1/19/2014,9,7
1/20/2014,16,6
1/21/2014,24,11
1/22/2014,30,10
1/23/2014,55,14
1/24/2014,83,20
1/25/2014,14,6
1/26/2014,10,5
1/27/2014,33,13
1/28/2014,31,10
1/29/2014,22,14
1/30/2014,31,16
1/31/2014,48,23
2/1/2014,19,10
2/2/2014,12,8
2/3/2014,27,9
2/4/2014,100,37
2/5/2014,41,17
2/6/2014,35,11
2/7/2014,30,13
2/8/2014,9,5
2/9/2014,12,7
2/10/2014,30,12
2/11/2014,28,17
2/12/2014,28,10
2/13/2014,27,14
2/14/2014,26,13
2/15/2014,18,7
2/16/2014,11,7
2/17/2014,17,10
2/18/2014,31,10
2/19/2014,26,10
2/20/2014,31,17
2/21/2014,28,18
2/22/2014,11,2
2/23/2014,11,4
2/24/2014,26,14
2/25/2014,23,10
2/26/2014,30,13
2/27/2014,21,12
2/28/2014,24,8
3/1/2014,13,8
3/2/2014,14,2
3/3/2014,24,15
3/4/2014,33,13
3/5/2014,19,16
3/6/2014,30,12
3/7/2014,21,9
3/8/2014,10,3
3/9/2014,11,4
3/10/2014,17,9
3/11/2014,31,9
3/12/2014,28,12
3/13/2014,26,15
3/14/2014,23,10
3/15/2014,8,6
3/16/2014,9,6
3/17/2014,19,10
3/18/2014,39,19
3/19/2014,40,12
3/20/2014,40,10
3/21/2014,32,13
3/22/2014,18,7
3/23/2014,11,8
3/24/2014,27,14
3/25/2014,31,11
3/26/2014,29,10
3/27/2014,45,16
3/28/2014,42,19
3/29/2014,12,11
3/30/2014,9,7
3/31/2014,30,4
4/1/2014,37,12
4/2/2014,42,13
4/3/2014,36,24
4/4/2014,38,14
4/5/2014,11,7
4/6/2014,7,7
4/7/2014,30,12
4/8/2014,30,11
4/9/2014,30,15
4/10/2014,25,13
4/11/2014,28,16
4/12/2014,12,7
4/13/2014,7,8
4/14/2014,23,14
4/15/2014,27,11
4/16/2014,26,12
4/17/2014,32,12
4/18/2014,18,7
4/19/2014,7,6
4/20/2014,8,11
4/21/2014,23,15
4/22/2014,27,15
4/23/2014,33,7
4/24/2014,54,18
4/25/2014,61,14
4/26/2014,13,9
4/27/2014,16,3
4/28/2014,32,18
4/29/2014,27,16
4/30/2014,28,10
5/1/2014,31,17
5/2/2014,24,13
5/3/2014,14,8
5/4/2014,8,4
5/5/2014,20,10
5/6/2014,21,14
5/7/2014,28,10
5/8/2014,29,7
5/9/2014,20,13
5/10/2014,10,4
5/11/2014,4,6
5/12/2014,23,9
5/13/2014,27,14
5/14/2014,25,12
5/15/2014,32,5
5/16/2014,19,11
5/17/2014,5,2
5/18/2014,7,5
5/19/2014,23,9
5/20/2014,29,9
5/21/2014,26,8
5/22/2014,29,9
5/23/2014,20,10
5/24/2014,11,4
5/25/2014,5,7
5/26/2014,8,4
5/27/2014,25,8
5/28/2014,26,8
5/29/2014,21,9
5/30/2014,20,9
5/31/2014,9,5
6/1/2014,6,6
6/2/2014,27,7
6/3/2014,21,7
6/4/2014,25,5
6/5/2014,23,11
6/6/2014,32,5
6/7/2014,12,7
6/8/2014,13,2
6/9/2014,14,13
6/10/2014,26,13
6/11/2014,24,8
6/12/2014,20,10
6/13/2014,22,5
6/14/2014,5,3
6/15/2014,6,2
6/16/2014,18,6
6/17/2014,26,13
6/18/2014,21,10
6/19/2014,23,7
6/20/2014,22,10
6/21/2014,10,0
6/22/2014,7,4
6/23/2014,16,5
6/24/2014,18,5
6/25/2014,24,6
6/26/2014,20,6
6/27/2014,23,11
6/28/2014,14,3
6/29/2014,10,4
6/30/2014,26,10
7/1/2014,29,8
7/2/2014,23,9
7/3/2014,28,8
7/4/2014,12,4
7/5/2014,4,5
7/6/2014,7,2
7/7/2014,17,6
7/8/2014,24,10
7/9/2014,21,7
7/10/2014,17,12
7/11/2014,16,7
7/12/2014,7,5
7/13/2014,3,6
7/14/2014,22,4
7/15/2014,26,11
7/16/2014,42,12
7/17/2014,99,34
7/18/2014,53,22
7/19/2014,24,9
7/20/2014,13,0
7/21/2014,35,11
7/22/2014,82,12
7/23/2014,54,16
7/24/2014,38,13
7/25/2014,31,14
7/26/2014,11,8
7/27/2014,14,4
7/28/2014,29,9
7/29/2014,27,10
7/30/2014,23,5
7/31/2014,25,7
8/1/2014,18,11
8/2/2014,9,5
8/3/2014,0,0
8/4/2014,23,10
8/5/2014,21,10
8/6/2014,21,10
8/7/2014,19,12
8/8/2014,20,7
8/9/2014,9,6
8/10/2014,9,8
8/11/2014,22,8
8/12/2014,23,7
8/13/2014,19,10
8/14/2014,25,7
8/15/2014,20,5
8/16/2014,12,4
8/17/2014,5,4
8/18/2014,17,7
8/19/2014,31,12
8/20/2014,28,17
8/21/2014,22,14
8/22/2014,23,9
8/23/2014,11,4
8/24/2014,5,6
8/25/2014,21,10
8/26/2014,20,14
8/27/2014,25,13
8/28/2014,21,6
8/29/2014,16,13
8/30/2014,13,7
8/31/2014,6,4
9/1/2014,6,2
9/1/2014,5,1
9/2/2014,17,9
9/3/2014,20,9
9/4/2014,23,9
9/5/2014,30,13
9/6/2014,8,7
9/7/2014,6,6
9/8/2014,26,8
9/9/2014,23,10
9/10/2014,31,12
9/11/2014,26,13
9/12/2014,23,11
9/13/2014,11,3
9/14/2014,12,6
9/15/2014,30,14
9/16/2014,27,17
9/17/2014,28,11
9/18/2014,32,13
9/19/2014,28,11
9/20/2014,11,4
9/21/2014,9,8
9/22/2014,27,14
9/23/2014,21,14
9/24/2014,23,10
9/25/2014,23,14
9/26/2014,23,18
9/27/2014,12,4
9/28/2014,9,7
9/29/2014,20,7
9/30/2014,28,10
10/1/2014,30,9
10/2/2014,28,10
10/3/2014,17,11
10/4/2014,12,0
10/5/2014,10,6
10/6/2014,13,11
10/7/2014,25,10
10/8/2014,23,12
10/9/2014,26,17
10/10/2014,21,11
10/11/2014,12,8
10/12/2014,14,6
10/13/2014,23,8
10/14/2014,23,10
10/15/2014,27,12
10/16/2014,19,10
10/17/2014,18,10
10/18/2014,10,5
10/19/2014,4,3
10/20/2014,21,11
10/21/2014,26,13
10/22/2014,23,11
10/23/2014,46,17
10/24/2014,57,15
10/25/2014,15,9
10/26/2014,14,0
10/27/2014,27,13
10/28/2014,27,10
10/29/2014,24,8
10/30/2014,29,18
10/31/2014,25,17
11/1/2014,11,11
11/2/2014,5,5
11/3/2014,23,15
11/4/2014,25,13
11/5/2014,27,13
11/6/2014,24,13
11/7/2014,31,15
11/8/2014,13,10
11/9/2014,7,6
11/10/2014,24,12
11/11/2014,24,5
11/12/2014,22,15
11/13/2014,28,14
11/14/2014,33,14
11/15/2014,16,11
11/16/2014,9,6
11/17/2014,25,9
11/18/2014,32,15
11/19/2014,27,9
11/20/2014,20,13
11/21/2014,24,10
11/22/2014,13,6
11/23/2014,5,8
11/24/2014,22,10
11/25/2014,21,11
11/26/2014,26,10
11/27/2014,12,9
11/28/2014,10,10
11/29/2014,8,5
11/30/2014,9,7
12/1/2014,20,15
12/2/2014,25,8
12/3/2014,16,12
12/4/2014,27,11
12/5/2014,20,10
12/6/2014,11,6
12/7/2014,5,7
12/8/2014,22,14
12/9/2014,18,13
12/10/2014,21,8
12/11/2014,20,10
12/12/2014,20,11
12/13/2014,8,5
12/14/2014,7,6
12/15/2014,11,12
12/16/2014,24,12
12/17/2014,21,12
12/18/2014,24,12
12/19/2014,22,11
12/20/2014,9,5
12/21/2014,4,6
12/22/2014,15,11
12/23/2014,22,8
12/24/2014,16,10
12/25/2014,9,3
12/26/2014,21,8
12/27/2014,12,6
12/28/2014,5,2
12/29/2014,13,9
12/30/2014,16,8
12/31/2014,16,3
1/1/2015,4,6
1/2/2015,14,10
1/3/2015,6,10
1/4/2015,5,6
1/5/2015,17,7
1/6/2015,22,8
1/7/2015,21,9
1/8/2015,24,11
1/9/2015,15,10
1/10/2015,11,9
1/11/2015,6,5
1/12/2015,14,8
1/13/2015,18,9
1/14/2015,19,9
1/15/2015,18,9
1/16/2015,19,9
1/17/2015,11,7
1/18/2015,4,5
1/19/2015,10,6
1/20/2015,24,7
1/21/2015,35,18
1/22/2015,34,18
1/23/2015,29,17
1/24/2015,11,10
1/25/2015,11,6
1/26/2015,50,14
1/27/2015,100,31
1/28/2015,62,26
1/29/2015,40,20
1/30/2015,42,13
1/31/2015,24,12
2/1/2015,5,6
2/2/2015,27,14
2/3/2015,32,17
2/4/2015,32,14
2/5/2015,33,12
2/6/2015,20,16
2/7/2015,15,6
2/8/2015,4,6
2/9/2015,29,14
2/10/2015,28,17
2/11/2015,22,14
2/12/2015,32,16
2/13/2015,27,17
2/14/2015,12,6
2/15/2015,11,3
2/16/2015,17,10
2/17/2015,28,19
2/18/2015,23,13
2/19/2015,25,13
2/20/2015,22,13
2/21/2015,11,6
2/22/2015,5,7
2/23/2015,25,12
2/24/2015,23,14
2/25/2015,24,10
2/26/2015,20,16
2/27/2015,21,14
2/28/2015,6,4
3/1/2015,10,3
3/2/2015,22,15
3/3/2015,24,15
3/4/2015,20,18
3/5/2015,24,15
3/6/2015,18,11
3/7/2015,11,8
3/8/2015,2,10
3/9/2015,19,12
3/10/2015,26,12
3/11/2015,21,13
3/12/2015,28,13
3/13/2015,23,15
3/14/2015,9,5
3/15/2015,7,7
3/16/2015,18,11
3/17/2015,26,16
3/18/2015,22,11
3/19/2015,28,12
3/20/2015,20,10
3/21/2015,7,9
3/22/2015,10,5
3/23/2015,25,12
3/24/2015,18,7
3/25/2015,18,15
3/26/2015,24,8
3/27/2015,24,12
3/28/2015,5,3
3/29/2015,8,3
3/30/2015,22,9
3/31/2015,23,8
4/1/2015,21,12
4/2/2015,22,10
4/3/2015,15,10
4/4/2015,10,0
4/5/2015,2,3
4/6/2015,21,10
4/7/2015,24,6
4/8/2015,25,12
4/9/2015,18,14
4/10/2015,27,11
4/11/2015,10,7
4/12/2015,7,5
4/13/2015,21,8
4/14/2015,21,14
4/15/2015,23,11
4/16/2015,24,14
4/17/2015,21,12
4/18/2015,7,5
4/19/2015,7,7
4/20/2015,27,12
4/21/2015,21,16
4/22/2015,21,13
4/23/2015,52,18
4/24/2015,84,28
4/25/2015,23,15
4/26/2015,13,9
4/27/2015,40,19
4/28/2015,48,17
4/29/2015,44,19
4/30/2015,47,14
5/1/2015,40,16
5/1/2015,42,16
5/2/2015,11,8
5/3/2015,10,8
5/4/2015,31,16
5/5/2015,26,17
5/6/2015,31,16
5/7/2015,24,14
5/8/2015,27,8
5/9/2015,7,10
5/10/2015,5,5
5/11/2015,25,10
5/12/2015,18,12
5/13/2015,19,15
5/14/2015,23,10
5/15/2015,25,6
5/16/2015,18,7
5/17/2015,5,6
5/18/2015,23,11
5/19/2015,20,13
5/20/2015,20,12
5/21/2015,17,13
5/22/2015,22,13
5/23/2015,6,10
5/24/2015,8,14
5/25/2015,9,9
5/26/2015,20,9
5/27/2015,17,14
5/28/2015,18,8
5/29/2015,17,9
5/30/2015,7,5
5/31/2015,9,6
6/1/2015,19,11
6/2/2015,17,9
6/3/2015,20,11
6/4/2015,19,9
6/5/2015,22,11
6/6/2015,6,7
6/7/2015,5,3
6/8/2015,18,4
6/9/2015,19,7
6/10/2015,16,9
6/11/2015,22,7
6/12/2015,11,12
6/13/2015,5,3
6/14/2015,0,4
6/15/2015,13,10
6/16/2015,25,15
6/17/2015,23,11
6/18/2015,25,12
6/19/2015,18,7
6/20/2015,6,8
6/21/2015,8,4
6/22/2015,20,9
6/23/2015,15,11
6/24/2015,24,11
6/25/2015,14,7
6/26/2015,14,9
6/27/2015,6,5
6/28/2015,4,6
6/29/2015,29,14
6/30/2015,24,8
7/1/2015,22,11
7/2/2015,22,7
7/3/2015,8,8
7/4/2015,5,5
7/5/2015,6,6
7/6/2015,19,12
7/7/2015,23,6
7/8/2015,40,18
7/9/2015,30,14
7/10/2015,26,9
7/11/2015,7,8
7/12/2015,7,5
7/13/2015,21,12
7/14/2015,20,8
7/15/2015,24,11
7/16/2015,23,11
7/17/2015,28,12
7/18/2015,14,14
7/19/2015,3,7
7/20/2015,23,12
7/21/2015,66,20
7/22/2015,67,27
7/23/2015,36,15
7/24/2015,23,9
7/25/2015,12,6
7/26/2015,6,8
7/27/2015,21,7
7/28/2015,19,11
7/29/2015,37,17
7/30/2015,33,13
7/31/2015,23,11
8/1/2015,6,4
8/2/2015,14,7
8/3/2015,22,15
8/4/2015,26,16
8/5/2015,23,14
8/6/2015,22,11
8/7/2015,17,8
8/8/2015,9,5
8/9/2015,9,7
8/10/2015,22,12
8/11/2015,23,11
8/12/2015,26,8
8/13/2015,19,7
8/14/2015,18,7
8/15/2015,9,7
8/16/2015,9,3
8/17/2015,20,9
8/18/2015,20,9
8/19/2015,20,9
8/20/2015,18,13
8/21/2015,31,11
8/22/2015,11,9
8/23/2015,10,8
8/24/2015,46,27
8/25/2015,37,28
8/26/2015,39,23
8/27/2015,32,17
8/28/2015,29,13
8/29/2015,10,6
8/30/2015,11,4
8/31/2015,23,11
9/1/2015,26,15
9/2/2015,29,14
9/3/2015,30,10
9/4/2015,24,11
9/5/2015,12,4
9/6/2015,8,5
9/7/2015,8,6
9/8/2015,20,10
9/9/2015,21,13
9/10/2015,25,10
9/11/2015,16,12
9/12/2015,9,8
9/13/2015,9,8
9/14/2015,20,9
9/15/2015,23,13
9/16/2015,29,9
9/17/2015,25,10
9/18/2015,21,15
9/19/2015,7,5
9/20/2015,10,7
9/21/2015,17,14
9/22/2015,21,14
9/23/2015,19,11
9/24/2015,17,8
9/25/2015,21,9
9/26/2015,10,5
9/27/2015,5,6
9/28/2015,19,10
9/29/2015,20,12
9/30/2015,18,11
10/1/2015,20,15
10/2/2015,24,12
10/3/2015,7,8
10/4/2015,6,4
10/5/2015,20,11
10/6/2015,38,20
10/7/2015,31,25
10/8/2015,28,18
10/9/2015,22,14
10/10/2015,7,7
10/11/2015,11,5
10/12/2015,14,14
10/13/2015,22,15
10/14/2015,19,14
10/15/2015,18,13
10/16/2015,20,13
10/17/2015,7,2
10/18/2015,6,6
10/19/2015,22,17
10/20/2015,23,17
10/21/2015,19,14
10/22/2015,60,23
10/23/2015,100,46
10/24/2015,27,12
10/25/2015,13,9
10/26/2015,45,21
10/27/2015,40,24
10/28/2015,41,20
10/29/2015,34,17
10/30/2015,32,16
10/31/2015,9,4
11/1/2015,7,8
11/2/2015,27,12
11/3/2015,34,16
11/4/2015,28,19
11/5/2015,25,18
11/6/2015,26,15
11/7/2015,16,7
11/8/2015,6,7
11/9/2015,24,12
11/10/2015,24,14
11/11/2015,21,14
11/12/2015,22,13
11/13/2015,22,12
11/14/2015,16,6
11/15/2015,0,5
11/16/2015,25,12
11/17/2015,16,12
11/18/2015,21,15
11/19/2015,22,14
11/20/2015,18,12
11/21/2015,3,6
11/22/2015,3,7
11/23/2015,14,14
11/24/2015,15,14
11/25/2015,16,12
11/26/2015,8,7
11/27/2015,10,7
11/28/2015,8,6
11/29/2015,2,10
11/30/2015,25,15
12/1/2015,24,16
12/2/2015,22,13
12/3/2015,18,17
12/4/2015,20,12
12/5/2015,13,13
12/6/2015,7,7
12/7/2015,14,12
12/8/2015,14,10
12/9/2015,18,12
12/10/2015,16,16
12/11/2015,17,16
12/12/2015,7,6
12/13/2015,10,10
12/14/2015,17,13
12/15/2015,19,15
12/16/2015,25,15
12/17/2015,20,13
12/18/2015,19,14
12/19/2015,5,7
12/20/2015,2,4
12/21/2015,14,12
12/22/2015,21,10
12/23/2015,17,10
12/24/2015,12,9
12/25/2015,6,9
12/26/2015,10,13
12/27/2015,4,5
12/28/2015,18,8
12/29/2015,20,10
12/30/2015,17,10
12/31/2015,14,10
1/1/2016,4,9
1/1/2016,4,9
1/2/2016,10,5
1/3/2016,5,8
1/4/2016,30,10
1/5/2016,27,18
1/6/2016,21,16
1/7/2016,32,18
1/8/2016,32,17
1/9/2016,9,8
1/10/2016,7,5
1/11/2016,19,15
1/12/2016,21,17
1/13/2016,31,18
1/14/2016,26,13
1/15/2016,30,15
1/16/2016,14,8
1/17/2016,8,7
1/18/2016,11,6
1/19/2016,23,14
1/20/2016,31,16
1/21/2016,29,19
1/22/2016,25,17
1/23/2016,7,7
1/24/2016,5,6
1/25/2016,21,11
1/26/2016,23,19
1/27/2016,28,14
1/28/2016,71,19
1/29/2016,75,30
1/30/2016,20,9
1/31/2016,9,7
2/1/2016,23,14
2/2/2016,33,16
2/3/2016,26,15
2/4/2016,26,17
2/5/2016,31,16
2/6/2016,11,9
2/7/2016,6,5
2/8/2016,29,17
2/9/2016,27,16
2/10/2016,31,13
2/11/2016,27,20
2/12/2016,25,9
2/13/2016,9,9
2/14/2016,7,7
2/15/2016,12,7
2/16/2016,19,12
2/17/2016,23,15
2/18/2016,22,15
2/19/2016,20,13
2/20/2016,5,6
2/21/2016,7,6
2/22/2016,23,10
2/23/2016,21,9
2/24/2016,21,17
2/25/2016,21,12
2/26/2016,20,14
2/27/2016,3,5
2/28/2016,7,7
2/29/2016,22,12
3/1/2016,28,18
3/2/2016,23,13
3/3/2016,23,14
3/4/2016,20,13
3/5/2016,12,6
3/6/2016,4,5
3/7/2016,15,13
3/8/2016,20,13
3/9/2016,23,17
3/10/2016,20,14
3/11/2016,22,14
3/12/2016,7,4
3/13/2016,3,7
3/14/2016,18,10
3/15/2016,20,14
3/16/2016,18,12
3/17/2016,25,14
3/18/2016,20,16
3/19/2016,9,5
3/20/2016,4,4
3/21/2016,21,13
3/22/2016,25,12
3/23/2016,23,11
3/24/2016,17,9
3/25/2016,13,9
3/26/2016,4,7
3/27/2016,4,7
3/28/2016,21,10
3/29/2016,21,12
3/30/2016,29,11
3/31/2016,30,11
4/1/2016,21,11
4/2/2016,6,7
4/3/2016,7,4
4/4/2016,21,11
4/5/2016,22,14
4/6/2016,18,6
4/7/2016,18,12
4/8/2016,19,11
4/9/2016,4,7
4/10/2016,12,6
4/11/2016,21,16
4/12/2016,18,8
4/13/2016,17,11
4/14/2016,21,12
4/15/2016,20,11
4/16/2016,4,7
4/17/2016,4,4
4/18/2016,25,11
4/19/2016,26,13
4/20/2016,29,17
4/21/2016,66,17
4/22/2016,86,34
4/23/2016,20,13
4/24/2016,12,8
4/25/2016,33,13
4/26/2016,35,15
4/27/2016,35,17
4/28/2016,29,20
4/29/2016,30,13
4/30/2016,11,8
5/1/2016,9,5
5/2/2016,21,18
5/3/2016,31,16
5/4/2016,25,13
5/5/2016,18,12
5/6/2016,21,10
5/7/2016,6,4
5/8/2016,7,5
5/9/2016,22,11
5/10/2016,23,13
5/11/2016,20,14
5/12/2016,19,16
5/13/2016,23,13
5/14/2016,4,4
5/15/2016,4,1
5/16/2016,19,11
5/17/2016,25,9
5/18/2016,25,13
5/19/2016,20,11
5/20/2016,24,11
5/21/2016,7,9
5/22/2016,4,7
5/23/2016,15,14
5/24/2016,19,12
5/25/2016,31,9
5/26/2016,20,12
5/27/2016,24,11
5/28/2016,7,2
5/29/2016,6,3
5/30/2016,5,1
5/31/2016,18,9
6/1/2016,23,8
6/2/2016,21,11
6/3/2016,24,11
6/4/2016,5,4
6/5/2016,9,7
6/6/2016,16,11
6/7/2016,21,13
6/8/2016,21,12
6/9/2016,20,11
6/10/2016,18,7
6/11/2016,8,5
6/12/2016,3,7
6/13/2016,100,69
6/14/2016,46,44
6/15/2016,32,18
6/16/2016,23,16
6/17/2016,24,17
6/18/2016,7,9
6/19/2016,5,6
6/20/2016,19,11
6/21/2016,23,13
6/22/2016,24,12
6/23/2016,24,15
6/24/2016,50,19
6/25/2016,11,13
6/26/2016,7,8
6/27/2016,27,14
6/28/2016,35,12
6/29/2016,23,11
6/30/2016,24,12
7/1/2016,20,10
7/2/2016,8,8
7/3/2016,4,5
7/4/2016,10,4
7/5/2016,17,8
7/6/2016,22,10
7/7/2016,32,11
7/8/2016,26,13
7/9/2016,10,8
7/10/2016,4,0
7/11/2016,27,10
7/12/2016,28,11
7/13/2016,20,7
7/14/2016,22,11
7/15/2016,25,12
7/16/2016,13,7
7/17/2016,7,10
7/18/2016,31,17
7/19/2016,91,19
7/20/2016,97,30
7/21/2016,54,18
7/22/2016,35,14
7/23/2016,10,10
7/24/2016,10,9
7/25/2016,25,11
7/26/2016,26,7
7/27/2016,28,14
7/28/2016,26,16
7/29/2016,26,14
7/30/2016,11,5
7/31/2016,8,5
8/1/2016,22,15
8/2/2016,21,13
8/3/2016,21,11
8/4/2016,23,12
8/5/2016,26,10
8/6/2016,8,0
8/7/2016,6,4
8/8/2016,26,7
8/9/2016,15,12
8/10/2016,19,5
8/11/2016,24,4
8/12/2016,16,8
8/13/2016,7,5
8/14/2016,4,5
8/15/2016,24,7
8/16/2016,21,8
8/17/2016,22,9
8/18/2016,19,11
8/19/2016,16,7
8/20/2016,5,2
8/21/2016,3,5
8/22/2016,24,10
8/23/2016,16,12
8/24/2016,25,10
8/25/2016,21,14
8/26/2016,16,10
8/27/2016,5,5
8/28/2016,0,4
8/29/2016,11,10
8/30/2016,23,12
8/31/2016,22,11
9/1/2016,22,12
9/1/2016,21,11
9/2/2016,23,9
9/3/2016,5,3
9/4/2016,8,3
9/5/2016,2,5
9/6/2016,17,12
9/7/2016,23,13
9/8/2016,23,13
9/9/2016,27,7
9/10/2016,10,9
9/11/2016,7,6
9/12/2016,19,10
9/13/2016,18,12
9/14/2016,20,13
9/15/2016,19,7
9/16/2016,18,10
9/17/2016,7,3
9/18/2016,3,5
9/19/2016,18,12
9/20/2016,26,12
9/21/2016,33,13
9/22/2016,26,11
9/23/2016,23,11
9/24/2016,7,1
9/25/2016,11,4
9/26/2016,18,14
9/27/2016,22,13
9/28/2016,21,13
9/29/2016,16,13
9/30/2016,22,8
10/1/2016,7,3
10/2/2016,6,2
10/3/2016,15,5
10/4/2016,20,9
10/5/2016,18,10
10/6/2016,19,9
10/7/2016,15,9
10/8/2016,9,5
10/9/2016,4,6
10/10/2016,17,9
10/11/2016,19,11
10/12/2016,19,9
10/13/2016,20,8
10/14/2016,16,11
10/15/2016,5,3
10/16/2016,4,4
10/17/2016,21,12
10/18/2016,20,10
10/19/2016,21,12
10/20/2016,71,19
10/21/2016,100,40
10/22/2016,23,12
10/23/2016,10,9
10/24/2016,36,18
10/25/2016,44,18
10/26/2016,45,22
10/27/2016,34,24
10/28/2016,24,17
10/29/2016,12,10
10/30/2016,9,11
10/31/2016,15,16
11/1/2016,30,18
11/2/2016,22,14
11/3/2016,19,17
11/4/2016,15,10
11/5/2016,9,4
11/6/2016,7,0
11/7/2016,25,13
11/8/2016,27,16
11/9/2016,55,27
11/10/2016,32,22
11/11/2016,28,15
11/12/2016,16,8
11/13/2016,8,5
11/14/2016,24,13
11/15/2016,29,14
11/16/2016,29,13
11/17/2016,24,16
11/18/2016,27,12
11/19/2016,11,4
11/20/2016,5,6
11/21/2016,20,10
11/22/2016,25,16
11/23/2016,24,11
11/24/2016,10,4
11/25/2016,17,8
11/26/2016,5,5
11/27/2016,5,9
11/28/2016,18,11
11/29/2016,22,10
11/30/2016,23,12
12/1/2016,22,15
12/2/2016,18,12
12/3/2016,8,8
12/4/2016,8,6
12/5/2016,23,11
12/6/2016,27,17
12/7/2016,26,16
12/8/2016,29,18
12/9/2016,28,16
12/10/2016,16,6
12/11/2016,7,0
12/12/2016,25,19
12/13/2016,29,18
12/14/2016,26,14
12/15/2016,22,15
12/16/2016,22,16
12/17/2016,7,9
12/18/2016,4,6
12/19/2016,21,14
12/20/2016,27,14
12/21/2016,24,15
12/22/2016,26,12
12/23/2016,18,8
12/24/2016,11,7
12/25/2016,6,5
12/26/2016,8,6
12/27/2016,20,6
12/28/2016,21,14
12/29/2016,19,11
12/30/2016,25,11
12/31/2016,5,4
1/1/2017,6,3
1/2/2017,6,6
1/3/2017,24,13
1/4/2017,20,19
1/5/2017,22,16
1/6/2017,27,19
1/7/2017,4,4
1/8/2017,5,7
1/9/2017,15,10
1/10/2017,20,13
1/11/2017,19,12
1/12/2017,31,13
1/13/2017,24,15
1/14/2017,9,9
1/15/2017,10,6
1/16/2017,11,8
1/17/2017,23,15
1/18/2017,20,13
1/19/2017,25,11
1/20/2017,22,13
1/21/2017,12,6
1/22/2017,10,7
1/23/2017,25,12
1/24/2017,29,19
1/25/2017,37,19
1/26/2017,76,22
1/27/2017,95,26
1/28/2017,20,17
1/29/2017,14,8
1/30/2017,34,19
1/31/2017,34,21
2/1/2017,34,14
2/2/2017,31,21
2/3/2017,31,23
2/4/2017,11,11
2/5/2017,9,6
2/6/2017,27,9
2/7/2017,23,18
2/8/2017,19,15
2/9/2017,25,19
2/10/2017,23,16
2/11/2017,6,12
2/12/2017,4,7
2/13/2017,20,13
2/14/2017,23,18
2/15/2017,26,19
2/16/2017,26,15
2/17/2017,23,17
2/18/2017,14,9
2/19/2017,4,5
2/20/2017,12,6
2/21/2017,20,13
2/22/2017,22,16
2/23/2017,25,13
2/24/2017,23,12
2/25/2017,9,4
2/26/2017,5,7
2/27/2017,22,14
2/28/2017,24,17
3/1/2017,31,21
3/2/2017,30,20
3/3/2017,25,24
3/4/2017,8,7
3/5/2017,8,7
3/6/2017,22,16
3/7/2017,28,18
3/8/2017,23,14
3/9/2017,23,19
3/10/2017,21,17
3/11/2017,8,7
3/12/2017,4,9
3/13/2017,22,17
3/14/2017,26,15
3/15/2017,23,13
3/16/2017,17,11
3/17/2017,24,16
3/18/2017,4,8
3/19/2017,1,2
3/20/2017,21,11
3/21/2017,24,17
3/22/2017,25,17
3/23/2017,17,15
3/24/2017,18,15
3/25/2017,9,7
3/26/2017,4,7
3/27/2017,23,11
3/28/2017,22,17
3/29/2017,23,16
3/30/2017,19,15
3/31/2017,20,14
4/1/2017,8,8
4/2/2017,4,6
4/3/2017,22,16
4/4/2017,26,15
4/5/2017,22,16
4/6/2017,22,20
4/7/2017,26,19
4/8/2017,10,6
4/9/2017,5,6
4/10/2017,20,11
4/11/2017,21,16
4/12/2017,23,14
4/13/2017,17,10
4/14/2017,11,7
4/15/2017,8,6
4/16/2017,5,3
4/17/2017,20,11
4/18/2017,21,16
4/19/2017,21,14
4/20/2017,25,13
4/21/2017,23,15
4/22/2017,10,9
4/23/2017,9,8
4/24/2017,32,19
4/25/2017,40,20
4/26/2017,38,22
4/27/2017,88,29
4/28/2017,72,24
4/29/2017,20,15
4/30/2017,7,8
5/1/2017,33,21
5/1/2017,22,14
5/2/2017,32,17
5/3/2017,28,18
5/4/2017,22,14
5/5/2017,20,14
5/6/2017,5,8
5/7/2017,7,6
5/8/2017,16,11
5/9/2017,17,9
5/10/2017,21,15
5/11/2017,21,14
5/12/2017,17,14
5/13/2017,9,8
5/14/2017,6,4
5/15/2017,21,16
5/16/2017,23,14
5/17/2017,23,10
5/18/2017,21,12
5/19/2017,17,12
5/20/2017,4,6
5/21/2017,4,3
5/22/2017,15,10
5/23/2017,19,15
5/24/2017,19,9
5/25/2017,20,12
5/26/2017,22,14
5/27/2017,4,5
5/28/2017,6,3
5/29/2017,8,4
5/30/2017,19,7
5/31/2017,24,13
6/1/2017,20,12
6/2/2017,25,11
6/3/2017,9,6
6/4/2017,7,4
6/5/2017,23,15
6/6/2017,22,11
6/7/2017,21,12
6/8/2017,23,12
6/9/2017,26,14
6/10/2017,9,7
6/11/2017,4,5
6/12/2017,25,19
6/13/2017,24,15
6/14/2017,17,11
6/15/2017,22,16
6/16/2017,19,14
6/17/2017,6,6
6/18/2017,5,2
6/19/2017,18,13
6/20/2017,24,13
6/21/2017,22,13
6/22/2017,17,12
6/23/2017,19,12
6/24/2017,8,7
6/25/2017,4,7
6/26/2017,20,9
6/27/2017,16,11
6/28/2017,20,13
6/29/2017,17,10
6/30/2017,19,8
7/1/2017,5,5
7/2/2017,5,6
7/3/2017,23,11
7/4/2017,28,17
7/5/2017,22,9
7/6/2017,28,11
7/7/2017,20,12
7/8/2017,9,4
7/9/2017,3,6
7/10/2017,24,9
7/11/2017,19,10
7/12/2017,22,12
7/13/2017,18,7
7/14/2017,23,12
7/15/2017,9,4
7/16/2017,6,6
7/17/2017,26,10
7/18/2017,28,14
7/19/2017,37,15
7/20/2017,100,28
7/21/2017,80,29
7/22/2017,13,8
7/23/2017,8,4
7/24/2017,23,18
7/25/2017,28,12
7/26/2017,28,17
7/27/2017,28,20
7/28/2017,25,15
7/29/2017,10,9
7/30/2017,5,9
7/31/2017,22,10
8/1/2017,21,15
8/2/2017,29,15
8/3/2017,21,13
8/4/2017,21,11
8/5/2017,5,5
8/6/2017,3,6
8/7/2017,22,9
8/8/2017,24,13
8/9/2017,16,13
8/10/2017,18,9
8/11/2017,21,14
8/12/2017,9,4
8/13/2017,4,5
8/14/2017,19,16
8/15/2017,21,11
8/16/2017,20,11
8/17/2017,22,14
8/18/2017,16,12
8/19/2017,6,4
8/20/2017,6,4
8/21/2017,14,9
8/22/2017,20,12
8/23/2017,16,11
8/24/2017,17,9
8/25/2017,14,9
8/26/2017,8,6
8/27/2017,5,4
8/28/2017,14,9
8/29/2017,18,6
8/30/2017,20,11
8/31/2017,19,11
9/1/2017,21,13
9/2/2017,9,5
9/3/2017,8,5
9/4/2017,9,9
9/5/2017,15,10
9/6/2017,17,11
9/7/2017,19,9
9/8/2017,23,9
9/9/2017,7,5
9/10/2017,3,5
9/11/2017,18,10
9/12/2017,17,13
9/13/2017,15,12
9/14/2017,22,13
9/15/2017,22,13
9/16/2017,7,7
9/17/2017,5,5
9/18/2017,19,11
9/19/2017,22,13
9/20/2017,23,13
9/21/2017,14,13
9/22/2017,18,11
9/23/2017,9,6
9/24/2017,4,5
9/25/2017,18,12
9/26/2017,19,11
9/27/2017,17,14
9/28/2017,18,14
9/29/2017,17,10
9/30/2017,7,3
10/1/2017,6,5
10/2/2017,18,15
10/3/2017,18,14
10/4/2017,17,12
10/5/2017,23,13
10/6/2017,20,11
10/7/2017,7,4
10/8/2017,4,5
10/9/2017,15,12
10/10/2017,21,13
10/11/2017,21,11
10/12/2017,20,14
10/13/2017,23,14
10/14/2017,6,6
10/15/2017,7,4
10/16/2017,19,13
10/17/2017,23,15
10/18/2017,21,12
10/19/2017,21,16
10/20/2017,25,14
10/21/2017,7,6
10/22/2017,7,5
10/23/2017,18,11
10/24/2017,27,17
10/25/2017,22,14
10/26/2017,66,24
10/27/2017,91,43
10/28/2017,19,18
10/29/2017,11,7
10/30/2017,25,18
10/31/2017,32,19
11/1/2017,32,18
11/2/2017,28,16
11/3/2017,33,18
11/4/2017,11,8
11/5/2017,8,6
11/6/2017,23,12
11/7/2017,24,21
11/8/2017,22,16
11/9/2017,28,17
11/10/2017,18,16
11/11/2017,8,9
11/12/2017,6,5
11/13/2017,22,14
11/14/2017,21,15
11/15/2017,25,17
11/16/2017,24,17
11/17/2017,20,20
11/18/2017,7,5
11/19/2017,4,6
11/20/2017,19,13
11/21/2017,22,19
11/22/2017,21,14
11/23/2017,9,8
11/24/2017,10,12
11/25/2017,8,9
11/26/2017,5,5
11/27/2017,18,13
11/28/2017,23,18
11/29/2017,29,19
11/30/2017,30,14
12/1/2017,30,18
12/2/2017,9,8
12/3/2017,7,7
12/4/2017,29,23
12/5/2017,27,18
12/6/2017,23,17
12/7/2017,27,15
12/8/2017,27,15
12/9/2017,12,5
12/10/2017,7,5
12/11/2017,23,17
12/12/2017,27,18
12/13/2017,21,15
12/14/2017,27,17
12/15/2017,27,18
12/16/2017,10,9
12/17/2017,8,8
12/18/2017,27,18
12/19/2017,29,13
12/20/2017,25,15
12/21/2017,28,15
12/22/2017,21,12
12/23/2017,8,8
12/24/2017,4,5
12/25/2017,2,6
12/26/2017,17,11
12/27/2017,21,14
12/28/2017,19,13
12/29/2017,23,11
12/30/2017,9,9
12/31/2017,6,7
1/1/2018,7,6
1/1/2018,5,5
1/2/2018,19,11
1/3/2018,24,14
1/4/2018,28,18
1/5/2018,29,16
1/6/2018,10,7
1/7/2018,7,6
1/8/2018,22,16
1/9/2018,23,16
1/10/2018,21,13
1/11/2018,20,14
1/12/2018,25,19
1/13/2018,11,10
1/14/2018,7,6
1/15/2018,10,9
1/16/2018,21,17
1/17/2018,30,14
1/18/2018,28,17
1/19/2018,23,15
1/20/2018,8,6
1/21/2018,4,3
1/22/2018,26,14
1/23/2018,30,17
1/24/2018,27,17
1/25/2018,31,19
1/26/2018,27,15
1/27/2018,12,13
1/28/2018,8,7
1/29/2018,35,18
1/30/2018,38,23
1/31/2018,73,31
2/1/2018,70,29
2/2/2018,42,19
2/3/2018,12,11
2/4/2018,6,7
2/5/2018,39,21
2/6/2018,55,37
2/7/2018,40,23
2/8/2018,38,22
2/9/2018,45,26
2/10/2018,14,10
2/11/2018,4,6
2/12/2018,28,23
2/13/2018,28,19
2/14/2018,29,17
2/15/2018,30,16
2/16/2018,27,17
2/17/2018,10,8
2/18/2018,6,5
2/19/2018,11,9
2/20/2018,24,17
2/21/2018,25,16
2/22/2018,26,17
2/23/2018,26,15
2/24/2018,8,8
2/25/2018,6,5
2/26/2018,25,16
2/27/2018,27,17
2/28/2018,23,14
3/1/2018,23,15
3/2/2018,27,17
3/3/2018,6,6
3/4/2018,6,4
3/5/2018,23,15
3/6/2018,24,14
3/7/2018,23,16
3/8/2018,23,15
3/9/2018,27,15
3/10/2018,9,4
3/11/2018,6,4
3/12/2018,23,14
3/13/2018,28,16
3/14/2018,22,13
3/15/2018,20,13
3/16/2018,21,13
3/17/2018,6,5
3/18/2018,5,4
3/19/2018,22,11
3/20/2018,27,19
3/21/2018,21,15
3/22/2018,27,17
3/23/2018,31,19
3/24/2018,10,9
3/25/2018,8,6
3/26/2018,40,21
3/27/2018,46,28
3/28/2018,42,22
3/29/2018,42,19
3/30/2018,21,10
3/31/2018,9,5
4/1/2018,8,6
4/2/2018,34,16
4/3/2018,35,20
4/4/2018,29,20
4/5/2018,31,19
4/6/2018,28,14
4/7/2018,10,7
4/8/2018,6,4
4/9/2018,30,14
4/10/2018,28,13
4/11/2018,22,17
4/12/2018,26,14
4/13/2018,24,12
4/14/2018,9,4
4/15/2018,6,5
4/16/2018,25,15
4/17/2018,37,16
4/18/2018,34,15
4/19/2018,29,15
4/20/2018,25,14
4/21/2018,7,5
4/22/2018,6,6
4/23/2018,29,15
4/24/2018,31,18
4/25/2018,36,13
4/26/2018,68,24
4/27/2018,74,23
4/28/2018,11,7
4/29/2018,7,4
4/30/2018,32,15
5/1/2018,29,16
5/2/2018,27,13
5/3/2018,25,13
5/4/2018,28,15
5/5/2018,10,7
5/6/2018,5,4
5/7/2018,28,12
5/8/2018,27,15
5/9/2018,30,16
5/10/2018,32,14
5/11/2018,27,14
5/12/2018,9,4
5/13/2018,7,3
5/14/2018,29,13
5/15/2018,21,14
5/16/2018,27,13
5/17/2018,22,13
5/18/2018,26,12
5/19/2018,8,4
5/20/2018,5,6
5/21/2018,27,11
5/22/2018,23,10
5/23/2018,22,12
5/24/2018,25,12
5/25/2018,25,14
5/26/2018,6,4
5/27/2018,6,4
5/28/2018,8,5
5/29/2018,27,10
5/30/2018,34,16
5/31/2018,37,19
6/1/2018,44,20
6/2/2018,17,6
6/3/2018,9,9
6/4/2018,54,34
6/5/2018,45,25
6/6/2018,38,20
6/7/2018,35,17
6/8/2018,30,21
6/9/2018,13,4
6/10/2018,6,6
6/11/2018,31,17
6/12/2018,23,15
6/13/2018,32,13
6/14/2018,29,15
6/15/2018,24,15
6/16/2018,7,6
6/17/2018,4,4
6/18/2018,24,11
6/19/2018,26,11
6/20/2018,27,13
6/21/2018,28,11
6/22/2018,24,13
6/23/2018,7,6
6/24/2018,5,5
6/25/2018,29,14
6/26/2018,25,15
6/27/2018,26,11
6/28/2018,25,13
6/29/2018,19,12
6/30/2018,10,5
7/1/2018,6,2
7/2/2018,19,9
7/3/2018,23,9
7/4/2018,11,6
7/5/2018,24,11
7/6/2018,25,10
7/7/2018,8,4
7/8/2018,4,1
7/9/2018,23,15
7/10/2018,30,12
7/11/2018,24,12
7/12/2018,33,16
7/13/2018,34,14
7/14/2018,10,5
7/15/2018,7,3
7/16/2018,28,16
7/17/2018,37,17
7/18/2018,43,17
7/19/2018,90,25
7/20/2018,100,33
7/21/2018,19,14
7/22/2018,10,8
7/23/2018,47,15
7/24/2018,43,18
7/25/2018,45,22
7/26/2018,52,27
7/27/2018,47,23
7/28/2018,10,5
7/29/2018,6,3
7/30/2018,37,18
7/31/2018,35,20
8/1/2018,36,21
8/2/2018,42,22
8/3/2018,33,20
8/4/2018,11,6
8/5/2018,7,7
8/6/2018,29,14
8/7/2018,33,18
8/8/2018,33,19
8/9/2018,35,15
8/10/2018,31,13
8/11/2018,11,4
8/12/2018,7,5
8/13/2018,29,11
8/14/2018,27,16
8/15/2018,31,18
8/16/2018,34,19
8/17/2018,26,17
8/18/2018,11,8
8/19/2018,4,6
8/20/2018,28,15
8/21/2018,29,16
8/22/2018,30,15
8/23/2018,28,17
8/24/2018,26,13
8/25/2018,10,7
8/26/2018,5,4
8/27/2018,30,14
8/28/2018,35,19
8/29/2018,37,20
8/30/2018,38,17
8/31/2018,35,17
9/1/2018,10,5
9/1/2018,9,5
9/2/2018,7,5
9/3/2018,8,7
9/4/2018,30,16
9/5/2018,31,19
9/6/2018,30,19
9/7/2018,26,16
9/8/2018,11,7
9/9/2018,5,5
9/10/2018,25,14
9/11/2018,25,14
9/12/2018,30,17
9/13/2018,28,16
9/14/2018,27,19
9/15/2018,12,6
9/16/2018,6,6
9/17/2018,30,15
9/18/2018,31,18
9/19/2018,32,20
9/20/2018,34,17
9/21/2018,33,16
9/22/2018,9,8
9/23/2018,6,4
9/24/2018,29,15
9/25/2018,29,16
9/26/2018,31,16
9/27/2018,30,16
9/28/2018,24,15
9/29/2018,9,9
9/30/2018,7,6
10/1/2018,26,19
10/2/2018,30,16
10/3/2018,28,17
10/4/2018,30,17
10/5/2018,27,16
10/6/2018,7,5
10/7/2018,6,5
10/8/2018,27,14
10/9/2018,31,15
10/10/2018,38,21
10/11/2018,52,27
10/12/2018,39,24
10/13/2018,14,7
10/14/2018,6,5
10/15/2018,30,20
10/16/2018,34,22
10/17/2018,32,21
10/18/2018,30,18
10/19/2018,29,17
10/20/2018,9,7
10/21/2018,5,5
10/22/2018,31,15
10/23/2018,37,19
10/24/2018,90,32
10/25/2018,77,37
10/26/2018,51,26
10/27/2018,14,13
10/28/2018,8,10
10/29/2018,39,20
10/30/2018,41,20
10/31/2018,39,23
11/1/2018,34,20
11/2/2018,36,19
11/3/2018,9,5
11/4/2018,4,5
11/5/2018,31,15
11/6/2018,29,13
11/7/2018,36,17
11/8/2018,32,17
11/9/2018,28,15
11/10/2018,10,4
11/11/2018,6,4
11/12/2018,25,13
11/13/2018,29,17
11/14/2018,28,13
11/15/2018,29,18
11/16/2018,25,15
11/17/2018,7,6
11/18/2018,6,4
11/19/2018,28,15
11/20/2018,37,21
11/21/2018,34,17
11/22/2018,11,5
11/23/2018,19,9
11/24/2018,13,9
11/25/2018,7,8
11/26/2018,31,16
11/27/2018,40,25
11/28/2018,40,24
11/29/2018,41,24
11/30/2018,34,26
12/1/2018,15,15
12/2/2018,8,7
12/3/2018,43,23
12/4/2018,38,18
12/5/2018,20,16
12/6/2018,33,18
12/7/2018,29,19
12/8/2018,11,6
12/9/2018,6,4
12/10/2018,32,18
12/11/2018,29,18
12/12/2018,36,20
12/13/2018,30,17
12/14/2018,27,17
12/15/2018,12,7
12/16/2018,8,3
12/17/2018,29,15
12/18/2018,32,20
12/19/2018,33,17
12/20/2018,34,19
12/21/2018,41,20
12/22/2018,15,10
12/23/2018,11,4
12/24/2018,32,18
12/25/2018,15,12
12/26/2018,39,22
12/27/2018,43,23
12/28/2018,35,16
12/29/2018,11,7
12/30/2018,8,6
12/31/2018,27,11
1/1/2019,11,8
1/2/2019,33,18
1/3/2019,44,29
1/4/2019,38,26
1/5/2019,10,10
1/6/2019,8,5
1/7/2019,33,20
1/8/2019,32,19
1/9/2019,33,19
1/10/2019,29,17
1/11/2019,30,16
1/12/2019,8,9
1/13/2019,6,5
1/14/2019,28,13
1/15/2019,33,17
1/16/2019,30,17
1/17/2019,31,14
1/18/2019,32,16
1/19/2019,10,9
1/20/2019,7,6
1/21/2019,12,7
1/22/2019,31,15
1/23/2019,27,17
1/24/2019,26,15
1/25/2019,26,16
1/26/2019,9,6
1/27/2019,7,4
1/28/2019,26,12
1/29/2019,34,19
1/30/2019,70,29
1/31/2019,71,27
2/1/2019,41,21
2/2/2019,11,8
2/3/2019,6,5
2/4/2019,30,17
2/5/2019,35,17
2/6/2019,36,13
2/7/2019,28,16
2/8/2019,25,14
2/9/2019,11,9
2/10/2019,4,5
2/11/2019,24,15
2/12/2019,25,15
2/13/2019,26,13
2/14/2019,25,14
2/15/2019,28,15
2/16/2019,12,5
2/17/2019,5,5
2/18/2019,10,9
2/19/2019,23,13
2/20/2019,22,14
2/21/2019,30,14
2/22/2019,32,15
2/23/2019,11,9
2/24/2019,7,5
2/25/2019,27,16
2/26/2019,25,16
2/27/2019,26,15
2/28/2019,26,16
3/1/2019,29,14
3/2/2019,10,7
3/3/2019,6,4
3/4/2019,26,16
3/5/2019,27,15
3/6/2019,20,13
3/7/2019,23,11
3/8/2019,20,15
3/9/2019,6,5
3/10/2019,6,4
3/11/2019,24,15
3/12/2019,26,14
3/13/2019,26,16
3/14/2019,28,18
3/15/2019,35,23
3/16/2019,11,8
3/17/2019,4,3
3/18/2019,32,19
3/19/2019,33,20
3/20/2019,34,21
3/21/2019,35,22
3/22/2019,32,22
3/23/2019,9,6
3/24/2019,6,4
3/25/2019,25,15
3/26/2019,31,19
3/27/2019,25,16
3/28/2019,26,18
3/29/2019,28,17
3/30/2019,8,8
3/31/2019,7,6
4/1/2019,26,18
4/2/2019,32,21
4/3/2019,26,21
4/4/2019,27,18
4/5/2019,29,17
4/6/2019,7,9
4/7/2019,4,6
4/8/2019,25,16
4/9/2019,25,17
4/10/2019,25,16
4/11/2019,27,17
4/12/2019,27,15
4/13/2019,11,8
4/14/2019,8,4
4/15/2019,25,17
4/16/2019,27,19
4/17/2019,30,19
4/18/2019,31,20
4/19/2019,23,11
4/20/2019,7,5
4/21/2019,7,5
4/22/2019,30,17
4/23/2019,41,21
4/24/2019,84,35
4/25/2019,100,54
4/26/2019,64,35
4/27/2019,15,11
4/28/2019,10,6
4/29/2019,37,22
4/30/2019,45,22
5/1/2019,43,26
5/1/2019,43,27
5/2/2019,38,23
5/3/2019,42,26
5/4/2019,13,9
5/5/2019,7,6
5/6/2019,32,22
5/7/2019,36,19
5/8/2019,31,19
5/9/2019,35,19
5/10/2019,32,21
5/11/2019,10,7
5/12/2019,7,5
5/13/2019,38,23
5/14/2019,36,23
5/15/2019,31,21
5/16/2019,36,20
5/17/2019,34,19
5/18/2019,13,6
5/19/2019,6,4
5/20/2019,28,15
5/21/2019,32,19
5/22/2019,24,15
5/23/2019,28,18
5/24/2019,21,15
5/25/2019,10,5
5/26/2019,6,6
5/27/2019,8,7
5/28/2019,23,12
5/29/2019,22,15
5/30/2019,21,14
5/31/2019,29,16
6/1/2019,6,7
6/2/2019,3,4
6/3/2019,29,18
6/4/2019,33,22
6/5/2019,32,16
6/6/2019,31,15
6/7/2019,37,19
6/8/2019,14,11
6/9/2019,9,8
6/10/2019,34,25
6/11/2019,39,16
6/12/2019,28,20
6/13/2019,31,18
6/14/2019,27,14
6/15/2019,9,7
6/16/2019,5,5
6/17/2019,27,15
6/18/2019,32,20
6/19/2019,36,21
6/20/2019,38,20
6/21/2019,37,17
6/22/2019,11,9
6/23/2019,5,4
6/24/2019,29,17
6/25/2019,34,21
6/26/2019,37,17
6/27/2019,29,14
6/28/2019,30,18
6/29/2019,10,7
6/30/2019,7,4
7/1/2019,35,14
7/2/2019,28,15
7/3/2019,29,16
7/4/2019,12,8
7/5/2019,26,11
7/6/2019,8,7
7/7/2019,7,5
7/8/2019,24,15
7/9/2019,30,17
7/10/2019,33,17
7/11/2019,36,17
7/12/2019,34,23
7/13/2019,12,8
7/14/2019,8,5
7/15/2019,35,19
7/16/2019,38,20
7/17/2019,38,21
7/18/2019,85,33
7/19/2019,100,39
7/20/2019,19,8
7/21/2019,11,5
7/22/2019,40,23
7/23/2019,40,24
7/24/2019,35,23
7/25/2019,35,21
7/26/2019,35,23
7/27/2019,8,9
7/28/2019,8,5
7/29/2019,29,18
7/30/2019,31,20
7/31/2019,38,23
8/1/2019,35,24
8/2/2019,32,20
8/3/2019,7,5
8/4/2019,7,6
8/5/2019,38,26
8/6/2019,44,29
8/7/2019,38,26
8/8/2019,33,21
8/9/2019,35,21
8/10/2019,11,7
8/11/2019,7,4
8/12/2019,31,17
8/13/2019,39,23
8/14/2019,38,22
8/15/2019,42,23
8/16/2019,34,22
8/17/2019,12,7
8/18/2019,10,5
8/19/2019,31,17
8/20/2019,33,19
8/21/2019,34,19
8/22/2019,31,18
8/23/2019,35,17
8/24/2019,11,9
8/25/2019,10,5
8/26/2019,30,17
8/27/2019,32,16
8/28/2019,31,16
8/29/2019,28,19
8/30/2019,31,17
8/31/2019,9,6
9/1/2019,7,5
9/2/2019,10,7
9/3/2019,26,14
9/4/2019,27,14
9/5/2019,33,20
9/6/2019,29,20
9/7/2019,8,3
9/8/2019,5,6
9/9/2019,29,16
9/10/2019,26,20
9/11/2019,33,18
9/12/2019,36,22
9/13/2019,33,17
9/14/2019,8,7
9/15/2019,7,4
9/16/2019,24,13
9/17/2019,25,17
9/18/2019,34,17
9/19/2019,55,31
9/20/2019,39,21
9/21/2019,11,7
9/22/2019,7,6
9/23/2019,30,19
9/24/2019,29,19
9/25/2019,30,16
9/26/2019,30,16
9/27/2019,24,17
9/28/2019,10,7
9/29/2019,9,2
9/30/2019,23,17
10/1/2019,31,15
10/2/2019,34,21
10/3/2019,37,19
10/4/2019,30,22
10/5/2019,9,8
10/6/2019,6,4
10/7/2019,26,18
10/8/2019,30,16
10/9/2019,26,15
10/10/2019,33,19
10/11/2019,35,17
10/12/2019,12,6
10/13/2019,6,6
10/14/2019,25,15
10/15/2019,34,21
10/16/2019,34,15
10/17/2019,31,15
10/18/2019,34,20
10/19/2019,12,7
10/20/2019,6,7
10/21/2019,37,16
10/22/2019,45,22
10/23/2019,89,33
10/24/2019,73,35
10/25/2019,52,30
10/26/2019,54,31
10/27/2019,21,13
10/28/2019,68,37
10/29/2019,52,29
10/30/2019,46,24
10/31/2019,43,25
11/1/2019,37,21
11/2/2019,12,7
11/3/2019,9,6
11/4/2019,37,22
11/5/2019,37,23
11/6/2019,34,22
11/7/2019,34,21
11/8/2019,34,22
11/9/2019,13,10
11/10/2019,8,6
11/11/2019,28,20
11/12/2019,39,23
11/13/2019,38,23
11/14/2019,34,22
11/15/2019,42,26
11/16/2019,18,14
11/17/2019,10,9
11/18/2019,42,26
11/19/2019,45,25
11/20/2019,36,22
11/21/2019,37,21
11/22/2019,35,22
11/23/2019,11,7
11/24/2019,4,6
11/25/2019,35,22
11/26/2019,39,25
11/27/2019,36,20
11/28/2019,14,13
11/29/2019,19,11
11/30/2019,7,9
12/1/2019,6,6
12/2/2019,34,18
12/3/2019,35,19
12/4/2019,34,25
12/5/2019,31,19
12/6/2019,32,20
12/7/2019,11,9
12/8/2019,6,6
12/9/2019,29,19
12/10/2019,29,19
12/11/2019,23,19
12/12/2019,32,20
12/13/2019,36,22
12/14/2019,16,9
12/15/2019,9,6
12/16/2019,38,25
12/17/2019,38,23
12/18/2019,34,21
12/19/2019,38,24
12/20/2019,36,25
12/21/2019,12,9
12/22/2019,9,7
12/23/2019,31,22
12/24/2019,29,18
12/25/2019,13,8
12/26/2019,32,22
12/27/2019,35,24
12/28/2019,13,10
12/29/2019,9,8
12/30/2019,33,20
12/31/2019,35,22
1/1/2020,13,12
1/1/2020,7,6
1/2/2020,24,15
1/3/2020,21,14
1/4/2020,7,5
1/5/2020,3,5
1/6/2020,21,11
1/7/2020,21,13
1/8/2020,24,15
1/9/2020,24,17
1/10/2020,24,17
1/11/2020,5,6
1/12/2020,4,4
1/13/2020,21,14
1/14/2020,23,15
1/15/2020,23,16
1/16/2020,26,19
1/17/2020,29,18
1/18/2020,9,7
1/19/2020,6,5
1/20/2020,8,6
1/21/2020,21,15
1/22/2020,22,17
1/23/2020,23,16
1/24/2020,22,13
1/25/2020,8,7
1/26/2020,4,3
1/27/2020,23,14
1/28/2020,27,16
1/29/2020,47,26
1/30/2020,57,31
1/31/2020,35,24
2/1/2020,12,7
2/2/2020,5,5
2/3/2020,28,17
2/4/2020,35,28
2/5/2020,46,27
2/6/2020,41,26
2/7/2020,39,27
2/8/2020,12,8
2/9/2020,7,7
2/10/2020,37,25
2/11/2020,54,34
2/12/2020,53,28
2/13/2020,49,29
2/14/2020,45,25
2/15/2020,12,10
2/16/2020,6,6
2/17/2020,14,10
2/18/2020,31,21
2/19/2020,36,22
2/20/2020,34,20
2/21/2020,35,25
2/22/2020,11,8
2/23/2020,8,7
2/24/2020,43,30
2/25/2020,51,31
2/26/2020,48,32
2/27/2020,61,39
2/28/2020,67,56
2/29/2020,16,19
3/1/2020,10,11
3/2/2020,56,37
3/3/2020,51,36
3/4/2020,41,29
3/5/2020,38,28
3/6/2020,42,32
3/7/2020,10,10
3/8/2020,8,8
3/9/2020,62,44
3/10/2020,52,42
3/11/2020,44,38
3/12/2020,67,63
3/13/2020,72,63
3/14/2020,23,28
3/15/2020,13,17
3/16/2020,64,56
3/17/2020,56,50
3/18/2020,58,53
3/19/2020,52,49
3/20/2020,52,43
3/21/2020,15,22
3/22/2020,10,14
3/23/2020,48,47
3/24/2020,50,44
3/25/2020,52,41
3/26/2020,42,36
3/27/2020,40,37
3/28/2020,13,15
3/29/2020,9,11
3/30/2020,46,35
3/31/2020,46,37
4/1/2020,40,36
4/2/2020,36,34
4/3/2020,33,28
4/4/2020,9,14
4/5/2020,8,10
4/6/2020,39,34
4/7/2020,39,34
4/8/2020,35,29
4/9/2020,38,31
4/10/2020,19,15
4/11/2020,7,8
4/12/2020,7,7
4/13/2020,33,26
4/14/2020,37,31
4/15/2020,36,30
4/16/2020,39,34
4/17/2020,47,32
4/18/2020,12,12
4/19/2020,8,10
4/20/2020,32,27
4/21/2020,37,29
4/22/2020,34,29
4/23/2020,36,30
4/24/2020,33,26
4/25/2020,12,11
4/26/2020,8,10
4/27/2020,35,26
4/28/2020,39,28
4/29/2020,73,41
4/30/2020,70,46
5/1/2020,41,31
5/2/2020,10,11
5/3/2020,9,8
5/4/2020,33,24
5/5/2020,35,30
5/6/2020,35,28
5/7/2020,32,28
5/8/2020,31,26
5/9/2020,9,11
5/10/2020,6,8
5/11/2020,29,23
5/12/2020,33,28
5/13/2020,34,27
5/14/2020,31,25
5/15/2020,30,23
5/16/2020,10,10
5/17/2020,5,7
5/18/2020,31,25
5/19/2020,29,25
5/20/2020,30,27
5/21/2020,29,23
5/22/2020,27,22
5/23/2020,7,9
5/24/2020,5,6
5/25/2020,7,8
5/26/2020,27,23
5/27/2020,30,25
5/28/2020,28,22
5/29/2020,24,20
5/30/2020,6,9
5/31/2020,5,5
6/1/2020,25,20
6/2/2020,26,19
6/3/2020,27,20
6/4/2020,26,21
6/5/2020,28,22
6/6/2020,9,10
6/7/2020,5,8
6/8/2020,27,22
6/9/2020,31,27
6/10/2020,40,30
6/11/2020,42,32
6/12/2020,38,28
6/13/2020,9,9
6/14/2020,6,6
6/15/2020,26,20
6/16/2020,31,25
6/17/2020,32,24
6/18/2020,28,22
6/19/2020,31,25
6/20/2020,8,8
6/21/2020,6,5
6/22/2020,35,25
6/23/2020,40,30
6/24/2020,35,26
6/25/2020,31,22
6/26/2020,35,27
6/27/2020,9,10
6/28/2020,7,6
6/29/2020,29,23
6/30/2020,29,24
7/1/2020,31,23
7/2/2020,32,24
7/3/2020,14,11
7/4/2020,6,8
7/5/2020,6,7
7/6/2020,33,25
7/7/2020,37,28
7/8/2020,36,26
7/9/2020,36,29
7/10/2020,37,28
7/11/2020,11,10
7/12/2020,8,9
7/13/2020,36,27
7/14/2020,40,30
7/15/2020,39,28
7/16/2020,38,28
7/17/2020,39,25
7/18/2020,12,9
7/19/2020,7,8
7/20/2020,44,29
7/21/2020,54,32
7/22/2020,100,49
7/23/2020,87,45
7/24/2020,58,32
7/25/2020,11,10
7/26/2020,8,8
7/27/2020,37,26
7/28/2020,35,27
7/29/2020,34,23
7/30/2020,39,27
7/31/2020,57,36
8/1/2020,21,26
8/2/2020,11,15
8/3/2020,84,76
8/4/2020,65,61
8/5/2020,45,41
8/6/2020,38,36
8/7/2020,41,35
8/8/2020,13,11
8/9/2020,8,10
8/10/2020,38,29
8/11/2020,41,31
8/12/2020,40,33
8/13/2020,35,31
8/14/2020,30,24
8/15/2020,7,11
8/16/2020,6,8
8/17/2020,30,24
8/18/2020,33,28
8/19/2020,32,27
8/20/2020,35,28
8/21/2020,35,30
8/22/2020,12,11
8/23/2020,6,9
8/24/2020,34,28
8/25/2020,33,27
8/26/2020,39,30
8/27/2020,58,40
8/28/2020,52,36
8/29/2020,15,12
8/30/2020,11,11
8/31/2020,40,34
9/1/2020,41,39
9/1/2020,50,48
9/2/2020,53,44
9/3/2020,60,49
9/4/2020,70,55
9/5/2020,16,18
9/6/2020,7,10
9/7/2020,13,12
9/8/2020,60,46
9/9/2020,62,46
9/10/2020,46,41
9/11/2020,46,37
9/12/2020,12,11
9/13/2020,9,7
9/14/2020,61,42
9/15/2020,43,36
9/16/2020,44,32
9/17/2020,41,33
9/18/2020,42,37
9/19/2020,10,12
9/20/2020,7,8
9/21/2020,51,46
9/22/2020,46,47
9/23/2020,41,39
9/24/2020,38,34
9/25/2020,35,31
9/26/2020,10,11
9/27/2020,6,7
9/28/2020,32,27
9/29/2020,33,27
9/30/2020,33,28
10/1/2020,32,27
10/2/2020,37,30
10/3/2020,9,9
10/4/2020,6,6
10/5/2020,28,26
10/6/2020,32,26
10/7/2020,33,25
10/8/2020,30,23
10/9/2020,34,25
10/10/2020,9,10
10/11/2020,6,7
10/12/2020,35,28
10/13/2020,38,31
10/14/2020,35,25
10/15/2020,29,26
10/16/2020,30,24
10/17/2020,11,8
10/18/2020,5,7
10/19/2020,28,25
10/20/2020,30,26
10/21/2020,30,23
10/22/2020,25,22
10/23/2020,26,20
10/24/2020,9,9
10/25/2020,6,5
10/26/2020,34,25
10/27/2020,75,36
10/28/2020,67,43
10/29/2020,43,33
10/30/2020,39,29
10/31/2020,9,9
11/1/2020,6,6
11/2/2020,32,27
11/3/2020,32,26
11/4/2020,32,24
11/5/2020,39,28
11/6/2020,36,27
11/7/2020,7,10
11/8/2020,7,6
11/9/2020,43,38
11/10/2020,38,40
11/11/2020,37,31
11/12/2020,31,30
11/13/2020,29,27
11/14/2020,8,11
11/15/2020,6,8
11/16/2020,29,26
11/17/2020,26,26
11/18/2020,25,24
11/19/2020,27,24
11/20/2020,26,24
11/21/2020,8,9
11/22/2020,5,7
11/23/2020,26,23
11/24/2020,31,31
11/25/2020,26,26
11/26/2020,12,14
11/27/2020,18,20
11/28/2020,8,10
11/29/2020,5,7
11/30/2020,23,21
12/1/2020,30,26
12/2/2020,26,23
12/3/2020,25,23
12/4/2020,24,22
12/5/2020,8,9
12/6/2020,4,6
12/7/2020,22,20
12/8/2020,23,22
12/9/2020,24,21
12/10/2020,26,23
12/11/2020,25,22
12/12/2020,9,10
12/13/2020,5,6
12/14/2020,24,21
12/15/2020,23,23
12/16/2020,27,22
12/17/2020,31,24
12/18/2020,25,24
12/19/2020,10,10
12/20/2020,6,7
12/21/2020,26,22
12/22/2020,30,24
12/23/2020,29,23
12/24/2020,23,22
12/25/2020,8,9
12/26/2020,6,7
12/27/2020,5,7
12/28/2020,26,23
12/29/2020,29,27
12/30/2020,24,25
12/31/2020,25,21
1/1/2021,9,12
1/2/2021,5,8
1/3/2021,4,7
1/4/2021,25,20
1/5/2021,26,23
1/6/2021,32,26
1/7/2021,31,27
1/8/2021,32,24
1/9/2021,8,10
1/10/2021,5,10
1/11/2021,24,22
1/12/2021,25,23
1/13/2021,25,23
1/14/2021,24,22
1/15/2021,26,24
1/16/2021,7,9
1/17/2021,4,6
1/18/2021,10,11
1/19/2021,21,22
1/20/2021,33,31
1/21/2021,32,30
1/22/2021,32,30
1/23/2021,11,13
1/24/2021,9,9
1/25/2021,37,28
1/26/2021,81,51
1/27/2021,100,69
1/28/2021,52,50
1/29/2021,42,42
1/30/2021,13,16
1/31/2021,8,12
2/1/2021,41,35
2/2/2021,40,41
2/3/2021,40,36
2/4/2021,36,34
2/5/2021,33,31
2/6/2021,10,14
2/7/2021,6,9
2/8/2021,30,24
2/9/2021,27,28
2/10/2021,27,30
2/11/2021,29,26
2/12/2021,31,27
2/13/2021,9,12
2/14/2021,5,7
2/15/2021,10,13
2/16/2021,27,26
2/17/2021,27,23
2/18/2021,25,24
2/19/2021,24,25
2/20/2021,7,8
2/21/2021,6,6
2/22/2021,26,27
2/23/2021,32,32
2/24/2021,28,28
2/25/2021,27,27
2/26/2021,28,28
2/27/2021,9,10
2/28/2021,5,8
3/1/2021,24,25
3/2/2021,26,22
3/3/2021,27,24
3/4/2021,31,26
3/5/2021,33,30
3/6/2021,10,13
3/7/2021,6,7
3/8/2021,29,26
3/9/2021,32,33
3/10/2021,28,27
3/11/2021,27,25
3/12/2021,28,25
3/13/2021,7,9
3/14/2021,5,5
3/15/2021,24,24
3/16/2021,25,22
3/17/2021,24,22
3/18/2021,24,22
3/19/2021,26,21
3/20/2021,8,8
3/21/2021,6,7
3/22/2021,22,23
3/23/2021,28,27
3/24/2021,25,22
3/25/2021,25,22
3/26/2021,25,19
3/27/2021,8,7
3/28/2021,5,6
3/29/2021,21,18
3/30/2021,22,20
3/31/2021,31,24
4/1/2021,37,33
4/2/2021,16,17
4/3/2021,6,7
4/4/2021,5,5
4/5/2021,33,26
4/6/2021,30,27
4/7/2021,28,21
4/8/2021,31,25
4/9/2021,31,26
4/10/2021,10,10
4/11/2021,6,7
4/12/2021,38,31
4/13/2021,36,32
4/14/2021,31,25
4/15/2021,30,24
4/16/2021,28,24
4/17/2021,8,9
4/18/2021,7,6
4/19/2021,25,21
4/20/2021,25,20
4/21/2021,27,23
4/22/2021,24,24
4/23/2021,26,19
4/24/2021,9,10
4/25/2021,5,7
4/26/2021,25,21
4/27/2021,63,34
4/28/2021,70,41
4/29/2021,43,33
4/30/2021,32,25
5/1/2021,9,11
5/1/2021,14,18
5/2/2021,9,8
5/3/2021,50,39
5/4/2021,51,53
5/5/2021,44,40
5/6/2021,45,37
5/7/2021,42,39
5/8/2021,13,16
5/9/2021,9,9
5/10/2021,39,34
5/11/2021,47,39
5/12/2021,45,37
5/13/2021,47,41
5/14/2021,44,37
5/15/2021,15,14
5/16/2021,8,8
5/17/2021,43,38
5/18/2021,41,35
5/19/2021,41,33
5/20/2021,36,28
5/21/2021,37,30
5/22/2021,9,9
5/23/2021,6,7
5/24/2021,34,33
5/25/2021,34,31
5/26/2021,42,28
5/27/2021,34,30
5/28/2021,33,31
5/29/2021,10,11
5/30/2021,7,9
5/31/2021,12,13
6/1/2021,36,26
6/2/2021,36,28
6/3/2021,27,30
6/4/2021,34,27
6/5/2021,15,15
6/6/2021,7,8
6/7/2021,31,26
6/8/2021,41,30
6/9/2021,33,30
6/10/2021,35,27
6/11/2021,40,27
6/12/2021,14,9
6/13/2021,8,6
6/14/2021,35,30
6/15/2021,34,31
6/16/2021,38,29
6/17/2021,36,32
6/18/2021,39,28
6/19/2021,12,10
6/20/2021,7,8
6/21/2021,38,27
6/22/2021,46,34
6/23/2021,53,40
6/24/2021,54,43
6/25/2021,48,30
6/26/2021,16,12
6/27/2021,10,9
6/28/2021,40,29
6/29/2021,43,34
6/30/2021,45,34
7/1/2021,38,31
7/2/2021,51,39
7/3/2021,14,14
7/4/2021,9,9
7/5/2021,18,15
7/6/2021,63,40
7/7/2021,54,44
7/8/2021,56,37
7/9/2021,46,33
7/10/2021,14,13
7/11/2021,7,10
7/12/2021,43,33
7/13/2021,46,37
7/14/2021,49,39
7/15/2021,42,36
7/16/2021,44,32
7/17/2021,12,8
7/18/2021,10,8
7/19/2021,43,36
7/20/2021,44,33
7/21/2021,39,32
7/22/2021,54,41
7/23/2021,56,39
7/24/2021,19,13
7/25/2021,11,7
7/26/2021,55,34
7/27/2021,90,53
7/28/2021,87,55
7/29/2021,48,37
7/30/2021,44,39
7/31/2021,11,14
8/1/2021,9,7
8/2/2021,35,32
8/3/2021,42,31
8/4/2021,34,30
8/5/2021,37,35
8/6/2021,41,29
8/7/2021,11,10
8/8/2021,9,8
8/9/2021,36,29
8/10/2021,39,30
8/11/2021,38,30
8/12/2021,36,34
8/13/2021,38,31
8/14/2021,11,11
8/15/2021,7,8
8/16/2021,40,32
8/17/2021,44,32
8/18/2021,43,31
8/19/2021,46,39
8/20/2021,65,46
8/21/2021,20,18
8/22/2021,10,13
8/23/2021,54,36
8/24/2021,56,48
8/25/2021,47,31
8/26/2021,40,31
8/27/2021,42,32
8/28/2021,13,11
8/29/2021,7,8
8/30/2021,39,34
8/31/2021,47,32
9/1/2021,39,34
9/2/2021,38,28
9/3/2021,36,28
9/4/2021,10,12
9/5/2021,9,7
9/6/2021,11,11
9/7/2021,37,25
9/8/2021,35,27
9/9/2021,36,28
9/10/2021,36,29
9/11/2021,12,11
9/12/2021,7,5
9/13/2021,35,29
9/14/2021,34,27
9/15/2021,54,38
9/16/2021,44,35
9/17/2021,41,32
9/18/2021,14,12
9/19/2021,9,8
9/20/2021,45,34
9/21/2021,45,34
9/22/2021,40,35
9/23/2021,41,32
9/24/2021,37,29
9/25/2021,11,10
9/26/2021,7,7
9/27/2021,36,25
9/28/2021,47,31
9/29/2021,43,30
9/30/2021,42,31
10/1/2021,42,33
10/2/2021,10,12
10/3/2021,7,5
10/4/2021,42,39
10/5/2021,47,32
10/6/2021,40,34
10/7/2021,47,35
10/8/2021,36,32
10/9/2021,11,10
10/10/2021,7,8
10/11/2021,35,25
10/12/2021,35,28
10/13/2021,36,28
10/14/2021,39,38
10/15/2021,42,31
10/16/2021,13,13
10/17/2021,8,9
10/18/2021,42,30
10/19/2021,44,33
10/20/2021,43,38
10/21/2021,48,38
10/22/2021,44,37
10/23/2021,9,12
10/24/2021,7,6
10/25/2021,45,36
10/26/2021,89,52
10/27/2021,100,68
10/28/2021,77,58
10/29/2021,81,58
10/30/2021,26,23
10/31/2021,16,14
11/1/2021,61,43
11/2/2021,55,48
11/3/2021,54,45
11/4/2021,51,47
11/5/2021,55,46
11/6/2021,17,18
11/7/2021,11,11
11/8/2021,50,37
11/9/2021,45,41
11/10/2021,50,44
11/11/2021,44,44
11/12/2021,48,42
11/13/2021,17,16
11/14/2021,13,11
11/15/2021,46,36
11/16/2021,55,42
11/17/2021,44,43
11/18/2021,49,43
11/19/2021,47,45
11/20/2021,12,16
11/21/2021,9,12
11/22/2021,51,41
11/23/2021,48,39
11/24/2021,41,37
11/25/2021,19,16
11/26/2021,45,35
11/27/2021,15,15
11/28/2021,9,12
11/29/2021,54,45
11/30/2021,55,42
12/1/2021,54,47
12/2/2021,46,42
12/3/2021,52,40
12/4/2021,15,14
12/5/2021,11,10
12/6/2021,47,40
12/7/2021,57,45
12/8/2021,57,43
12/9/2021,50,40
12/10/2021,56,40
12/11/2021,18,19
12/12/2021,10,9
12/13/2021,46,36
12/14/2021,61,45
12/15/2021,59,42
12/16/2021,53,39
12/17/2021,56,39
12/18/2021,15,13
12/19/2021,8,9
12/20/2021,49,33
12/21/2021,49,43
12/22/2021,50,46
12/23/2021,56,37
12/24/2021,22,20
12/25/2021,10,9
12/26/2021,7,10
12/27/2021,48,39
12/28/2021,50,40
12/29/2021,48,40
12/30/2021,45,34
12/31/2021,41,32
1/1/2022,14,15
1/1/2022,7,8
1/2/2022,5,5
1/3/2022,25,18
1/4/2022,37,32
1/5/2022,26,20
1/6/2022,28,19
1/7/2022,25,23
1/8/2022,9,9
1/9/2022,6,5
1/10/2022,30,20
1/11/2022,26,21
1/12/2022,23,20
1/13/2022,24,16
1/14/2022,28,19
1/15/2022,7,8
1/16/2022,5,4
1/17/2022,9,9
1/18/2022,56,65
1/19/2022,40,46
1/20/2022,33,33
1/21/2022,37,32
1/22/2022,14,17
1/23/2022,9,11
1/24/2022,55,43
1/25/2022,96,53
1/26/2022,100,57
1/27/2022,45,33
1/28/2022,40,34
1/29/2022,13,14
1/30/2022,9,8
1/31/2022,33,26
2/1/2022,30,25
2/2/2022,35,29
2/3/2022,39,31
2/4/2022,31,31
2/5/2022,12,10
2/6/2022,6,7
2/7/2022,25,25
2/8/2022,30,24
2/9/2022,25,23
2/10/2022,25,18
2/11/2022,28,21
2/12/2022,9,8
2/13/2022,6,6
2/14/2022,27,21
2/15/2022,28,22
2/16/2022,25,23
2/17/2022,26,20
2/18/2022,28,22
2/19/2022,9,10
2/20/2022,5,7
2/21/2022,10,12
2/22/2022,30,23
2/23/2022,26,21
2/24/2022,43,33
2/25/2022,29,23
2/26/2022,10,7
2/27/2022,5,6
2/28/2022,28,24
3/1/2022,24,19
3/2/2022,26,19
3/3/2022,23,18
3/4/2022,25,20
3/5/2022,8,7
3/6/2022,5,4
3/7/2022,31,23
3/8/2022,29,22
3/9/2022,22,20
3/10/2022,24,16
3/11/2022,24,18
3/12/2022,8,7
3/13/2022,5,6
3/14/2022,25,19
3/15/2022,23,19
3/16/2022,25,22
3/17/2022,26,19
3/18/2022,24,19
3/19/2022,9,8
3/20/2022,6,5
3/21/2022,23,18
3/22/2022,21,19
3/23/2022,22,19
3/24/2022,22,16
3/25/2022,22,18
3/26/2022,7,7
3/27/2022,4,4
3/28/2022,25,19
3/29/2022,29,19
3/30/2022,23,19
3/31/2022,21,17
4/1/2022,20,16
4/2/2022,7,6
4/3/2022,4,4
4/4/2022,26,18
4/5/2022,20,17
4/6/2022,22,16
4/7/2022,21,17
4/8/2022,20,16
4/9/2022,6,8
4/10/2022,5,4
4/11/2022,24,16
4/12/2022,22,19
4/13/2022,19,15
4/14/2022,20,17
4/15/2022,12,9
4/16/2022,6,5
4/17/2022,5,4
4/18/2022,23,18
4/19/2022,20,18
4/20/2022,24,20
4/21/2022,24,19
4/22/2022,24,18
4/23/2022,8,9
4/24/2022,6,6
4/25/2022,29,21
4/26/2022,76,34
4/27/2022,65,35
4/28/2022,39,28
4/29/2022,30,22
4/30/2022,13,12
5/1/2022,7,7
5/2/2022,27,19
5/3/2022,23,21
5/4/2022,23,18
5/5/2022,29,22
5/6/2022,28,22
5/7/2022,9,8
5/8/2022,6,7
5/9/2022,34,25
5/10/2022,29,26
5/11/2022,31,25
5/12/2022,33,26
5/13/2022,28,22
5/14/2022,9,8
5/15/2022,6,6
5/16/2022,26,18
5/17/2022,25,18
5/18/2022,25,22
5/19/2022,26,21
5/20/2022,26,20
5/21/2022,7,8
5/22/2022,5,6
5/23/2022,23,17
5/24/2022,27,19
5/25/2022,24,19
5/26/2022,24,16
5/27/2022,23,17
5/28/2022,9,6
5/29/2022,4,5
5/30/2022,8,7
5/31/2022,22,17
6/1/2022,22,15
6/2/2022,31,20
6/3/2022,23,16
6/4/2022,7,7
6/5/2022,5,4
6/6/2022,22,14
6/7/2022,19,15
6/8/2022,18,15
6/9/2022,17,15
6/10/2022,21,18
6/11/2022,7,8
6/12/2022,5,6
6/13/2022,32,24
6/14/2022,26,22
6/15/2022,25,21
6/16/2022,26,22
6/17/2022,23,18
6/18/2022,7,8
6/19/2022,5,6
6/20/2022,10,10
6/21/2022,23,17
6/22/2022,20,16
6/23/2022,19,15
6/24/2022,21,16
6/25/2022,6,5
6/26/2022,4,3
6/27/2022,20,13
6/28/2022,19,13
6/29/2022,19,12
6/30/2022,18,12
7/1/2022,16,12
7/2/2022,6,5
7/3/2022,3,3
7/4/2022,7,5
7/5/2022,20,14
7/6/2022,19,14
7/7/2022,22,15
7/8/2022,18,13
7/9/2022,7,6
7/10/2022,5,4
7/11/2022,20,14
7/12/2022,21,14
7/13/2022,22,15
7/14/2022,20,15
7/15/2022,20,15
7/16/2022,5,4
7/17/2022,4,4
7/18/2022,17,14
7/19/2022,20,14
7/20/2022,21,14
7/21/2022,21,16
7/22/2022,19,14
7/23/2022,6,5
7/24/2022,4,4
7/25/2022,18,14
7/26/2022,60,29
7/27/2022,59,32
7/28/2022,37,24
7/29/2022,33,20
7/30/2022,8,7
7/31/2022,6,4
8/1/2022,24,15
8/2/2022,21,16
8/3/2022,22,15
8/4/2022,20,16
8/5/2022,20,16
8/6/2022,6,6
8/7/2022,4,3
8/8/2022,21,16
8/9/2022,21,15
8/10/2022,24,17
8/11/2022,22,18
8/12/2022,21,16
8/13/2022,8,6
8/14/2022,4,4
8/15/2022,22,16
8/16/2022,23,16
8/17/2022,20,16
8/18/2022,17,15
8/19/2022,18,15
8/20/2022,6,5
8/21/2022,4,4
8/22/2022,17,12
8/23/2022,17,14
8/24/2022,16,12
8/25/2022,16,13
8/26/2022,18,15
8/27/2022,7,6
8/28/2022,5,4
8/29/2022,16,13
8/30/2022,16,13
8/31/2022,15,13
9/1/2022,18,14
9/1/2022,20,17
9/2/2022,19,16
9/3/2022,7,4
9/4/2022,3,4
9/5/2022,7,5
9/6/2022,19,14
9/7/2022,19,15
9/8/2022,21,13
9/9/2022,19,13
9/10/2022,7,6
9/11/2022,5,4
9/12/2022,20,14
9/13/2022,24,18
9/14/2022,23,16
9/15/2022,26,18
9/16/2022,23,19
9/17/2022,6,7
9/18/2022,5,4
9/19/2022,22,15
9/20/2022,21,16
9/21/2022,25,18
9/22/2022,24,19
9/23/2022,24,17
9/24/2022,8,7
9/25/2022,4,5
9/26/2022,22,17
9/27/2022,21,16
9/28/2022,20,15
9/29/2022,20,18
9/30/2022,22,15
10/1/2022,9,7
10/2/2022,7,4
10/3/2022,23,16
10/4/2022,26,17
10/5/2022,21,17
10/6/2022,20,14
10/7/2022,22,17
10/8/2022,7,5
10/9/2022,5,5
10/10/2022,21,15
10/11/2022,24,17
10/12/2022,22,16
10/13/2022,28,18
10/14/2022,22,17
10/15/2022,7,6
10/16/2022,5,5
10/17/2022,22,15
10/18/2022,26,18
10/19/2022,24,15
10/20/2022,22,14
10/21/2022,20,16
10/22/2022,6,4
10/23/2022,5,5
10/24/2022,24,15
10/25/2022,67,32
10/26/2022,84,45
10/27/2022,50,36
10/28/2022,39,30
10/29/2022,9,8
10/30/2022,6,7
10/31/2022,25,17
11/1/2022,24,22
11/2/2022,28,19
11/3/2022,29,22
11/4/2022,29,19
11/5/2022,7,8
11/6/2022,6,6
11/7/2022,28,18
11/8/2022,24,19
11/9/2022,22,17
11/10/2022,33,22
11/11/2022,27,20
11/12/2022,8,7
11/13/2022,6,6
11/14/2022,24,18
11/15/2022,25,17
11/16/2022,22,17
11/17/2022,19,15
11/18/2022,19,17
11/19/2022,8,6
11/20/2022,5,5
11/21/2022,18,13
11/22/2022,20,12
11/23/2022,19,14
11/24/2022,9,8
11/25/2022,13,11
11/26/2022,4,4
11/27/2022,3,4
11/28/2022,19,12
11/29/2022,18,15
11/30/2022,19,16
12/1/2022,22,15
12/2/2022,18,14
12/3/2022,7,5
12/4/2022,4,4
12/5/2022,18,12
12/6/2022,20,12
12/7/2022,19,16
12/8/2022,22,17
12/9/2022,19,15
12/10/2022,7,4
12/11/2022,5,3
12/12/2022,20,16
12/13/2022,25,16
12/14/2022,23,15
12/15/2022,24,14
12/16/2022,18,14
12/17/2022,6,5
12/18/2022,4,4
12/19/2022,20,12
12/20/2022,18,14
12/21/2022,19,15
12/22/2022,21,15
12/23/2022,20,13
12/24/2022,7,6
12/25/2022,4,4
12/26/2022,7,6
12/27/2022,19,14
12/28/2022,19,16
12/29/2022,20,16
12/30/2022,17,14
12/31/2022,7,6
1/1/2023,5,5
1/2/2023,8,7
1/3/2023,18,15
1/4/2023,35,23
1/5/2023,30,20
1/6/2023,31,19
1/7/2023,8,7
1/8/2023,6,6
1/9/2023,23,19
1/10/2023,25,18
1/11/2023,26,20
1/12/2023,27,20
1/13/2023,24,18
1/14/2023,9,8
1/15/2023,5,5
1/16/2023,11,9
1/17/2023,27,20
1/18/2023,41,30
1/19/2023,27,20
1/20/2023,29,22
1/21/2023,8,9
1/22/2023,7,7
1/23/2023,32,26
1/24/2023,86,41
1/25/2023,100,45
1/26/2023,36,26
1/27/2023,31,27
1/28/2023,9,10
1/29/2023,6,7
1/30/2023,25,18
1/31/2023,25,20
2/1/2023,29,21
2/2/2023,41,29
2/3/2023,38,25
2/4/2023,9,10
2/5/2023,7,6
2/6/2023,27,23
2/7/2023,38,27
2/8/2023,55,38
2/9/2023,47,35
2/10/2023,31,29
2/11/2023,12,14
2/12/2023,8,10
2/13/2023,35,24
2/14/2023,36,25
2/15/2023,32,22
2/16/2023,29,24
2/17/2023,28,21
2/18/2023,9,9
2/19/2023,6,7
2/20/2023,12,12
2/21/2023,27,19
2/22/2023,24,17
2/23/2023,23,17
2/24/2023,24,19
2/25/2023,7,8
2/26/2023,5,6
2/27/2023,21,15
2/28/2023,21,14
3/1/2023,20,17
