Date,NFLX,netflix stock
1/1/2014,5,17
1/2/2014,5,8
1/3/2014,13,11
1/4/2014,3,7
1/5/2014,0,6
1/6/2014,12,8
1/7/2014,23,14
1/8/2014,16,12
1/9/2014,15,14
1/10/2014,18,11
1/11/2014,3,6
1/12/2014,3,11
1/13/2014,15,11
1/14/2014,12,11
1/15/2014,23,10
1/16/2014,14,10
1/17/2014,15,8
1/18/2014,7,4
1/19/2014,4,6
1/20/2014,3,5
1/21/2014,16,10
1/22/2014,57,25
1/23/2014,100,61
1/24/2014,36,27
1/25/2014,8,13
1/26/2014,3,6
1/27/2014,11,10
1/28/2014,19,17
1/29/2014,19,19
1/30/2014,12,14
1/31/2014,14,16
2/1/2014,3,8
2/2/2014,0,9
2/3/2014,15,13
2/4/2014,15,13
2/5/2014,13,12
2/6/2014,14,12
2/7/2014,19,20
2/8/2014,6,5
2/9/2014,4,4
2/10/2014,8,13
2/11/2014,14,8
2/12/2014,13,11
2/13/2014,20,14
2/14/2014,13,17
2/15/2014,6,9
2/16/2014,5,6
2/17/2014,5,7
2/18/2014,9,13
2/19/2014,12,15
2/20/2014,10,13
2/21/2014,13,7
2/22/2014,5,13
2/23/2014,8,6
2/24/2014,24,20
2/25/2014,23,14
2/26/2014,20,13
2/27/2014,14,18
2/28/2014,18,18
3/1/2014,0,6
3/2/2014,3,5
3/3/2014,17,12
3/4/2014,10,11
3/5/2014,10,8
3/6/2014,13,10
3/7/2014,10,11
3/8/2014,6,2
3/9/2014,6,2
3/10/2014,13,7
3/11/2014,10,10
3/12/2014,8,7
3/13/2014,8,10
3/14/2014,8,13
3/15/2014,4,5
3/16/2014,3,6
3/17/2014,7,13
3/18/2014,14,15
3/19/2014,5,6
3/20/2014,9,5
3/21/2014,12,11
3/22/2014,7,1
3/23/2014,2,7
3/24/2014,26,14
3/25/2014,17,12
3/26/2014,17,15
3/27/2014,13,12
3/28/2014,14,13
3/29/2014,6,5
3/30/2014,0,8
3/31/2014,12,10
4/1/2014,11,6
4/2/2014,13,9
4/3/2014,14,8
4/4/2014,17,10
4/5/2014,7,2
4/6/2014,4,5
4/7/2014,18,7
4/8/2014,15,11
4/9/2014,15,12
4/10/2014,19,11
4/11/2014,18,8
4/12/2014,5,0
4/13/2014,5,0
4/14/2014,14,7
4/15/2014,15,9
4/16/2014,8,7
4/17/2014,13,11
4/18/2014,11,8
4/19/2014,3,3
4/20/2014,3,5
4/21/2014,68,24
4/22/2014,59,31
4/23/2014,24,16
4/24/2014,19,13
4/25/2014,19,14
4/26/2014,2,7
4/27/2014,5,5
4/28/2014,17,14
4/29/2014,21,10
4/30/2014,17,8
5/1/2014,15,8
5/2/2014,17,11
5/3/2014,3,3
5/4/2014,0,4
5/5/2014,11,11
5/6/2014,14,10
5/7/2014,18,8
5/8/2014,11,9
5/9/2014,16,10
5/10/2014,0,4
5/11/2014,2,0
5/12/2014,14,10
5/13/2014,11,7
5/14/2014,12,9
5/15/2014,13,5
5/16/2014,9,7
5/17/2014,2,4
5/18/2014,6,4
5/19/2014,14,10
5/20/2014,15,6
5/21/2014,16,13
5/22/2014,16,7
5/23/2014,14,8
5/24/2014,5,4
5/25/2014,4,7
5/26/2014,4,0
5/27/2014,13,6
5/28/2014,11,6
5/29/2014,14,12
5/30/2014,16,10
5/31/2014,0,0
6/1/2014,3,2
6/2/2014,10,8
6/3/2014,11,6
6/4/2014,10,7
6/5/2014,12,7
6/6/2014,14,10
6/7/2014,4,4
6/8/2014,0,7
6/9/2014,14,10
6/10/2014,14,10
6/11/2014,11,4
6/12/2014,8,4
6/13/2014,11,4
6/14/2014,3,4
6/15/2014,2,3
6/16/2014,6,8
6/17/2014,8,6
6/18/2014,9,7
6/19/2014,9,10
6/20/2014,7,6
6/21/2014,6,4
6/22/2014,0,0
6/23/2014,3,7
6/24/2014,15,7
6/25/2014,9,5
6/26/2014,9,0
6/27/2014,0,7
6/28/2014,2,0
6/29/2014,0,5
6/30/2014,3,4
7/1/2014,24,6
7/2/2014,16,4
7/3/2014,13,12
7/4/2014,3,7
7/5/2014,2,4
7/6/2014,4,8
7/7/2014,11,10
7/8/2014,14,10
7/9/2014,14,4
7/10/2014,8,4
7/11/2014,10,5
7/12/2014,6,5
7/13/2014,0,6
7/14/2014,11,7
7/15/2014,11,6
7/16/2014,9,7
7/17/2014,13,6
7/18/2014,5,5
7/19/2014,0,2
7/20/2014,0,7
7/21/2014,50,16
7/22/2014,54,30
7/23/2014,18,12
7/24/2014,22,9
7/25/2014,12,9
7/26/2014,4,7
7/27/2014,4,4
7/28/2014,9,4
7/29/2014,3,10
7/30/2014,10,6
7/31/2014,8,11
8/1/2014,11,7
8/2/2014,0,2
8/3/2014,0,0
8/4/2014,5,4
8/5/2014,7,8
8/6/2014,8,5
8/7/2014,13,4
8/8/2014,17,6
8/9/2014,5,2
8/10/2014,0,6
8/11/2014,8,6
8/12/2014,9,5
8/13/2014,8,5
8/14/2014,15,6
8/15/2014,0,5
8/16/2014,7,5
8/17/2014,0,4
8/18/2014,7,10
8/19/2014,6,7
8/20/2014,10,9
8/21/2014,9,3
8/22/2014,13,4
8/23/2014,3,5
8/24/2014,4,3
8/25/2014,10,5
8/26/2014,11,3
8/27/2014,10,7
8/28/2014,6,5
8/29/2014,6,8
8/30/2014,4,3
8/31/2014,1,7
9/1/2014,5,6
9/1/2014,3,4
9/2/2014,6,4
9/3/2014,4,5
9/4/2014,4,4
9/5/2014,1,6
9/6/2014,2,3
9/7/2014,2,0
9/8/2014,3,0
9/9/2014,7,5
9/10/2014,7,5
9/11/2014,6,4
9/12/2014,7,4
9/13/2014,5,4
9/14/2014,3,3
9/15/2014,7,5
9/16/2014,7,5
9/17/2014,6,8
9/18/2014,5,7
9/19/2014,7,5
9/20/2014,0,1
9/21/2014,0,4
9/22/2014,8,4
9/23/2014,7,6
9/24/2014,7,6
9/25/2014,5,5
9/26/2014,7,4
9/27/2014,4,4
9/28/2014,0,0
9/29/2014,5,6
9/30/2014,3,5
10/1/2014,8,6
10/2/2014,5,9
10/3/2014,9,4
10/4/2014,0,7
10/5/2014,2,4
10/6/2014,4,4
10/7/2014,5,5
10/8/2014,9,4
10/9/2014,7,2
10/10/2014,4,6
10/11/2014,0,4
10/12/2014,0,2
10/13/2014,8,6
10/14/2014,9,5
10/15/2014,58,31
10/16/2014,100,70
10/17/2014,39,44
10/18/2014,11,15
10/19/2014,5,9
10/20/2014,17,13
10/21/2014,18,8
10/22/2014,15,12
10/23/2014,17,16
10/24/2014,11,13
10/25/2014,0,4
10/26/2014,3,5
10/27/2014,14,8
10/28/2014,7,13
10/29/2014,9,11
10/30/2014,10,10
10/31/2014,11,4
11/1/2014,4,3
11/2/2014,7,3
11/3/2014,9,6
11/4/2014,8,11
11/5/2014,7,8
11/6/2014,6,8
11/7/2014,8,8
11/8/2014,2,3
11/9/2014,0,5
11/10/2014,4,5
11/11/2014,8,7
11/12/2014,8,6
11/13/2014,5,5
11/14/2014,10,6
11/15/2014,2,7
11/16/2014,2,4
11/17/2014,5,5
11/18/2014,7,8
11/19/2014,8,8
11/20/2014,8,5
11/21/2014,7,2
11/22/2014,2,5
11/23/2014,0,7
11/24/2014,7,5
11/25/2014,5,6
11/26/2014,6,6
11/27/2014,1,4
11/28/2014,5,7
11/29/2014,0,4
11/30/2014,2,2
12/1/2014,5,5
12/2/2014,7,7
12/3/2014,8,6
12/4/2014,4,6
12/5/2014,6,6
12/6/2014,2,4
12/7/2014,0,3
12/8/2014,5,6
12/9/2014,6,4
12/10/2014,8,6
12/11/2014,5,5
12/12/2014,5,7
12/13/2014,3,4
12/14/2014,0,2
12/15/2014,7,5
12/16/2014,7,7
12/17/2014,10,4
12/18/2014,6,5
12/19/2014,7,5
12/20/2014,2,5
12/21/2014,0,0
12/22/2014,4,3
12/23/2014,5,5
12/24/2014,5,2
12/25/2014,3,4
12/26/2014,6,4
12/27/2014,2,2
12/28/2014,2,0
12/29/2014,5,2
12/30/2014,6,7
12/31/2014,6,4
1/1/2015,0,5
1/2/2015,4,5
1/3/2015,3,5
1/4/2015,2,2
1/5/2015,6,6
1/6/2015,8,3
1/7/2015,9,3
1/8/2015,7,7
1/9/2015,6,5
1/10/2015,1,3
1/11/2015,3,3
1/12/2015,6,5
1/13/2015,5,5
1/14/2015,7,9
1/15/2015,5,7
1/16/2015,10,6
1/17/2015,5,3
1/18/2015,4,3
1/19/2015,3,2
1/20/2015,34,14
1/21/2015,48,38
1/22/2015,26,22
1/23/2015,18,24
1/24/2015,4,14
1/25/2015,3,7
1/26/2015,15,11
1/27/2015,11,10
1/28/2015,10,10
1/29/2015,14,9
1/30/2015,8,11
1/31/2015,0,4
2/1/2015,3,3
2/2/2015,7,9
2/3/2015,8,8
2/4/2015,8,10
2/5/2015,9,10
2/6/2015,5,9
2/7/2015,2,6
2/8/2015,0,7
2/9/2015,6,7
2/10/2015,7,7
2/11/2015,10,12
2/12/2015,9,7
2/13/2015,8,9
2/14/2015,0,3
2/15/2015,2,0
2/16/2015,2,7
2/17/2015,8,7
2/18/2015,8,12
2/19/2015,8,5
2/20/2015,9,6
2/21/2015,2,4
2/22/2015,0,4
2/23/2015,5,8
2/24/2015,8,7
2/25/2015,8,7
2/26/2015,6,7
2/27/2015,6,11
2/28/2015,5,8
3/1/2015,1,2
3/2/2015,2,6
3/3/2015,5,11
3/4/2015,3,6
3/5/2015,3,6
3/6/2015,4,9
3/7/2015,0,5
3/8/2015,2,3
3/9/2015,6,8
3/10/2015,6,4
3/11/2015,3,6
3/12/2015,6,9
3/13/2015,7,7
3/14/2015,3,3
3/15/2015,1,2
3/16/2015,9,9
3/17/2015,5,5
3/18/2015,6,5
3/19/2015,5,4
3/20/2015,6,8
3/21/2015,1,6
3/22/2015,1,4
3/23/2015,5,3
3/24/2015,4,7
3/25/2015,8,4
3/26/2015,11,9
3/27/2015,5,8
3/28/2015,3,2
3/29/2015,0,3
3/30/2015,4,7
3/31/2015,4,4
4/1/2015,7,5
4/2/2015,4,7
4/3/2015,4,3
4/4/2015,0,5
4/5/2015,0,3
4/6/2015,8,7
4/7/2015,5,2
4/8/2015,6,5
4/9/2015,7,6
4/10/2015,9,12
4/11/2015,2,7
4/12/2015,3,3
4/13/2015,15,12
4/14/2015,16,15
4/15/2015,41,19
4/16/2015,59,68
4/17/2015,50,44
4/18/2015,10,17
4/19/2015,6,15
4/20/2015,21,18
4/21/2015,13,18
4/22/2015,12,19
4/23/2015,13,15
4/24/2015,9,12
4/25/2015,1,6
4/26/2015,3,7
4/27/2015,12,15
4/28/2015,9,11
4/29/2015,6,7
4/30/2015,5,8
5/1/2015,8,10
5/1/2015,8,10
5/2/2015,4,4
5/3/2015,2,9
5/4/2015,5,10
5/5/2015,11,10
5/6/2015,7,10
5/7/2015,6,8
5/8/2015,7,10
5/9/2015,2,7
5/10/2015,1,8
5/11/2015,9,12
5/12/2015,10,9
5/13/2015,6,8
5/14/2015,7,7
5/15/2015,24,20
5/16/2015,7,14
5/17/2015,2,10
5/18/2015,11,15
5/19/2015,15,13
5/20/2015,12,10
5/21/2015,9,10
5/22/2015,8,10
5/23/2015,3,7
5/24/2015,3,3
5/25/2015,1,5
5/26/2015,5,11
5/27/2015,9,9
5/28/2015,8,9
5/29/2015,8,8
5/30/2015,2,8
5/31/2015,0,5
6/1/2015,5,11
6/2/2015,6,8
6/3/2015,7,9
6/4/2015,8,10
6/5/2015,7,9
6/6/2015,3,6
6/7/2015,1,6
6/8/2015,5,10
6/9/2015,15,16
6/10/2015,25,25
6/11/2015,19,20
6/12/2015,12,15
6/13/2015,5,8
6/14/2015,2,8
6/15/2015,12,11
6/16/2015,12,13
6/17/2015,6,12
6/18/2015,7,11
6/19/2015,7,11
6/20/2015,4,6
6/21/2015,2,7
6/22/2015,12,14
6/23/2015,20,31
6/24/2015,50,71
6/25/2015,29,43
6/26/2015,18,24
6/27/2015,6,21
6/28/2015,4,12
6/29/2015,18,20
6/30/2015,15,22
7/1/2015,16,19
7/2/2015,11,14
7/3/2015,5,8
7/4/2015,3,7
7/5/2015,3,6
7/6/2015,10,15
7/7/2015,14,13
7/8/2015,16,17
7/9/2015,8,12
7/10/2015,16,20
7/11/2015,5,10
7/12/2015,2,7
7/13/2015,26,30
7/14/2015,28,29
7/15/2015,82,72
7/16/2015,100,100
7/17/2015,62,72
7/18/2015,12,25
7/19/2015,4,12
7/20/2015,31,30
7/21/2015,29,34
7/22/2015,21,29
7/23/2015,22,17
7/24/2015,21,24
7/25/2015,6,13
7/26/2015,2,13
7/27/2015,15,21
7/28/2015,14,22
7/29/2015,17,19
7/30/2015,20,20
7/31/2015,20,18
8/1/2015,6,10
8/2/2015,5,11
8/3/2015,14,15
8/4/2015,25,26
8/5/2015,32,36
8/6/2015,29,32
8/7/2015,21,31
8/8/2015,6,11
8/9/2015,0,10
8/10/2015,20,22
8/11/2015,22,22
8/12/2015,20,20
8/13/2015,13,19
8/14/2015,19,18
8/15/2015,4,12
8/16/2015,5,9
8/17/2015,16,13
8/18/2015,14,16
8/19/2015,14,15
8/20/2015,24,23
8/21/2015,36,41
8/22/2015,9,20
8/23/2015,6,15
8/24/2015,53,77
8/25/2015,59,69
8/26/2015,43,42
8/27/2015,42,40
8/28/2015,35,29
8/29/2015,8,18
8/30/2015,2,11
8/31/2015,27,25
9/1/2015,36,32
9/2/2015,39,38
9/3/2015,41,33
9/4/2015,37,29
9/5/2015,7,15
9/6/2015,4,11
9/7/2015,5,7
9/8/2015,39,32
9/9/2015,39,33
9/10/2015,31,30
9/11/2015,18,22
9/12/2015,7,10
9/13/2015,4,6
9/14/2015,25,16
9/15/2015,26,23
9/16/2015,28,27
9/17/2015,24,21
9/18/2015,29,21
9/19/2015,4,9
9/20/2015,2,6
9/21/2015,19,17
9/22/2015,17,16
9/23/2015,16,14
9/24/2015,25,19
9/25/2015,23,24
9/26/2015,7,8
9/27/2015,6,6
9/28/2015,19,17
9/29/2015,14,16
9/30/2015,19,18
10/1/2015,16,14
10/2/2015,18,23
10/3/2015,5,9
10/4/2015,4,8
10/5/2015,24,14
10/6/2015,18,19
10/7/2015,22,15
10/8/2015,24,18
10/9/2015,27,23
10/10/2015,4,12
10/11/2015,3,6
10/12/2015,23,15
10/13/2015,27,18
10/14/2015,68,29
10/15/2015,64,48
10/16/2015,32,28
10/17/2015,4,8
10/18/2015,5,8
10/19/2015,23,16
10/20/2015,21,18
10/21/2015,23,14
10/22/2015,20,15
10/23/2015,27,24
10/24/2015,6,9
10/25/2015,3,8
10/26/2015,19,17
10/27/2015,19,18
10/28/2015,15,19
10/29/2015,15,16
10/30/2015,18,15
10/31/2015,4,4
11/1/2015,1,7
11/2/2015,17,13
11/3/2015,20,18
11/4/2015,19,15
11/5/2015,21,16
11/6/2015,21,17
11/7/2015,4,9
11/8/2015,1,8
11/9/2015,14,12
11/10/2015,11,13
11/11/2015,14,13
11/12/2015,14,14
11/13/2015,17,14
11/14/2015,5,5
11/15/2015,3,4
11/16/2015,16,12
11/17/2015,17,18
11/18/2015,24,17
11/19/2015,23,17
11/20/2015,19,20
11/21/2015,5,10
11/22/2015,5,5
11/23/2015,16,18
11/24/2015,14,14
11/25/2015,16,12
11/26/2015,4,6
11/27/2015,9,10
11/28/2015,1,6
11/29/2015,3,7
11/30/2015,16,12
12/1/2015,17,15
12/2/2015,17,22
12/3/2015,21,18
12/4/2015,17,13
12/5/2015,7,9
12/6/2015,4,6
12/7/2015,12,15
12/8/2015,18,17
12/9/2015,15,17
12/10/2015,15,13
12/11/2015,14,16
12/12/2015,5,13
12/13/2015,2,6
12/14/2015,17,13
12/15/2015,16,14
12/16/2015,16,18
12/17/2015,17,14
12/18/2015,13,15
12/19/2015,4,7
12/20/2015,3,4
12/21/2015,13,12
12/22/2015,13,12
12/23/2015,10,12
12/24/2015,8,9
12/25/2015,3,5
12/26/2015,5,5
12/27/2015,1,5
12/28/2015,11,11
12/29/2015,13,10
12/30/2015,15,12
12/31/2015,11,12
1/1/2016,2,6
1/1/2016,2,5
1/2/2016,2,6
1/3/2016,2,3
1/4/2016,24,15
1/5/2016,20,17
1/6/2016,32,38
1/7/2016,39,45
1/8/2016,23,24
1/9/2016,7,13
1/10/2016,4,6
1/11/2016,14,18
1/12/2016,18,12
1/13/2016,21,22
1/14/2016,24,22
1/15/2016,25,22
1/16/2016,3,12
1/17/2016,4,10
1/18/2016,7,12
1/19/2016,56,35
1/20/2016,61,46
1/21/2016,35,26
1/22/2016,27,26
1/23/2016,8,8
1/24/2016,5,6
1/25/2016,17,17
1/26/2016,23,16
1/27/2016,26,20
1/28/2016,34,24
1/29/2016,24,25
1/30/2016,9,11
1/31/2016,4,6
2/1/2016,22,17
2/2/2016,19,18
2/3/2016,24,17
2/4/2016,23,16
2/5/2016,28,24
2/6/2016,8,10
2/7/2016,3,8
2/8/2016,25,22
2/9/2016,24,18
2/10/2016,18,21
2/11/2016,26,18
2/12/2016,16,17
2/13/2016,4,7
2/14/2016,1,4
2/15/2016,3,6
2/16/2016,16,14
2/17/2016,19,16
2/18/2016,16,13
2/19/2016,12,16
2/20/2016,2,7
2/21/2016,1,5
2/22/2016,16,11
2/23/2016,13,13
2/24/2016,13,13
2/25/2016,13,14
2/26/2016,14,14
2/27/2016,4,4
2/28/2016,2,4
2/29/2016,14,10
3/1/2016,17,15
3/2/2016,20,14
3/3/2016,15,10
3/4/2016,16,18
3/5/2016,2,6
3/6/2016,4,5
3/7/2016,18,17
3/8/2016,20,15
3/9/2016,16,12
3/10/2016,13,12
3/11/2016,10,13
3/12/2016,3,4
3/13/2016,3,3
3/14/2016,16,11
3/15/2016,13,10
3/16/2016,13,10
3/17/2016,15,10
3/18/2016,16,11
3/19/2016,1,6
3/20/2016,3,5
3/21/2016,13,11
3/22/2016,11,10
3/23/2016,12,11
3/24/2016,10,10
3/25/2016,5,9
3/26/2016,1,4
3/27/2016,2,3
3/28/2016,11,13
3/29/2016,15,12
3/30/2016,15,12
3/31/2016,13,11
4/1/2016,16,11
4/2/2016,4,3
4/3/2016,0,4
4/4/2016,10,9
4/5/2016,11,8
4/6/2016,11,14
4/7/2016,10,10
4/8/2016,16,12
4/9/2016,2,4
4/10/2016,1,5
4/11/2016,14,10
4/12/2016,12,11
4/13/2016,16,13
4/14/2016,17,16
4/15/2016,14,11
4/16/2016,4,5
4/17/2016,3,3
4/18/2016,64,29
4/19/2016,70,48
4/20/2016,36,28
4/21/2016,33,20
4/22/2016,16,17
4/23/2016,4,4
4/24/2016,2,3
4/25/2016,13,10
4/26/2016,16,12
4/27/2016,20,16
4/28/2016,19,14
4/29/2016,20,14
4/30/2016,4,3
5/1/2016,3,5
5/2/2016,17,12
5/3/2016,18,16
5/4/2016,13,7
5/5/2016,11,12
5/6/2016,13,14
5/7/2016,4,4
5/8/2016,3,2
5/9/2016,12,10
5/10/2016,15,12
5/11/2016,14,9
5/12/2016,15,13
5/13/2016,13,13
5/14/2016,3,3
5/15/2016,3,5
5/16/2016,14,12
5/17/2016,14,13
5/18/2016,13,11
5/19/2016,11,11
5/20/2016,10,14
5/21/2016,2,4
5/22/2016,3,3
5/23/2016,17,12
5/24/2016,22,14
5/25/2016,23,17
5/26/2016,22,17
5/27/2016,23,16
5/28/2016,2,6
5/29/2016,3,4
5/30/2016,4,4
5/31/2016,14,11
6/1/2016,12,9
6/2/2016,14,13
6/3/2016,14,8
6/4/2016,0,6
6/5/2016,3,4
6/6/2016,9,9
6/7/2016,9,9
6/8/2016,12,10
6/9/2016,14,9
6/10/2016,15,11
6/11/2016,3,4
6/12/2016,1,3
6/13/2016,10,11
6/14/2016,13,8
6/15/2016,11,5
6/16/2016,12,6
6/17/2016,9,13
6/18/2016,3,4
6/19/2016,1,4
6/20/2016,10,7
6/21/2016,14,9
6/22/2016,16,7
6/23/2016,15,11
6/24/2016,19,12
6/25/2016,3,6
6/26/2016,3,4
6/27/2016,16,10
6/28/2016,15,14
6/29/2016,19,12
6/30/2016,21,12
7/1/2016,20,15
7/2/2016,6,6
7/3/2016,5,7
7/4/2016,1,5
7/5/2016,15,10
7/6/2016,20,8
7/7/2016,16,10
7/8/2016,15,11
7/9/2016,4,5
7/10/2016,0,1
7/11/2016,17,12
7/12/2016,15,15
7/13/2016,14,8
7/14/2016,13,11
7/15/2016,15,10
7/16/2016,3,5
7/17/2016,3,3
7/18/2016,71,36
7/19/2016,100,63
7/20/2016,47,34
7/21/2016,32,24
7/22/2016,22,15
7/23/2016,2,8
7/24/2016,5,5
7/25/2016,20,10
7/26/2016,28,20
7/27/2016,25,17
7/28/2016,17,13
7/29/2016,16,19
7/30/2016,3,6
7/31/2016,3,1
8/1/2016,15,10
8/2/2016,18,9
8/3/2016,17,9
8/4/2016,12,11
8/5/2016,18,12
8/6/2016,3,5
8/7/2016,2,1
8/8/2016,15,11
8/9/2016,14,9
8/10/2016,11,12
8/11/2016,15,9
8/12/2016,9,9
8/13/2016,5,2
8/14/2016,2,2
8/15/2016,12,6
8/16/2016,10,8
8/17/2016,10,7
8/18/2016,10,5
8/19/2016,13,6
8/20/2016,0,4
8/21/2016,1,4
8/22/2016,7,5
8/23/2016,8,7
8/24/2016,9,7
8/25/2016,15,7
8/26/2016,10,6
8/27/2016,4,3
8/28/2016,2,3
8/29/2016,11,11
8/30/2016,13,7
8/31/2016,7,9
9/1/2016,5,6
9/1/2016,7,7
9/2/2016,12,6
9/3/2016,3,3
9/4/2016,2,6
9/5/2016,3,3
9/6/2016,14,12
9/7/2016,15,15
9/8/2016,15,12
9/9/2016,10,10
9/10/2016,4,6
9/11/2016,2,2
9/12/2016,17,9
9/13/2016,13,8
9/14/2016,19,7
9/15/2016,13,9
9/16/2016,13,10
9/17/2016,4,4
9/18/2016,0,4
9/19/2016,11,8
9/20/2016,11,6
9/21/2016,16,14
9/22/2016,13,9
9/23/2016,13,6
9/24/2016,3,5
9/25/2016,6,4
9/26/2016,13,6
9/27/2016,13,10
9/28/2016,9,10
9/29/2016,13,7
9/30/2016,11,9
10/1/2016,3,3
10/2/2016,4,5
10/3/2016,23,13
10/4/2016,22,14
10/5/2016,22,17
10/6/2016,21,19
10/7/2016,12,12
10/8/2016,3,7
10/9/2016,2,3
10/10/2016,15,8
10/11/2016,16,14
10/12/2016,14,10
10/13/2016,14,14
10/14/2016,14,11
10/15/2016,4,9
10/16/2016,1,4
10/17/2016,83,48
10/18/2016,100,100
10/19/2016,47,47
10/20/2016,31,27
10/21/2016,29,26
10/22/2016,11,12
10/23/2016,6,7
10/24/2016,29,23
10/25/2016,22,22
10/26/2016,20,17
10/27/2016,16,17
10/28/2016,20,18
10/29/2016,4,6
10/30/2016,3,6
10/31/2016,12,14
11/1/2016,15,15
11/2/2016,13,16
11/3/2016,11,15
11/4/2016,8,12
11/5/2016,3,6
11/6/2016,3,3
11/7/2016,14,8
11/8/2016,11,11
11/9/2016,22,19
11/10/2016,16,20
11/11/2016,12,13
11/12/2016,3,8
11/13/2016,2,6
11/14/2016,11,9
11/15/2016,13,17
11/16/2016,14,12
11/17/2016,12,10
11/18/2016,11,10
11/19/2016,2,5
11/20/2016,1,3
11/21/2016,12,13
11/22/2016,12,15
11/23/2016,8,10
11/24/2016,3,5
11/25/2016,2,3
11/26/2016,3,4
11/27/2016,3,7
11/28/2016,9,8
11/29/2016,12,12
11/30/2016,14,14
12/1/2016,12,14
12/2/2016,12,11
12/3/2016,4,3
12/4/2016,1,5
12/5/2016,9,12
12/6/2016,17,13
12/7/2016,12,16
12/8/2016,11,13
12/9/2016,11,9
12/10/2016,3,4
12/11/2016,3,3
12/12/2016,9,11
12/13/2016,12,9
12/14/2016,11,10
12/15/2016,14,11
12/16/2016,11,8
12/17/2016,1,5
12/18/2016,2,3
12/19/2016,12,11
12/20/2016,11,9
12/21/2016,11,10
12/22/2016,6,8
12/23/2016,7,8
12/24/2016,1,4
12/25/2016,3,5
12/26/2016,0,9
12/27/2016,13,11
12/28/2016,9,8
12/29/2016,9,9
12/30/2016,9,9
12/31/2016,3,5
1/1/2017,4,6
1/2/2017,2,8
1/3/2017,12,10
1/4/2017,12,10
1/5/2017,12,13
1/6/2017,15,13
1/7/2017,3,7
1/8/2017,4,8
1/9/2017,13,12
1/10/2017,14,8
1/11/2017,9,11
1/12/2017,12,16
1/13/2017,13,15
1/14/2017,6,7
1/15/2017,5,14
1/16/2017,8,16
1/17/2017,23,18
1/18/2017,68,35
1/19/2017,75,63
1/20/2017,35,32
1/21/2017,5,13
1/22/2017,0,12
1/23/2017,15,13
1/24/2017,15,19
1/25/2017,20,20
1/26/2017,12,19
1/27/2017,18,16
1/28/2017,6,9
1/29/2017,2,10
1/30/2017,12,17
1/31/2017,18,18
2/1/2017,16,13
2/2/2017,16,12
2/3/2017,11,17
2/4/2017,5,7
2/5/2017,1,7
2/6/2017,10,15
2/7/2017,16,17
2/8/2017,18,16
2/9/2017,15,39
2/10/2017,13,29
2/11/2017,3,12
2/12/2017,1,13
2/13/2017,11,20
2/14/2017,16,20
2/15/2017,11,24
2/16/2017,11,16
2/17/2017,11,14
2/18/2017,2,8
2/19/2017,1,8
2/20/2017,0,8
2/21/2017,9,12
2/22/2017,11,13
2/23/2017,9,13
2/24/2017,7,18
2/25/2017,3,6
2/26/2017,0,8
2/27/2017,11,15
2/28/2017,9,17
3/1/2017,13,17
3/2/2017,11,17
3/3/2017,13,24
3/4/2017,5,8
3/5/2017,1,7
3/6/2017,13,16
3/7/2017,9,18
3/8/2017,10,18
3/9/2017,10,13
3/10/2017,7,13
3/11/2017,3,7
3/12/2017,3,7
3/13/2017,11,16
3/14/2017,7,12
3/15/2017,15,17
3/16/2017,10,11
3/17/2017,12,14
3/18/2017,1,5
3/19/2017,3,6
3/20/2017,10,14
3/21/2017,9,14
3/22/2017,12,15
3/23/2017,13,19
3/24/2017,11,12
3/25/2017,2,5
3/26/2017,1,8
3/27/2017,12,14
3/28/2017,12,12
3/29/2017,13,17
3/30/2017,10,15
3/31/2017,8,15
4/1/2017,3,5
4/2/2017,3,6
4/3/2017,8,14
4/4/2017,12,17
4/5/2017,11,15
4/6/2017,10,15
4/7/2017,9,11
4/8/2017,3,5
4/9/2017,1,6
4/10/2017,11,15
4/11/2017,10,13
4/12/2017,16,13
4/13/2017,11,15
4/14/2017,5,7
4/15/2017,3,6
4/16/2017,3,5
4/17/2017,63,40
4/18/2017,49,42
4/19/2017,24,17
4/20/2017,16,19
4/21/2017,16,14
4/22/2017,2,7
4/23/2017,3,7
4/24/2017,16,15
4/25/2017,28,29
4/26/2017,21,20
4/27/2017,20,20
4/28/2017,17,16
4/29/2017,4,8
4/30/2017,6,6
5/1/2017,16,23
5/1/2017,14,20
5/2/2017,15,16
5/3/2017,12,21
5/4/2017,11,16
5/5/2017,10,16
5/6/2017,2,11
5/7/2017,0,6
5/8/2017,11,15
5/9/2017,10,12
5/10/2017,13,13
5/11/2017,11,16
5/12/2017,13,19
5/13/2017,6,8
5/14/2017,1,5
5/15/2017,10,12
5/16/2017,11,16
5/17/2017,7,14
5/18/2017,11,12
5/19/2017,10,12
5/20/2017,3,3
5/21/2017,1,5
5/22/2017,12,9
5/23/2017,11,13
5/24/2017,10,16
5/25/2017,12,18
5/26/2017,15,12
5/27/2017,3,8
5/28/2017,0,3
5/29/2017,3,7
5/30/2017,14,14
5/31/2017,11,16
6/1/2017,10,17
6/2/2017,10,15
6/3/2017,1,7
6/4/2017,3,7
6/5/2017,8,15
6/6/2017,11,10
6/7/2017,9,13
6/8/2017,9,12
6/9/2017,14,16
6/10/2017,4,8
6/11/2017,4,8
6/12/2017,16,19
6/13/2017,14,20
6/14/2017,13,11
6/15/2017,14,14
6/16/2017,13,16
6/17/2017,4,6
6/18/2017,0,9
6/19/2017,13,17
6/20/2017,11,12
6/21/2017,12,10
6/22/2017,8,12
6/23/2017,6,10
6/24/2017,3,5
6/25/2017,1,5
6/26/2017,11,9
6/27/2017,11,13
6/28/2017,10,12
6/29/2017,9,14
6/30/2017,12,12
7/1/2017,0,6
7/2/2017,0,5
7/3/2017,7,10
7/4/2017,3,7
7/5/2017,7,12
7/6/2017,9,10
7/7/2017,11,13
7/8/2017,2,6
7/9/2017,0,4
7/10/2017,9,10
7/11/2017,12,10
7/12/2017,12,13
7/13/2017,12,10
7/14/2017,16,12
7/15/2017,5,8
7/16/2017,5,5
7/17/2017,74,51
7/18/2017,100,96
7/19/2017,51,51
7/20/2017,31,27
7/21/2017,22,25
7/22/2017,8,11
7/23/2017,4,10
7/24/2017,16,20
7/25/2017,17,21
7/26/2017,14,22
7/27/2017,19,25
7/28/2017,18,19
7/29/2017,5,8
7/30/2017,4,9
7/31/2017,11,15
8/1/2017,17,18
8/2/2017,20,22
8/3/2017,16,18
8/4/2017,13,17
8/5/2017,2,8
8/6/2017,1,7
8/7/2017,13,19
8/8/2017,30,33
8/9/2017,33,42
8/10/2017,18,28
8/11/2017,15,17
8/12/2017,4,9
8/13/2017,3,7
8/14/2017,14,17
8/15/2017,14,16
8/16/2017,16,20
8/17/2017,12,17
8/18/2017,14,15
8/19/2017,0,10
8/20/2017,2,4
8/21/2017,14,16
8/22/2017,13,14
8/23/2017,9,14
8/24/2017,13,8
8/25/2017,9,13
8/26/2017,2,6
8/27/2017,0,4
8/28/2017,10,8
8/29/2017,10,12
8/30/2017,14,14
8/31/2017,13,13
9/1/2017,9,10
9/2/2017,3,4
9/3/2017,1,4
9/4/2017,2,5
9/5/2017,6,12
9/6/2017,9,12
9/7/2017,16,14
9/8/2017,7,11
9/9/2017,0,8
9/10/2017,3,5
9/11/2017,6,12
9/12/2017,13,14
9/13/2017,11,18
9/14/2017,14,13
9/15/2017,13,12
9/16/2017,2,6
9/17/2017,2,8
9/18/2017,8,15
9/19/2017,12,14
9/20/2017,11,14
9/21/2017,11,15
9/22/2017,13,14
9/23/2017,1,5
9/24/2017,2,6
9/25/2017,17,15
9/26/2017,15,14
9/27/2017,12,16
9/28/2017,10,13
9/29/2017,9,13
9/30/2017,5,6
10/1/2017,3,5
10/2/2017,14,15
10/3/2017,13,14
10/4/2017,14,16
10/5/2017,31,28
10/6/2017,23,27
10/7/2017,5,11
10/8/2017,4,6
10/9/2017,16,19
10/10/2017,12,18
10/11/2017,13,15
10/12/2017,21,19
10/13/2017,23,19
10/14/2017,8,11
10/15/2017,4,6
10/16/2017,69,49
10/17/2017,70,57
10/18/2017,27,28
10/19/2017,23,27
10/20/2017,17,21
10/21/2017,2,8
10/22/2017,1,8
10/23/2017,17,14
10/24/2017,15,19
10/25/2017,16,16
10/26/2017,16,20
10/27/2017,19,19
10/28/2017,5,12
10/29/2017,4,4
10/30/2017,14,18
10/31/2017,14,18
11/1/2017,14,15
11/2/2017,14,14
11/3/2017,13,19
11/4/2017,6,10
11/5/2017,3,7
11/6/2017,11,18
11/7/2017,16,17
11/8/2017,17,21
11/9/2017,11,19
11/10/2017,14,20
11/11/2017,4,10
11/12/2017,2,7
11/13/2017,9,15
11/14/2017,11,15
11/15/2017,12,17
11/16/2017,10,15
11/17/2017,11,17
11/18/2017,2,6
11/19/2017,1,6
11/20/2017,6,16
11/21/2017,12,13
11/22/2017,10,18
11/23/2017,3,11
11/24/2017,5,15
11/25/2017,2,10
11/26/2017,0,7
11/27/2017,10,17
11/28/2017,10,18
11/29/2017,19,24
11/30/2017,17,24
12/1/2017,15,18
12/2/2017,5,10
12/3/2017,3,6
12/4/2017,14,20
12/5/2017,16,19
12/6/2017,14,16
12/7/2017,15,16
12/8/2017,13,16
12/9/2017,2,8
12/10/2017,1,7
12/11/2017,14,16
12/12/2017,10,16
12/13/2017,10,13
12/14/2017,15,25
12/15/2017,15,22
12/16/2017,2,10
12/17/2017,4,6
12/18/2017,13,16
12/19/2017,9,18
12/20/2017,9,11
12/21/2017,10,15
12/22/2017,8,13
12/23/2017,3,9
12/24/2017,0,7
12/25/2017,4,8
12/26/2017,6,14
12/27/2017,8,27
12/28/2017,12,23
12/29/2017,14,17
12/30/2017,5,12
12/31/2017,2,6
1/1/2018,1,8
1/1/2018,0.375,3
1/2/2018,8,11
1/3/2018,8,13
1/4/2018,8,11
1/5/2018,7,8
1/6/2018,2,5
1/7/2018,1,5
1/8/2018,5,9
1/9/2018,6,7
1/10/2018,6,7
1/11/2018,6,10
1/12/2018,7,10
1/13/2018,2,5
1/14/2018,1,3
1/15/2018,2,5
1/16/2018,7,8
1/17/2018,7,9
1/18/2018,7,9
1/19/2018,7,10
1/20/2018,3,4
1/21/2018,1,5
1/22/2018,27,22
1/23/2018,35,40
1/24/2018,17,21
1/25/2018,14,22
1/26/2018,14,18
1/27/2018,3,10
1/28/2018,1,6
1/29/2018,12,16
1/30/2018,13,18
1/31/2018,11,15
2/1/2018,10,12
2/2/2018,10,15
2/3/2018,3,6
2/4/2018,1,4
2/5/2018,10,15
2/6/2018,12,21
2/7/2018,9,14
2/8/2018,9,15
2/9/2018,10,17
2/10/2018,2,6
2/11/2018,1,3
2/12/2018,7,10
2/13/2018,6,11
2/14/2018,9,11
2/15/2018,10,14
2/16/2018,9,15
2/17/2018,3,4
2/18/2018,2,4
2/19/2018,2,4
2/20/2018,7,10
2/21/2018,8,10
2/22/2018,7,9
2/23/2018,7,12
2/24/2018,1,4
2/25/2018,1,4
2/26/2018,8,12
2/27/2018,10,12
2/28/2018,9,12
3/1/2018,7,12
3/2/2018,10,12
3/3/2018,3,11
3/4/2018,3,4
3/5/2018,10,15
3/6/2018,16,19
3/7/2018,15,20
3/8/2018,13,13
3/9/2018,15,18
3/10/2018,5,8
3/11/2018,2,6
3/12/2018,14,19
3/13/2018,14,16
3/14/2018,11,13
3/15/2018,9,11
3/16/2018,10,10
3/17/2018,2,5
3/18/2018,1,3
3/19/2018,10,12
3/20/2018,10,12
3/21/2018,7,10
3/22/2018,10,11
3/23/2018,9,13
3/24/2018,2,6
3/25/2018,2,2
3/26/2018,12,12
3/27/2018,12,13
3/28/2018,16,18
3/29/2018,12,18
3/30/2018,4,10
3/31/2018,2,5
4/1/2018,2,3
4/2/2018,13,13
4/3/2018,11,13
4/4/2018,12,12
4/5/2018,10,12
4/6/2018,10,12
4/7/2018,2,3
4/8/2018,2,2
4/9/2018,9,10
4/10/2018,12,10
4/11/2018,12,11
4/12/2018,13,12
4/13/2018,14,12
4/14/2018,3,4
4/15/2018,3,4
4/16/2018,35,27
4/17/2018,36,41
4/18/2018,20,24
4/19/2018,14,15
4/20/2018,11,13
4/21/2018,2,4
4/22/2018,1,3
4/23/2018,9,13
4/24/2018,11,14
4/25/2018,11,13
4/26/2018,11,11
4/27/2018,12,12
4/28/2018,2,5
4/29/2018,1,4
4/30/2018,8,10
5/1/2018,9,10
5/2/2018,7,9
5/3/2018,7,10
5/4/2018,8,8
5/5/2018,2,4
5/6/2018,1,3
5/7/2018,8,10
5/8/2018,7,9
5/9/2018,8,9
5/10/2018,7,9
5/11/2018,8,9
5/12/2018,2,4
5/13/2018,1,3
5/14/2018,7,7
5/15/2018,6,8
5/16/2018,8,8
5/17/2018,7,6
5/18/2018,6,6
5/19/2018,1,3
5/20/2018,1,3
5/21/2018,7,9
5/22/2018,8,11
5/23/2018,11,14
5/24/2018,14,21
5/25/2018,11,20
5/26/2018,3,7
5/27/2018,1,5
5/28/2018,3,5
5/29/2018,7,11
5/30/2018,8,10
5/31/2018,7,10
6/1/2018,9,11
6/2/2018,2,5
6/3/2018,2,3
6/4/2018,10,12
6/5/2018,9,12
6/6/2018,8,12
6/7/2018,9,11
6/8/2018,8,10
6/9/2018,2,5
6/10/2018,1,4
6/11/2018,7,10
6/12/2018,8,10
6/13/2018,16,18
6/14/2018,15,17
6/15/2018,15,17
6/16/2018,3,4
6/17/2018,1,5
6/18/2018,10,12
6/19/2018,15,18
6/20/2018,20,23
6/21/2018,19,19
6/22/2018,14,16
6/23/2018,4,7
6/24/2018,0,4
6/25/2018,19,20
6/26/2018,16,22
6/27/2018,17,17
6/28/2018,16,16
6/29/2018,13,16
6/30/2018,3,6
7/1/2018,2,3
7/2/2018,11,9
7/3/2018,9,12
7/4/2018,4,6
7/5/2018,12,11
7/6/2018,11,15
7/7/2018,4,5
7/8/2018,2,4
7/9/2018,14,15
7/10/2018,14,17
7/11/2018,15,16
7/12/2018,18,17
7/13/2018,22,21
7/14/2018,6,8
7/15/2018,3,5
7/16/2018,65,46
7/17/2018,89,100
7/18/2018,37,37
7/19/2018,23,25
7/20/2018,21,24
7/21/2018,4,8
7/22/2018,4,6
7/23/2018,19,19
7/24/2018,19,19
7/25/2018,17,19
7/26/2018,19,24
7/27/2018,17,21
7/28/2018,4,5
7/29/2018,3,6
7/30/2018,17,22
7/31/2018,19,23
8/1/2018,14,21
8/2/2018,13,18
8/3/2018,14,15
8/4/2018,4,6
8/5/2018,1,4
8/6/2018,11,14
8/7/2018,14,16
8/8/2018,14,14
8/9/2018,11,13
8/10/2018,10,10
8/11/2018,2,4
8/12/2018,1,3
8/13/2018,12,12
8/14/2018,10,12
8/15/2018,13,16
8/16/2018,13,14
8/17/2018,11,15
8/18/2018,4,6
8/19/2018,2,6
8/20/2018,13,14
8/21/2018,15,14
8/22/2018,12,15
8/23/2018,13,13
8/24/2018,17,18
8/25/2018,4,6
8/26/2018,3,6
8/27/2018,16,17
8/28/2018,15,14
8/29/2018,15,14
8/30/2018,12,14
8/31/2018,12,11
9/1/2018,2,5
9/1/2018,4,9
9/2/2018,4,6
9/3/2018,4,7
9/4/2018,19,24
9/5/2018,30,34
9/6/2018,26,27
9/7/2018,22,27
9/8/2018,5,8
9/9/2018,3,7
9/10/2018,18,22
9/11/2018,20,21
9/12/2018,24,25
9/13/2018,22,29
9/14/2018,23,26
9/15/2018,4,7
9/16/2018,3,7
9/17/2018,17,21
9/18/2018,23,25
9/19/2018,24,27
9/20/2018,21,20
9/21/2018,21,23
9/22/2018,8,9
9/23/2018,3,7
9/24/2018,22,19
9/25/2018,20,23
9/26/2018,25,27
9/27/2018,24,27
9/28/2018,18,22
9/29/2018,4,8
9/30/2018,3,6
10/1/2018,21,21
10/2/2018,20,23
10/3/2018,19,24
10/4/2018,20,23
10/5/2018,25,27
10/6/2018,6,14
10/7/2018,3,6
10/8/2018,22,23
10/9/2018,22,26
10/10/2018,30,38
10/11/2018,33,49
10/12/2018,34,38
10/13/2018,7,11
10/14/2018,3,9
10/15/2018,38,34
10/16/2018,93,77
10/17/2018,91,100
10/18/2018,43,44
10/19/2018,33,34
10/20/2018,8,13
10/21/2018,2,10
10/22/2018,27,32
10/23/2018,28,30
10/24/2018,34,37
10/25/2018,41,38
10/26/2018,30,37
10/27/2018,8,12
10/28/2018,4,9
10/29/2018,29,34
10/30/2018,33,35
10/31/2018,35,35
11/1/2018,33,33
11/2/2018,27,33
11/3/2018,7,11
11/4/2018,3,8
11/5/2018,19,30
11/6/2018,24,27
11/7/2018,24,28
11/8/2018,23,25
11/9/2018,28,30
11/10/2018,6,9
11/11/2018,3,7
11/12/2018,20,23
11/13/2018,25,25
11/14/2018,22,23
11/15/2018,20,26
11/16/2018,19,24
11/17/2018,5,9
11/18/2018,3,9
11/19/2018,22,24
11/20/2018,30,33
11/21/2018,26,27
11/22/2018,4,12
11/23/2018,13,17
11/24/2018,6,8
11/25/2018,3,6
11/26/2018,20,20
11/27/2018,17,22
11/28/2018,24,30
11/29/2018,27,27
11/30/2018,20,25
12/1/2018,5,8
12/2/2018,3,5
12/3/2018,24,25
12/4/2018,20,25
12/5/2018,10,18
12/6/2018,15,24
12/7/2018,20,22
12/8/2018,3,6
12/9/2018,2,7
12/10/2018,19,22
12/11/2018,17,23
12/12/2018,20,22
12/13/2018,16,20
12/14/2018,17,19
12/15/2018,4,8
12/16/2018,2,4
12/17/2018,16,19
12/18/2018,19,21
12/19/2018,17,21
12/20/2018,20,27
12/21/2018,24,27
12/22/2018,7,10
12/23/2018,2,8
12/24/2018,15,18
12/25/2018,5,10
12/26/2018,26,26
12/27/2018,22,25
12/28/2018,16,25
12/29/2018,5,13
12/30/2018,4,10
12/31/2018,18,24
1/1/2019,5,11
1/2/2019,18,28
1/3/2019,26,28
1/4/2019,33,35
1/5/2019,9,12
1/6/2019,4,10
1/7/2019,32,34
1/8/2019,32,30
1/9/2019,30,32
1/10/2019,28,29
1/11/2019,41,38
1/12/2019,11,12
1/13/2019,5,10
1/14/2019,29,30
1/15/2019,55,58
1/16/2019,48,56
1/17/2019,87,67
1/18/2019,89,74
1/19/2019,8,20
1/20/2019,6,12
1/21/2019,8,14
1/22/2019,34,34
1/23/2019,29,31
1/24/2019,24,23
1/25/2019,23,26
1/26/2019,9,10
1/27/2019,6,7
1/28/2019,20,22
1/29/2019,17,24
1/30/2019,23,25
1/31/2019,22,26
2/1/2019,21,25
2/2/2019,5,7
2/3/2019,1,8
2/4/2019,22,25
2/5/2019,25,29
2/6/2019,18,23
2/7/2019,20,22
2/8/2019,12,19
2/9/2019,5,9
2/10/2019,4,8
2/11/2019,18,17
2/12/2019,17,21
2/13/2019,20,22
2/14/2019,18,21
2/15/2019,18,20
2/16/2019,5,7
2/17/2019,1,10
2/18/2019,4,10
2/19/2019,16,17
2/20/2019,16,17
2/21/2019,14,19
2/22/2019,13,18
2/23/2019,6,13
2/24/2019,3,6
2/25/2019,17,20
2/26/2019,19,23
2/27/2019,14,14
2/28/2019,14,16
3/1/2019,14,18
3/2/2019,4,6
3/3/2019,3,4
3/4/2019,13,17
3/5/2019,15,19
3/6/2019,12,17
3/7/2019,13,15
3/8/2019,14,17
3/9/2019,3,7
3/10/2019,0,5
3/11/2019,14,17
3/12/2019,15,15
3/13/2019,13,17
3/14/2019,14,15
3/15/2019,13,17
3/16/2019,4,6
3/17/2019,2,3
3/18/2019,12,18
3/19/2019,15,17
3/20/2019,20,22
3/21/2019,18,21
3/22/2019,16,22
3/23/2019,2,7
3/24/2019,2,5
3/25/2019,20,22
3/26/2019,14,18
3/27/2019,13,16
3/28/2019,16,17
3/29/2019,13,14
3/30/2019,3,5
3/31/2019,1,6
4/1/2019,15,17
4/2/2019,16,18
4/3/2019,18,19
4/4/2019,15,18
4/5/2019,14,18
4/6/2019,3,6
4/7/2019,0,7
4/8/2019,12,15
4/9/2019,16,15
4/10/2019,13,18
4/11/2019,14,17
4/12/2019,32,40
4/13/2019,7,13
4/14/2019,3,10
4/15/2019,21,24
4/16/2019,73,51
4/17/2019,59,48
4/18/2019,24,25
4/19/2019,8,10
4/20/2019,3,5
4/21/2019,2,9
4/22/2019,21,20
4/23/2019,22,27
4/24/2019,20,21
4/25/2019,20,23
4/26/2019,16,19
4/27/2019,3,10
4/28/2019,2,6
4/29/2019,15,20
4/30/2019,14,20
5/1/2019,20,22
5/1/2019,18,20
5/2/2019,14,16
5/3/2019,12,16
5/4/2019,3,7
5/5/2019,2,5
5/6/2019,15,15
5/7/2019,13,13
5/8/2019,15,17
5/9/2019,13,15
5/10/2019,12,18
5/11/2019,2,8
5/12/2019,2,6
5/13/2019,12,16
5/14/2019,14,16
5/15/2019,13,15
5/16/2019,11,17
5/17/2019,9,15
5/18/2019,2,4
5/19/2019,2,4
5/20/2019,9,12
5/21/2019,10,15
5/22/2019,12,16
5/23/2019,11,14
5/24/2019,7,15
5/25/2019,2,6
5/26/2019,2,6
5/27/2019,4,5
5/28/2019,12,11
5/29/2019,10,15
5/30/2019,10,10
5/31/2019,11,12
6/1/2019,2,5
6/2/2019,1,6
6/3/2019,12,15
6/4/2019,14,16
6/5/2019,15,16
6/6/2019,9,15
6/7/2019,10,13
6/8/2019,2,6
6/9/2019,1,7
6/10/2019,13,19
6/11/2019,12,15
6/12/2019,11,16
6/13/2019,10,16
6/14/2019,9,13
6/15/2019,2,8
6/16/2019,1,6
6/17/2019,13,14
6/18/2019,14,18
6/19/2019,12,21
6/20/2019,12,16
6/21/2019,11,14
6/22/2019,2,7
6/23/2019,2,6
6/24/2019,11,15
6/25/2019,10,13
6/26/2019,11,17
6/27/2019,11,11
6/28/2019,8,14
6/29/2019,3,8
6/30/2019,3,5
7/1/2019,14,14
7/2/2019,10,13
7/3/2019,12,19
7/4/2019,4,10
7/5/2019,8,12
7/6/2019,3,8
7/7/2019,3,10
7/8/2019,10,16
7/9/2019,17,20
7/10/2019,13,19
7/11/2019,13,19
7/12/2019,13,16
7/13/2019,4,10
7/14/2019,2,7
7/15/2019,16,20
7/16/2019,16,20
7/17/2019,64,52
7/18/2019,87,100
7/19/2019,38,55
7/20/2019,7,20
7/21/2019,2,13
7/22/2019,27,31
7/23/2019,24,26
7/24/2019,30,31
7/25/2019,22,28
7/26/2019,25,23
7/27/2019,6,11
7/28/2019,2,8
7/29/2019,14,16
7/30/2019,14,19
7/31/2019,12,18
8/1/2019,14,17
8/2/2019,13,15
8/3/2019,2,7
8/4/2019,1,5
8/5/2019,13,17
8/6/2019,16,20
8/7/2019,17,25
8/8/2019,13,16
8/9/2019,13,17
8/10/2019,2,6
8/11/2019,1,6
8/12/2019,12,18
8/13/2019,14,20
8/14/2019,16,22
8/15/2019,14,23
8/16/2019,14,21
8/17/2019,2,9
8/18/2019,1,7
8/19/2019,13,17
8/20/2019,12,17
8/21/2019,12,20
8/22/2019,12,16
8/23/2019,11,16
8/24/2019,3,7
8/25/2019,2,7
8/26/2019,10,16
8/27/2019,11,17
8/28/2019,11,14
8/29/2019,11,15
8/30/2019,11,14
8/31/2019,2,6
9/1/2019,2,5
9/2/2019,2,7
9/3/2019,8,11
9/4/2019,10,14
9/5/2019,12,16
9/6/2019,11,14
9/7/2019,0,8
9/8/2019,2,5
9/9/2019,13,13
9/10/2019,16,20
9/11/2019,12,19
9/12/2019,11,16
9/13/2019,11,14
9/14/2019,1,7
9/15/2019,1,7
9/16/2019,10,15
9/17/2019,11,16
9/18/2019,10,13
9/19/2019,13,16
9/20/2019,23,21
9/21/2019,5,10
9/22/2019,3,8
9/23/2019,15,18
9/24/2019,19,27
9/25/2019,17,25
9/26/2019,12,19
9/27/2019,11,17
9/28/2019,3,7
9/29/2019,4,6
9/30/2019,10,13
10/1/2019,12,16
10/2/2019,12,14
10/3/2019,9,17
10/4/2019,13,17
10/5/2019,2,8
10/6/2019,1,5
10/7/2019,9,15
10/8/2019,9,16
10/9/2019,10,15
10/10/2019,13,13
10/11/2019,14,19
10/12/2019,2,8
10/13/2019,2,6
10/14/2019,12,13
10/15/2019,20,18
10/16/2019,54,43
10/17/2019,58,54
10/18/2019,29,27
10/19/2019,6,10
10/20/2019,3,8
10/21/2019,15,17
10/22/2019,16,22
10/23/2019,14,19
10/24/2019,13,16
10/25/2019,12,17
10/26/2019,2,6
10/27/2019,3,5
10/28/2019,12,15
10/29/2019,10,15
10/30/2019,12,20
10/31/2019,12,16
11/1/2019,10,13
11/2/2019,2,7
11/3/2019,2,5
11/4/2019,8,14
11/5/2019,11,14
11/6/2019,8,12
11/7/2019,10,14
11/8/2019,11,11
11/9/2019,2,8
11/10/2019,2,5
11/11/2019,10,14
11/12/2019,13,20
11/13/2019,12,26
11/14/2019,12,23
11/15/2019,12,19
11/16/2019,4,10
11/17/2019,2,9
11/18/2019,11,15
11/19/2019,11,17
11/20/2019,12,15
11/21/2019,11,19
11/22/2019,12,16
11/23/2019,3,7
11/24/2019,0,5
11/25/2019,10,16
11/26/2019,11,19
11/27/2019,8,12
11/28/2019,2,7
11/29/2019,5,8
11/30/2019,2,6
12/1/2019,1,4
12/2/2019,8,13
12/3/2019,6,14
12/4/2019,9,14
12/5/2019,9,14
12/6/2019,9,12
12/7/2019,2,6
12/8/2019,1,4
12/9/2019,7,10
12/10/2019,10,13
12/11/2019,12,16
12/12/2019,9,12
12/13/2019,9,13
12/14/2019,2,8
12/15/2019,1,5
12/16/2019,10,13
12/17/2019,15,18
12/18/2019,12,17
12/19/2019,16,21
12/20/2019,13,19
12/21/2019,5,10
12/22/2019,1,8
12/23/2019,11,15
12/24/2019,7,18
12/25/2019,3,8
12/26/2019,8,16
12/27/2019,9,18
12/28/2019,4,10
12/29/2019,2,9
12/30/2019,9,15
12/31/2019,9,16
1/1/2020,4,10
1/1/2020,3,7
1/2/2020,7,11
1/3/2020,8,11
1/4/2020,1,6
1/5/2020,0,6
1/6/2020,7,11
1/7/2020,9,13
1/8/2020,8,14
1/9/2020,8,15
1/10/2020,7,13
1/11/2020,3,7
1/12/2020,1,5
1/13/2020,7,11
1/14/2020,7,13
1/15/2020,9,13
1/16/2020,10,13
1/17/2020,11,13
1/18/2020,2,7
1/19/2020,2,6
1/20/2020,4,6
1/21/2020,32,24
1/22/2020,32,32
1/23/2020,19,23
1/24/2020,16,18
1/25/2020,3,7
1/26/2020,1,5
1/27/2020,8,10
1/28/2020,10,13
1/29/2020,8,13
1/30/2020,7,14
1/31/2020,7,15
2/1/2020,3,6
2/2/2020,2,6
2/3/2020,7,13
2/4/2020,12,18
2/5/2020,10,20
2/6/2020,8,14
2/7/2020,9,14
2/8/2020,1,6
2/9/2020,1,5
2/10/2020,6,13
2/11/2020,8,15
2/12/2020,8,11
2/13/2020,7,13
2/14/2020,8,13
2/15/2020,2,7
2/16/2020,2,5
2/17/2020,2,6
2/18/2020,8,15
2/19/2020,9,12
2/20/2020,7,12
2/21/2020,6,13
2/22/2020,1,4
2/23/2020,1,4
2/24/2020,7,14
2/25/2020,8,17
2/26/2020,10,18
2/27/2020,12,24
2/28/2020,11,30
2/29/2020,3,13
3/1/2020,1,8
3/2/2020,8,19
3/3/2020,9,19
3/4/2020,6,15
3/5/2020,7,18
3/6/2020,7,19
3/7/2020,2,9
3/8/2020,2,9
3/9/2020,12,31
3/10/2020,9,29
3/11/2020,10,29
3/12/2020,14,55
3/13/2020,11,53
3/14/2020,4,33
3/15/2020,3,23
3/16/2020,11,53
3/17/2020,10,49
3/18/2020,10,49
3/19/2020,11,50
3/20/2020,10,40
3/21/2020,4,28
3/22/2020,3,24
3/23/2020,14,43
3/24/2020,12,41
3/25/2020,10,35
3/26/2020,9,31
3/27/2020,7,29
3/28/2020,4,18
3/29/2020,1,16
3/30/2020,8,27
3/31/2020,8,26
4/1/2020,8,25
4/2/2020,7,22
4/3/2020,7,20
4/4/2020,2,16
4/5/2020,2,13
4/6/2020,8,21
4/7/2020,9,20
4/8/2020,9,21
4/9/2020,6,23
4/10/2020,2,15
4/11/2020,2,12
4/12/2020,1,10
4/13/2020,13,27
4/14/2020,19,35
4/15/2020,17,37
4/16/2020,24,54
4/17/2020,23,50
4/18/2020,5,23
4/19/2020,4,18
4/20/2020,21,42
4/21/2020,65,83
4/22/2020,47,94
4/23/2020,20,40
4/24/2020,15,32
4/25/2020,4,17
4/26/2020,2,14
4/27/2020,11,24
4/28/2020,10,29
4/29/2020,11,28
4/30/2020,12,26
5/1/2020,8,26
5/2/2020,2,9
5/3/2020,1,11
5/4/2020,10,16
5/5/2020,8,21
5/6/2020,8,21
5/7/2020,8,20
5/8/2020,8,20
5/9/2020,2,11
5/10/2020,1,9
5/11/2020,7,19
5/12/2020,5,16
5/13/2020,8,19
5/14/2020,8,18
5/15/2020,7,18
5/16/2020,2,11
5/17/2020,1,8
5/18/2020,9,16
5/19/2020,7,17
5/20/2020,7,17
5/21/2020,8,19
5/22/2020,9,19
5/23/2020,2,11
5/24/2020,1,9
5/25/2020,2,9
5/26/2020,9,19
5/27/2020,11,23
5/28/2020,10,20
5/29/2020,7,14
5/30/2020,1,9
5/31/2020,2,8
6/1/2020,6,15
6/2/2020,6,12
6/3/2020,9,18
6/4/2020,7,15
6/5/2020,8,16
6/6/2020,1,9
6/7/2020,1,9
6/8/2020,7,17
6/9/2020,8,19
6/10/2020,7,16
6/11/2020,9,21
6/12/2020,7,17
6/13/2020,2,8
6/14/2020,0,7
6/15/2020,6,11
6/16/2020,6,13
6/17/2020,7,17
6/18/2020,7,14
6/19/2020,7,15
6/20/2020,1,6
6/21/2020,1,7
6/22/2020,9,17
6/23/2020,7,18
6/24/2020,7,14
6/25/2020,5,13
6/26/2020,6,16
6/27/2020,2,9
6/28/2020,1,7
6/29/2020,4,13
6/30/2020,7,13
7/1/2020,10,16
7/2/2020,8,19
7/3/2020,3,11
7/4/2020,0,7
7/5/2020,0,7
7/6/2020,10,18
7/7/2020,7,21
7/8/2020,8,18
7/9/2020,9,19
7/10/2020,19,33
7/11/2020,7,19
7/12/2020,4,15
7/13/2020,18,32
7/14/2020,19,31
7/15/2020,21,30
7/16/2020,58,73
7/17/2020,73,100
7/18/2020,9,19
7/19/2020,3,13
7/20/2020,18,31
7/21/2020,14,27
7/22/2020,11,24
7/23/2020,11,25
7/24/2020,10,22
7/25/2020,3,10
7/26/2020,3,9
7/27/2020,10,22
7/28/2020,10,24
7/29/2020,9,20
7/30/2020,11,20
7/31/2020,11,23
8/1/2020,3,11
8/2/2020,1,7
8/3/2020,7,19
8/4/2020,9,20
8/5/2020,8,19
8/6/2020,8,16
8/7/2020,9,17
8/8/2020,3,10
8/9/2020,2,8
8/10/2020,7,17
8/11/2020,9,19
8/12/2020,9,18
8/13/2020,8,19
8/14/2020,7,15
8/15/2020,1,6
8/16/2020,1,7
8/17/2020,8,17
8/18/2020,7,15
8/19/2020,6,15
8/20/2020,7,18
8/21/2020,8,20
8/22/2020,2,9
8/23/2020,1,8
8/24/2020,7,15
8/25/2020,6,15
8/26/2020,19,32
8/27/2020,13,28
8/28/2020,9,22
8/29/2020,2,10
8/30/2020,2,8
8/31/2020,6,17
9/1/2020,10,23
9/1/2020,13,31
9/2/2020,13,31
9/3/2020,11,30
9/4/2020,10,33
9/5/2020,3,12
9/6/2020,2,11
9/7/2020,1,10
9/8/2020,9,28
9/9/2020,10,27
9/10/2020,11,39
9/11/2020,10,53
9/12/2020,4,47
9/13/2020,4,46
9/14/2020,13,71
9/15/2020,14,67
9/16/2020,10,49
9/17/2020,9,39
9/18/2020,9,31
9/19/2020,2,17
9/20/2020,2,14
9/21/2020,7,27
9/22/2020,8,25
9/23/2020,9,24
9/24/2020,8,20
9/25/2020,8,19
9/26/2020,2,9
9/27/2020,2,7
9/28/2020,6,16
9/29/2020,8,19
9/30/2020,7,18
10/1/2020,10,19
10/2/2020,11,23
10/3/2020,2,10
10/4/2020,1,8
10/5/2020,8,21
10/6/2020,7,23
10/7/2020,10,30
10/8/2020,8,23
10/9/2020,9,16
10/10/2020,2,10
10/11/2020,3,9
10/12/2020,8,20
10/13/2020,11,21
10/14/2020,9,21
10/15/2020,11,21
10/16/2020,11,20
10/17/2020,2,9
10/18/2020,2,9
10/19/2020,12,22
10/20/2020,40,45
10/21/2020,41,53
10/22/2020,15,34
10/23/2020,10,24
10/24/2020,3,10
10/25/2020,1,9
10/26/2020,9,21
10/27/2020,11,21
10/28/2020,9,19
10/29/2020,14,24
10/30/2020,13,27
10/31/2020,4,14
11/1/2020,2,6
11/2/2020,9,17
11/3/2020,6,15
11/4/2020,7,15
11/5/2020,9,15
11/6/2020,6,14
11/7/2020,2,8
11/8/2020,1,7
11/9/2020,15,30
11/10/2020,11,28
11/11/2020,9,23
11/12/2020,10,19
11/13/2020,6,15
11/14/2020,2,10
11/15/2020,3,6
11/16/2020,8,17
11/17/2020,7,20
11/18/2020,8,16
11/19/2020,6,19
11/20/2020,7,15
11/21/2020,3,8
11/22/2020,1,9
11/23/2020,7,15
11/24/2020,11,23
11/25/2020,8,16
11/26/2020,2,10
11/27/2020,5,16
11/28/2020,3,9
11/29/2020,1,7
11/30/2020,7,18
12/1/2020,8,20
12/2/2020,9,20
12/3/2020,10,17
12/4/2020,8,20
12/5/2020,2,11
12/6/2020,1,9
12/7/2020,10,15
12/8/2020,8,19
12/9/2020,7,17
12/10/2020,7,19
12/11/2020,7,21
12/12/2020,2,10
12/13/2020,1,7
12/14/2020,6,17
12/15/2020,8,16
12/16/2020,7,17
12/17/2020,6,15
12/18/2020,6,16
12/19/2020,1,10
12/20/2020,1,9
12/21/2020,6,15
12/22/2020,6,16
12/23/2020,4,17
12/24/2020,4,18
12/25/2020,3,10
12/26/2020,1,6
12/27/2020,1,9
12/28/2020,5,16
12/29/2020,8,20
12/30/2020,9,18
12/31/2020,8,19
1/1/2021,2,15
1/2/2021,0,10
1/3/2021,1,10
1/4/2021,6,22
1/5/2021,7,17
1/6/2021,8,18
1/7/2021,7,24
1/8/2021,8,22
1/9/2021,2,13
1/10/2021,1,9
1/11/2021,5,19
1/12/2021,6,23
1/13/2021,7,24
1/14/2021,8,23
1/15/2021,8,23
1/16/2021,2,12
1/17/2021,3,9
1/18/2021,4,13
1/19/2021,35,52
1/20/2021,54,100
1/21/2021,25,52
1/22/2021,12,32
1/23/2021,3,17
1/24/2021,1,15
1/25/2021,10,27
1/26/2021,7,26
1/27/2021,10,34
1/28/2021,9,39
1/29/2021,10,36
1/30/2021,2,22
1/31/2021,2,18
2/1/2021,8,24
2/2/2021,6,27
2/3/2021,8,26
2/4/2021,8,27
2/5/2021,7,26
2/6/2021,2,13
2/7/2021,1,13
2/8/2021,7,20
2/9/2021,7,23
2/10/2021,6,21
2/11/2021,7,22
2/12/2021,6,18
2/13/2021,2,10
2/14/2021,1,10
2/15/2021,2,8
2/16/2021,5,20
2/17/2021,5,19
2/18/2021,5,16
2/19/2021,5,19
2/20/2021,3,10
2/21/2021,0,8
2/22/2021,4,15
2/23/2021,8,20
2/24/2021,4,18
2/25/2021,5,17
2/26/2021,5,18
2/27/2021,2,12
2/28/2021,1,6
3/1/2021,5,15
3/2/2021,5,15
3/3/2021,5,18
3/4/2021,5,16
3/5/2021,6,19
3/6/2021,2,10
3/7/2021,0,7
3/8/2021,3,14
3/9/2021,5,17
3/10/2021,5,12
3/11/2021,4,19
3/12/2021,5,18
3/13/2021,1,11
3/14/2021,1,9
3/15/2021,6,13
3/16/2021,4,17
3/17/2021,5,15
3/18/2021,5,13
3/19/2021,5,15
3/20/2021,2,6
3/21/2021,1,8
3/22/2021,4,12
3/23/2021,6,15
3/24/2021,6,13
3/25/2021,5,16
3/26/2021,5,13
3/27/2021,2,7
3/28/2021,1,5
3/29/2021,4,13
3/30/2021,4,13
3/31/2021,5,12
4/1/2021,5,14
4/2/2021,3,10
4/3/2021,1,5
4/4/2021,0,7
4/5/2021,5,15
4/6/2021,4,13
4/7/2021,4,15
4/8/2021,5,15
4/9/2021,5,15
4/10/2021,1,7
4/11/2021,2,6
4/12/2021,4,14
4/13/2021,6,12
4/14/2021,6,13
4/15/2021,5,14
4/16/2021,5,14
4/17/2021,1,7
4/18/2021,2,7
4/19/2021,7,14
4/20/2021,38,39
4/21/2021,48,80
4/22/2021,17,36
4/23/2021,11,24
4/24/2021,4,22
4/25/2021,3,16
4/26/2021,7,22
4/27/2021,9,17
4/28/2021,7,19
4/29/2021,5,19
4/30/2021,8,16
5/1/2021,0.001,7
5/1/2021,0.003,21
5/2/2021,4,29
5/3/2021,18,40
5/4/2021,18,39
5/5/2021,22,38
5/6/2021,15,36
5/7/2021,14,38
5/8/2021,5,20
5/9/2021,0,16
5/10/2021,21,31
5/11/2021,19,43
5/12/2021,15,41
5/13/2021,12,41
5/14/2021,16,49
5/15/2021,3,22
5/16/2021,5,16
5/17/2021,9,40
5/18/2021,15,38
5/19/2021,9,32
5/20/2021,8,36
5/21/2021,14,32
5/22/2021,6,20
5/23/2021,1,11
5/24/2021,10,32
5/25/2021,11,35
5/26/2021,14,36
5/27/2021,10,33
5/28/2021,9,30
5/29/2021,4,14
5/30/2021,1,20
5/31/2021,7,15
6/1/2021,15,27
6/2/2021,11,32
6/3/2021,11,41
6/4/2021,11,31
6/5/2021,3,23
6/6/2021,5,20
6/7/2021,9,28
6/8/2021,12,27
6/9/2021,13,28
6/10/2021,13,26
6/11/2021,11,31
6/12/2021,0,17
6/13/2021,5,17
6/14/2021,14,39
6/15/2021,13,36
6/16/2021,13,27
6/17/2021,11,29
6/18/2021,13,26
6/19/2021,7,14
6/20/2021,3,18
6/21/2021,17,33
6/22/2021,15,33
6/23/2021,17,35
6/24/2021,15,33
6/25/2021,21,37
6/26/2021,5,18
6/27/2021,0,14
6/28/2021,16,30
6/29/2021,18,34
6/30/2021,14,36
7/1/2021,13,27
7/2/2021,14,34
7/3/2021,5,15
7/4/2021,5,11
7/5/2021,8,16
7/6/2021,10,29
7/7/2021,10,25
7/8/2021,14,29
7/9/2021,13,30
7/10/2021,5,15
7/11/2021,4,11
7/12/2021,13,36
7/13/2021,16,29
7/14/2021,20,33
7/15/2021,32,53
7/16/2021,17,41
7/17/2021,2,18
7/18/2021,3,16
7/19/2021,20,34
7/20/2021,81,71
7/21/2021,75,85
7/22/2021,35,54
7/23/2021,17,36
7/24/2021,5,26
7/25/2021,7,12
7/26/2021,17,32
7/27/2021,11,32
7/28/2021,19,35
7/29/2021,12,30
7/30/2021,14,28
7/31/2021,4,12
8/1/2021,2,14
8/2/2021,10,30
8/3/2021,10,30
8/4/2021,17,29
8/5/2021,15,24
8/6/2021,13,29
8/7/2021,0,20
8/8/2021,2,10
8/9/2021,12,29
8/10/2021,7,28
8/11/2021,8,23
8/12/2021,12,31
8/13/2021,9,26
8/14/2021,1,13
8/15/2021,4,8
8/16/2021,12,29
8/17/2021,10,24
8/18/2021,11,24
8/19/2021,25,32
8/20/2021,22,36
8/21/2021,3,13
8/22/2021,6,18
8/23/2021,14,25
8/24/2021,11,31
8/25/2021,12,29
8/26/2021,8,23
8/27/2021,13,24
8/28/2021,3,15
8/29/2021,0,12
8/30/2021,11,28
8/31/2021,15,24
9/1/2021,21,34
9/2/2021,19,33
9/3/2021,20,33
9/4/2021,9,21
9/5/2021,1,6
9/6/2021,1,14
9/7/2021,16,36
9/8/2021,21,35
9/9/2021,17,32
9/10/2021,20,27
9/11/2021,3,16
9/12/2021,4,8
9/13/2021,14,30
9/14/2021,12,26
9/15/2021,13,26
9/16/2021,15,24
9/17/2021,11,27
9/18/2021,3,12
9/19/2021,3,13
9/20/2021,12,29
9/21/2021,11,25
9/22/2021,12,28
9/23/2021,10,32
9/24/2021,13,25
9/25/2021,5,15
9/26/2021,3,11
9/27/2021,12,29
9/28/2021,13,26
9/29/2021,11,39
9/30/2021,20,36
10/1/2021,16,44
10/2/2021,6,22
10/3/2021,2,20
10/4/2021,14,40
10/5/2021,25,41
10/6/2021,26,41
10/7/2021,21,41
10/8/2021,11,27
10/9/2021,5,24
10/10/2021,4,17
10/11/2021,14,37
10/12/2021,14,28
10/13/2021,14,37
10/14/2021,16,38
10/15/2021,16,37
10/16/2021,4,30
10/17/2021,11,22
10/18/2021,30,52
10/19/2021,84,87
10/20/2021,72,100
10/21/2021,37,67
10/22/2021,17,52
10/23/2021,7,30
10/24/2021,6,23
10/25/2021,16,34
10/26/2021,18,49
10/27/2021,17,39
10/28/2021,17,38
10/29/2021,15,51
10/30/2021,1,25
10/31/2021,3,21
11/1/2021,16,38
11/2/2021,19,34
11/3/2021,17,39
11/4/2021,16,48
11/5/2021,19,44
11/6/2021,3,25
11/7/2021,0,20
11/8/2021,12,43
11/9/2021,13,35
11/10/2021,12,30
11/11/2021,14,43
11/12/2021,13,45
11/13/2021,3,24
11/14/2021,5,17
11/15/2021,12,35
11/16/2021,13,37
11/17/2021,15,43
11/18/2021,16,42
11/19/2021,14,48
11/20/2021,2,21
11/21/2021,3,19
11/22/2021,15,33
11/23/2021,17,35
11/24/2021,12,29
11/25/2021,5,17
11/26/2021,12,30
11/27/2021,0,24
11/28/2021,7,18
11/29/2021,14,38
11/30/2021,12,33
12/1/2021,15,39
12/2/2021,12,42
12/3/2021,12,44
12/4/2021,2,19
12/5/2021,4,18
12/6/2021,12,37
12/7/2021,11,34
12/8/2021,13,31
12/9/2021,7,33
12/10/2021,13,37
12/11/2021,2,18
12/12/2021,5,11
12/13/2021,13,28
12/14/2021,11,36
12/15/2021,11,33
12/16/2021,11,29
12/17/2021,11,28
12/18/2021,4,15
12/19/2021,6,15
12/20/2021,11,26
12/21/2021,13,30
12/22/2021,17,35
12/23/2021,10,29
12/24/2021,3,21
12/25/2021,2,18
12/26/2021,3,17
12/27/2021,8,30
12/28/2021,12,35
12/29/2021,11,37
12/30/2021,16,30
12/31/2021,7,29
1/1/2022,2,27
1/1/2022,0.148148148,2
1/2/2022,0,1
1/3/2022,1,2
1/4/2022,1,3
1/5/2022,1,2
1/6/2022,1,2
1/7/2022,1,2
1/8/2022,0,1
1/9/2022,0,1
1/10/2022,1,2
1/11/2022,1,2
1/12/2022,1,2
1/13/2022,1,2
1/14/2022,1,2
1/15/2022,2,3
1/16/2022,1,1
1/17/2022,0,2
1/18/2022,1,2
1/19/2022,1,2
1/20/2022,8,10
1/21/2022,20,46
1/22/2022,5,18
1/23/2022,2,7
1/24/2022,6,16
1/25/2022,4,11
1/26/2022,3,9
1/27/2022,5,10
1/28/2022,3,8
1/29/2022,1,4
1/30/2022,1,3
1/31/2022,3,8
2/1/2022,3,7
2/2/2022,4,7
2/3/2022,3,9
2/4/2022,2,7
2/5/2022,1,3
2/6/2022,0,2
2/7/2022,2,5
2/8/2022,2,5
2/9/2022,1,4
2/10/2022,1,3
2/11/2022,1,4
2/12/2022,0,2
2/13/2022,0,2
2/14/2022,1,4
2/15/2022,1,3
2/16/2022,1,3
2/17/2022,1,4
2/18/2022,1,4
2/19/2022,0,2
2/20/2022,0,2
2/21/2022,0,2
2/22/2022,1,4
2/23/2022,1,3
2/24/2022,1,4
2/25/2022,1,3
2/26/2022,0,1
2/27/2022,0,1
2/28/2022,1,4
3/1/2022,1,3
3/2/2022,1,3
3/3/2022,1,2
3/4/2022,1,3
3/5/2022,0,1
3/6/2022,0,1
3/7/2022,1,3
3/8/2022,1,3
3/9/2022,1,3
3/10/2022,1,3
3/11/2022,1,3
3/12/2022,0,2
3/13/2022,0,2
3/14/2022,1,4
3/15/2022,1,3
3/16/2022,1,3
3/17/2022,1,3
3/18/2022,1,3
3/19/2022,0,2
3/20/2022,0,2
3/21/2022,1,3
3/22/2022,1,3
3/23/2022,1,2
3/24/2022,1,3
3/25/2022,1,2
3/26/2022,1,1
3/27/2022,0,1
3/28/2022,1,3
3/29/2022,1,3
3/30/2022,1,3
3/31/2022,1,2
4/1/2022,1,3
4/2/2022,0,2
4/3/2022,0,1
4/4/2022,1,3
4/5/2022,1,2
4/6/2022,1,2
4/7/2022,1,2
4/8/2022,1,3
4/9/2022,0,1
4/10/2022,0,1
4/11/2022,1,2
4/12/2022,1,2
4/13/2022,1,2
4/14/2022,1,2
4/15/2022,0,2
4/16/2022,0,1
4/17/2022,0,2
4/18/2022,2,3
4/19/2022,15,22
4/20/2022,36,100
4/21/2022,22,73
4/22/2022,10,34
4/23/2022,3,19
4/24/2022,2,13
4/25/2022,6,24
4/26/2022,5,19
4/27/2022,5,16
4/28/2022,4,15
4/29/2022,4,13
4/30/2022,2,8
5/1/2022,1,5
5/2/2022,4,10
5/3/2022,3,9
5/4/2022,2,9
5/5/2022,3,11
5/6/2022,3,10
5/7/2022,1,6
5/8/2022,1,4
5/9/2022,4,10
5/10/2022,3,10
5/11/2022,4,11
5/12/2022,3,10
5/13/2022,2,8
5/14/2022,1,5
5/15/2022,1,3
5/16/2022,2,7
5/17/2022,2,6
5/18/2022,2,9
5/19/2022,2,7
5/20/2022,2,7
5/21/2022,0,4
5/22/2022,0,3
5/23/2022,2,5
5/24/2022,2,6
5/25/2022,2,5
5/26/2022,1,5
5/27/2022,1,5
5/28/2022,0,2
5/29/2022,0,2
5/30/2022,1,2
5/31/2022,2,4
6/1/2022,1,4
6/2/2022,1,4
6/3/2022,1,4
6/4/2022,1,3
6/5/2022,0,2
6/6/2022,1,4
6/7/2022,1,3
6/8/2022,2,4
6/9/2022,2,4
6/10/2022,2,6
6/11/2022,1,3
6/12/2022,0,3
6/13/2022,2,7
6/14/2022,2,6
6/15/2022,2,5
6/16/2022,2,6
6/17/2022,2,5
6/18/2022,0,2
6/19/2022,0,3
6/20/2022,1,3
6/21/2022,2,4
6/22/2022,1,5
6/23/2022,2,5
6/24/2022,2,6
6/25/2022,0,2
6/26/2022,0,2
6/27/2022,1,4
6/28/2022,1,3
6/29/2022,1,3
6/30/2022,1,4
7/1/2022,1,4
7/2/2022,0,2
7/3/2022,0,2
7/4/2022,0,2
7/5/2022,1,3
7/6/2022,1,3
7/7/2022,1,3
7/8/2022,1,3
7/9/2022,1,2
7/10/2022,0,2
7/11/2022,1,4
7/12/2022,1,3
7/13/2022,1,4
7/14/2022,1,4
7/15/2022,1,4
7/16/2022,1,3
7/17/2022,1,3
7/18/2022,3,6
7/19/2022,11,14
7/20/2022,11,17
7/21/2022,3,7
7/22/2022,2,6
7/23/2022,1,3
7/24/2022,1,3
7/25/2022,1,4
7/26/2022,1,4
7/27/2022,2,4
7/28/2022,2,5
7/29/2022,1,4
7/30/2022,0,2
7/31/2022,0,2
8/1/2022,1,3
8/2/2022,1,3
8/3/2022,1,3
8/4/2022,1,3
8/5/2022,1,3
8/6/2022,0,2
8/7/2022,0,2
8/8/2022,1,4
8/9/2022,1,3
8/10/2022,1,4
8/11/2022,1,4
8/12/2022,1,4
8/13/2022,0,2
8/14/2022,0,1
8/15/2022,1,4
8/16/2022,1,3
8/17/2022,1,3
8/18/2022,1,3
8/19/2022,1,3
8/20/2022,0,2
8/21/2022,0,1
8/22/2022,1,3
8/23/2022,1,3
8/24/2022,1,3
8/25/2022,1,3
8/26/2022,1,2
8/27/2022,0,1
8/28/2022,0,1
8/29/2022,1,3
8/30/2022,1,3
8/31/2022,1,2
9/1/2022,1,2
9/1/2022,6,17
9/2/2022,4,14
9/3/2022,0,8
9/4/2022,1,6
9/5/2022,2,9
9/6/2022,6,16
9/7/2022,6,17
9/8/2022,6,15
9/9/2022,4,15
9/10/2022,2,8
9/11/2022,3,8
9/12/2022,4,17
9/13/2022,6,15
9/14/2022,6,20
9/15/2022,10,18
9/16/2022,9,19
9/17/2022,2,7
9/18/2022,2,8
9/19/2022,9,17
9/20/2022,6,15
9/21/2022,7,22
9/22/2022,6,17
9/23/2022,6,21
9/24/2022,3,9
9/25/2022,1,7
9/26/2022,6,16
9/27/2022,7,14
9/28/2022,10,22
9/29/2022,9,21
9/30/2022,7,19
10/1/2022,2,11
10/2/2022,1,9
10/3/2022,7,15
10/4/2022,7,17
10/5/2022,7,15
10/6/2022,4,14
10/7/2022,7,17
10/8/2022,2,7
10/9/2022,3,6
10/10/2022,6,14
10/11/2022,7,17
10/12/2022,8,15
10/13/2022,12,20
10/14/2022,9,18
10/15/2022,2,12
10/16/2022,2,7
10/17/2022,14,19
10/18/2022,61,59
10/19/2022,61,100
10/20/2022,23,38
10/21/2022,16,31
10/22/2022,4,13
10/23/2022,5,9
10/24/2022,13,28
10/25/2022,11,24
10/26/2022,14,25
10/27/2022,16,31
10/28/2022,12,31
10/29/2022,3,10
10/30/2022,1,7
10/31/2022,9,19
11/1/2022,7,21
11/2/2022,9,19
11/3/2022,8,19
11/4/2022,8,19
11/5/2022,2,8
11/6/2022,2,9
11/7/2022,7,18
11/8/2022,8,16
11/9/2022,7,21
11/10/2022,8,25
11/11/2022,7,19
11/12/2022,2,10
11/13/2022,1,8
11/14/2022,10,20
11/15/2022,12,20
11/16/2022,6,19
11/17/2022,9,18
11/18/2022,6,17
11/19/2022,2,9
11/20/2022,2,6
11/21/2022,5,14
11/22/2022,7,14
11/23/2022,7,16
11/24/2022,2,8
11/25/2022,5,10
11/26/2022,1,4
11/27/2022,1,6
11/28/2022,4,13
11/29/2022,5,12
11/30/2022,7,15
12/1/2022,8,14
12/2/2022,8,17
12/3/2022,3,9
12/4/2022,0,6
12/5/2022,5,18
12/6/2022,7,16
12/7/2022,6,16
12/8/2022,6,16
12/9/2022,11,16
12/10/2022,2,8
12/11/2022,2,5
12/12/2022,7,15
12/13/2022,9,16
12/14/2022,4,12
12/15/2022,12,19
12/16/2022,10,19
12/17/2022,1,9
12/18/2022,1,5
12/19/2022,7,16
12/20/2022,9,17
12/21/2022,8,17
12/22/2022,8,16
12/23/2022,6,15
12/24/2022,3,11
12/25/2022,2,7
12/26/2022,1,7
12/27/2022,7,16
12/28/2022,6,19
12/29/2022,9,15
12/30/2022,5,15
12/31/2022,1,7
1/1/2023,1,7
1/2/2023,2,10
1/3/2023,8,16
1/4/2023,7,18
1/5/2023,8,16
1/6/2023,7,14
1/7/2023,3,8
1/8/2023,1,6
1/9/2023,8,15
1/10/2023,9,17
1/11/2023,11,17
1/12/2023,10,18
1/13/2023,8,18
1/14/2023,3,7
1/15/2023,2,6
1/16/2023,4,8
1/17/2023,10,15
1/18/2023,13,19
1/19/2023,52,46
1/20/2023,57,73
1/21/2023,6,17
1/22/2023,2,9
1/23/2023,16,24
1/24/2023,13,24
1/25/2023,11,22
1/26/2023,10,22
1/27/2023,10,21
1/28/2023,3,12
1/29/2023,1,8
1/30/2023,8,17
1/31/2023,7,16
2/1/2023,10,29
2/2/2023,12,46
2/3/2023,16,59
2/4/2023,2,23
2/5/2023,2,17
2/6/2023,8,19
2/7/2023,9,18
2/8/2023,8,16
2/9/2023,9,29
2/10/2023,9,35
2/11/2023,4,35
2/12/2023,3,24
2/13/2023,8,28
2/14/2023,6,22
2/15/2023,5,21
2/16/2023,7,20
2/17/2023,7,16
2/18/2023,2,8
2/19/2023,1,10
2/20/2023,2,12
2/21/2023,4,16
2/22/2023,5,14
2/23/2023,9,20
2/24/2023,7,15
2/25/2023,1,8
2/26/2023,1,7
2/27/2023,4,13
2/28/2023,7,14
3/1/2023,4,12
,3360,3360
